Apache Maven 3.9.16 (2bdd9fddda4b155ebf8000e807eb73fd829a51d5)
Maven home: /usr/share/apache-maven-3.9.16
Java version: 21.0.12.1, vendor: Eclipse Adoptium, runtime: /usr/lib/jvm/temurin-21-jdk-amd64
Default locale: en, platform encoding: UTF-8
OS name: "linux", version: "6.17.0-1022-azure", arch: "amd64", family: "unix"
[INFO] Downloading from central: https://repo.maven.apache.org/maven2/org/eclipse/tycho/tycho-build/5.0.1/tycho-build-5.0.1.pom
[INFO] Downloaded from central: https://repo.maven.apache.org/maven2/org/eclipse/tycho/tycho-build/5.0.1/tycho-build-5.0.1.pom (4.6 kB at 5.9 kB/s)
[INFO] Downloading from central: https://repo.maven.apache.org/maven2/org/eclipse/tycho/tycho/5.0.1/tycho-5.0.1.pom
[INFO] Downloaded from central: https://repo.maven.apache.org/maven2/org/eclipse/tycho/tycho/5.0.1/tycho-5.0.1.pom (22 kB at 576 kB/s)
[INFO] Downloading from central: https://repo.maven.apache.org/maven2/io/takari/maven/takari-smart-builder/1.1.0/takari-smart-builder-1.1.0.pom
[INFO] Downloaded from central: https://repo.maven.apache.org/maven2/io/takari/maven/takari-smart-builder/1.1.0/takari-smart-builder-1.1.0.pom (3.8 kB at 119 kB/s)
[INFO] Downloading from central: https://repo.maven.apache.org/maven2/io/takari/takari/64/takari-64.pom
[INFO] Downloaded from central: https://repo.maven.apache.org/maven2/io/takari/takari/64/takari-64.pom (18 kB at 609 kB/s)
[INFO] Downloading from central: https://repo.maven.apache.org/maven2/org/eclipse/tycho/extras/tycho-pomless/5.0.1/tycho-pomless-5.0.1.pom
[INFO] Downloaded from central: https://repo.maven.apache.org/maven2/org/eclipse/tycho/extras/tycho-pomless/5.0.1/tycho-pomless-5.0.1.pom (2.6 kB at 89 kB/s)
[INFO] Downloading from central: https://repo.maven.apache.org/maven2/org/eclipse/tycho/extras/tycho-extras/5.0.1/tycho-extras-5.0.1.pom
[INFO] Downloaded from central: https://repo.maven.apache.org/maven2/org/eclipse/tycho/extras/tycho-extras/5.0.1/tycho-extras-5.0.1.pom (5.7 kB at 210 kB/s)
[INFO] Downloading from central: https://repo.maven.apache.org/maven2/io/takari/polyglot/polyglot-common/0.8.1/polyglot-common-0.8.1.pom
[INFO] Downloaded from central: https://repo.maven.apache.org/maven2/io/takari/polyglot/polyglot-common/0.8.1/polyglot-common-0.8.1.pom (1.3 kB at 41 kB/s)
[INFO] Downloading from central: https://repo.maven.apache.org/maven2/io/takari/polyglot/polyglot/0.8.1/polyglot-0.8.1.pom
[INFO] Downloaded from central: https://repo.maven.apache.org/maven2/io/takari/polyglot/polyglot/0.8.1/polyglot-0.8.1.pom (10 kB at 385 kB/s)
[INFO] Downloading from central: https://repo.maven.apache.org/maven2/io/takari/takari/70/takari-70.pom
[INFO] Downloaded from central: https://repo.maven.apache.org/maven2/io/takari/takari/70/takari-70.pom (19 kB at 644 kB/s)
[INFO] Downloading from central: https://repo.maven.apache.org/maven2/org/apache/maven/maven/3.9.9/maven-3.9.9.pom
[INFO] Downloaded from central: https://repo.maven.apache.org/maven2/org/apache/maven/maven/3.9.9/maven-3.9.9.pom (28 kB at 982 kB/s)
[INFO] Downloading from central: https://repo.maven.apache.org/maven2/org/apache/maven/maven-parent/43/maven-parent-43.pom
[INFO] Downloaded from central: https://repo.maven.apache.org/maven2/org/apache/maven/maven-parent/43/maven-parent-43.pom (50 kB at 1.9 MB/s)
[INFO] Downloading from central: https://repo.maven.apache.org/maven2/org/apache/apache/33/apache-33.pom
[INFO] Downloaded from central: https://repo.maven.apache.org/maven2/org/apache/apache/33/apache-33.pom (24 kB at 733 kB/s)
[INFO] Downloading from central: https://repo.maven.apache.org/maven2/org/junit/junit-bom/5.10.3/junit-bom-5.10.3.pom
[INFO] Downloaded from central: https://repo.maven.apache.org/maven2/org/junit/junit-bom/5.10.3/junit-bom-5.10.3.pom (5.6 kB at 202 kB/s)
[INFO] Downloading from central: https://repo.maven.apache.org/maven2/commons-io/commons-io/2.21.0/commons-io-2.21.0.pom
[INFO] Downloaded from central: https://repo.maven.apache.org/maven2/commons-io/commons-io/2.21.0/commons-io-2.21.0.pom (21 kB at 632 kB/s)
[INFO] Downloading from central: https://repo.maven.apache.org/maven2/org/apache/commons/commons-parent/91/commons-parent-91.pom
[INFO] Downloaded from central: https://repo.maven.apache.org/maven2/org/apache/commons/commons-parent/91/commons-parent-91.pom (79 kB at 1.7 MB/s)
[INFO] Downloading from central: https://repo.maven.apache.org/maven2/org/apache/apache/35/apache-35.pom
[INFO] Downloaded from central: https://repo.maven.apache.org/maven2/org/apache/apache/35/apache-35.pom (24 kB at 866 kB/s)
[INFO] Downloading from central: https://repo.maven.apache.org/maven2/org/junit/junit-bom/5.13.4/junit-bom-5.13.4.pom
[INFO] Downloaded from central: https://repo.maven.apache.org/maven2/org/junit/junit-bom/5.13.4/junit-bom-5.13.4.pom (5.7 kB at 210 kB/s)
[INFO] Downloading from central: https://repo.maven.apache.org/maven2/org/eclipse/tycho/tycho-metadata-model/5.0.1/tycho-metadata-model-5.0.1.pom
[INFO] Downloaded from central: https://repo.maven.apache.org/maven2/org/eclipse/tycho/tycho-metadata-model/5.0.1/tycho-metadata-model-5.0.1.pom (2.0 kB at 78 kB/s)
[INFO] Downloading from central: https://repo.maven.apache.org/maven2/de/pdark/decentxml/1.4/decentxml-1.4.pom
[INFO] Downloaded from central: https://repo.maven.apache.org/maven2/de/pdark/decentxml/1.4/decentxml-1.4.pom (9.5 kB at 339 kB/s)
[INFO] Downloading from central: https://repo.maven.apache.org/maven2/org/codehaus/plexus/plexus-utils/3.5.1/plexus-utils-3.5.1.pom
[INFO] Downloaded from central: https://repo.maven.apache.org/maven2/org/codehaus/plexus/plexus-utils/3.5.1/plexus-utils-3.5.1.pom (8.8 kB at 251 kB/s)
[INFO] Downloading from central: https://repo.maven.apache.org/maven2/org/codehaus/plexus/plexus/10/plexus-10.pom
[INFO] Downloaded from central: https://repo.maven.apache.org/maven2/org/codehaus/plexus/plexus/10/plexus-10.pom (25 kB at 907 kB/s)
[INFO] Downloading from central: https://repo.maven.apache.org/maven2/biz/aQute/bnd/biz.aQute.repository/7.1.0/biz.aQute.repository-7.1.0.pom
[INFO] Downloaded from central: https://repo.maven.apache.org/maven2/biz/aQute/bnd/biz.aQute.repository/7.1.0/biz.aQute.repository-7.1.0.pom (4.9 kB at 135 kB/s)
[INFO] Downloading from central: https://repo.maven.apache.org/maven2/biz/aQute/bnd/biz.aQute.bnd.util/7.1.0/biz.aQute.bnd.util-7.1.0.pom
[INFO] Downloaded from central: https://repo.maven.apache.org/maven2/biz/aQute/bnd/biz.aQute.bnd.util/7.1.0/biz.aQute.bnd.util-7.1.0.pom (2.7 kB at 127 kB/s)
[INFO] Downloading from central: https://repo.maven.apache.org/maven2/biz/aQute/bnd/biz.aQute.bndlib/7.1.0/biz.aQute.bndlib-7.1.0.pom
[INFO] Downloaded from central: https://repo.maven.apache.org/maven2/biz/aQute/bnd/biz.aQute.bndlib/7.1.0/biz.aQute.bndlib-7.1.0.pom (5.4 kB at 194 kB/s)
[INFO] Downloading from central: https://repo.maven.apache.org/maven2/org/slf4j/slf4j-api/1.7.25/slf4j-api-1.7.25.pom
[INFO] Downloaded from central: https://repo.maven.apache.org/maven2/org/slf4j/slf4j-api/1.7.25/slf4j-api-1.7.25.pom (3.8 kB at 85 kB/s)
[INFO] Downloading from central: https://repo.maven.apache.org/maven2/org/slf4j/slf4j-parent/1.7.25/slf4j-parent-1.7.25.pom
[INFO] Downloaded from central: https://repo.maven.apache.org/maven2/org/slf4j/slf4j-parent/1.7.25/slf4j-parent-1.7.25.pom (14 kB at 365 kB/s)
[INFO] Downloading from central: https://repo.maven.apache.org/maven2/org/osgi/org.osgi.resource/1.0.1/org.osgi.resource-1.0.1.pom
[INFO] Downloaded from central: https://repo.maven.apache.org/maven2/org/osgi/org.osgi.resource/1.0.1/org.osgi.resource-1.0.1.pom (1.6 kB at 52 kB/s)
[INFO] Downloading from central: https://repo.maven.apache.org/maven2/org/eclipse/platform/org.eclipse.osgi/3.23.200/org.eclipse.osgi-3.23.200.pom
[INFO] Downloaded from central: https://repo.maven.apache.org/maven2/org/eclipse/platform/org.eclipse.osgi/3.23.200/org.eclipse.osgi-3.23.200.pom (1.5 kB at 46 kB/s)
[INFO] Downloading from central: https://repo.maven.apache.org/maven2/commons-codec/commons-codec/1.20.0/commons-codec-1.20.0.pom
[INFO] Downloaded from central: https://repo.maven.apache.org/maven2/commons-codec/commons-codec/1.20.0/commons-codec-1.20.0.pom (19 kB at 671 kB/s)
[INFO] Downloading from central: https://repo.maven.apache.org/maven2/org/eclipse/tycho/tycho-buildtimestamp-jgit/5.0.1/tycho-buildtimestamp-jgit-5.0.1.pom
[INFO] Downloaded from central: https://repo.maven.apache.org/maven2/org/eclipse/tycho/tycho-buildtimestamp-jgit/5.0.1/tycho-buildtimestamp-jgit-5.0.1.pom (2.0 kB at 59 kB/s)
[INFO] Downloading from central: https://repo.maven.apache.org/maven2/org/eclipse/tycho/tycho-spi/5.0.1/tycho-spi-5.0.1.pom
[INFO] Downloaded from central: https://repo.maven.apache.org/maven2/org/eclipse/tycho/tycho-spi/5.0.1/tycho-spi-5.0.1.pom (2.4 kB at 81 kB/s)
[INFO] Downloading from central: https://repo.maven.apache.org/maven2/org/eclipse/tycho/tycho-api/5.0.1/tycho-api-5.0.1.pom
[INFO] Downloaded from central: https://repo.maven.apache.org/maven2/org/eclipse/tycho/tycho-api/5.0.1/tycho-api-5.0.1.pom (1.7 kB at 70 kB/s)
[INFO] Downloading from central: https://repo.maven.apache.org/maven2/org/eclipse/platform/org.eclipse.equinox.p2.metadata/2.9.500/org.eclipse.equinox.p2.metadata-2.9.500.pom
[INFO] Downloaded from central: https://repo.maven.apache.org/maven2/org/eclipse/platform/org.eclipse.equinox.p2.metadata/2.9.500/org.eclipse.equinox.p2.metadata-2.9.500.pom (2.2 kB at 94 kB/s)
[INFO] Downloading from central: https://repo.maven.apache.org/maven2/org/eclipse/platform/org.eclipse.equinox.common/3.20.200/org.eclipse.equinox.common-3.20.200.pom
[INFO] Downloaded from central: https://repo.maven.apache.org/maven2/org/eclipse/platform/org.eclipse.equinox.common/3.20.200/org.eclipse.equinox.common-3.20.200.pom (1.8 kB at 63 kB/s)
[INFO] Downloading from central: https://repo.maven.apache.org/maven2/org/eclipse/platform/org.eclipse.equinox.p2.core/2.13.100/org.eclipse.equinox.p2.core-2.13.100.pom
[INFO] Downloaded from central: https://repo.maven.apache.org/maven2/org/eclipse/platform/org.eclipse.equinox.p2.core/2.13.100/org.eclipse.equinox.p2.core-2.13.100.pom (2.5 kB at 98 kB/s)
[INFO] Downloading from central: https://repo.maven.apache.org/maven2/org/eclipse/platform/org.eclipse.equinox.common/3.20.100/org.eclipse.equinox.common-3.20.100.pom
[INFO] Downloaded from central: https://repo.maven.apache.org/maven2/org/eclipse/platform/org.eclipse.equinox.common/3.20.100/org.eclipse.equinox.common-3.20.100.pom (1.8 kB at 77 kB/s)
[INFO] Downloading from central: https://repo.maven.apache.org/maven2/org/bouncycastle/bcpg-jdk18on/1.82/bcpg-jdk18on-1.82.pom
[INFO] Downloaded from central: https://repo.maven.apache.org/maven2/org/bouncycastle/bcpg-jdk18on/1.82/bcpg-jdk18on-1.82.pom (1.8 kB at 58 kB/s)
[INFO] Downloading from central: https://repo.maven.apache.org/maven2/org/bouncycastle/bcprov-jdk18on/1.82/bcprov-jdk18on-1.82.pom
[INFO] Downloaded from central: https://repo.maven.apache.org/maven2/org/bouncycastle/bcprov-jdk18on/1.82/bcprov-jdk18on-1.82.pom (1.2 kB at 45 kB/s)
[INFO] Downloading from central: https://repo.maven.apache.org/maven2/org/bouncycastle/bcutil-jdk18on/1.82/bcutil-jdk18on-1.82.pom
[INFO] Downloaded from central: https://repo.maven.apache.org/maven2/org/bouncycastle/bcutil-jdk18on/1.82/bcutil-jdk18on-1.82.pom (1.3 kB at 52 kB/s)
[INFO] Downloading from central: https://repo.maven.apache.org/maven2/org/eclipse/platform/org.eclipse.equinox.registry/3.12.400/org.eclipse.equinox.registry-3.12.400.pom
[INFO] Downloaded from central: https://repo.maven.apache.org/maven2/org/eclipse/platform/org.eclipse.equinox.registry/3.12.400/org.eclipse.equinox.registry-3.12.400.pom (2.2 kB at 95 kB/s)
[INFO] Downloading from central: https://repo.maven.apache.org/maven2/org/eclipse/platform/org.eclipse.core.runtime/3.34.0/org.eclipse.core.runtime-3.34.0.pom
[INFO] Downloaded from central: https://repo.maven.apache.org/maven2/org/eclipse/platform/org.eclipse.core.runtime/3.34.0/org.eclipse.core.runtime-3.34.0.pom (3.0 kB at 117 kB/s)
[INFO] Downloading from central: https://repo.maven.apache.org/maven2/org/eclipse/platform/org.eclipse.core.jobs/3.15.700/org.eclipse.core.jobs-3.15.700.pom
[INFO] Downloaded from central: https://repo.maven.apache.org/maven2/org/eclipse/platform/org.eclipse.core.jobs/3.15.700/org.eclipse.core.jobs-3.15.700.pom (2.0 kB at 75 kB/s)
[INFO] Downloading from central: https://repo.maven.apache.org/maven2/org/eclipse/platform/org.eclipse.equinox.registry/3.12.500/org.eclipse.equinox.registry-3.12.500.pom
[INFO] Downloaded from central: https://repo.maven.apache.org/maven2/org/eclipse/platform/org.eclipse.equinox.registry/3.12.500/org.eclipse.equinox.registry-3.12.500.pom (2.2 kB at 91 kB/s)
[INFO] Downloading from central: https://repo.maven.apache.org/maven2/org/eclipse/platform/org.eclipse.equinox.preferences/3.12.0/org.eclipse.equinox.preferences-3.12.0.pom
[INFO] Downloaded from central: https://repo.maven.apache.org/maven2/org/eclipse/platform/org.eclipse.equinox.preferences/3.12.0/org.eclipse.equinox.preferences-3.12.0.pom (2.4 kB at 96 kB/s)
[INFO] Downloading from central: https://repo.maven.apache.org/maven2/org/osgi/org.osgi.service.prefs/1.1.2/org.osgi.service.prefs-1.1.2.pom
[INFO] Downloaded from central: https://repo.maven.apache.org/maven2/org/osgi/org.osgi.service.prefs/1.1.2/org.osgi.service.prefs-1.1.2.pom (1.7 kB at 63 kB/s)
[INFO] Downloading from central: https://repo.maven.apache.org/maven2/org/osgi/osgi.annotation/8.0.1/osgi.annotation-8.0.1.pom
[INFO] Downloaded from central: https://repo.maven.apache.org/maven2/org/osgi/osgi.annotation/8.0.1/osgi.annotation-8.0.1.pom (1.5 kB at 59 kB/s)
[INFO] Downloading from central: https://repo.maven.apache.org/maven2/org/eclipse/platform/org.eclipse.core.contenttype/3.9.700/org.eclipse.core.contenttype-3.9.700.pom
[INFO] Downloaded from central: https://repo.maven.apache.org/maven2/org/eclipse/platform/org.eclipse.core.contenttype/3.9.700/org.eclipse.core.contenttype-3.9.700.pom (2.5 kB at 82 kB/s)
[INFO] Downloading from central: https://repo.maven.apache.org/maven2/org/eclipse/platform/org.eclipse.equinox.app/1.7.500/org.eclipse.equinox.app-1.7.500.pom
[INFO] Downloaded from central: https://repo.maven.apache.org/maven2/org/eclipse/platform/org.eclipse.equinox.app/1.7.500/org.eclipse.equinox.app-1.7.500.pom (2.4 kB at 85 kB/s)
[INFO] Downloading from central: https://repo.maven.apache.org/maven2/org/eclipse/platform/org.eclipse.equinox.p2.publisher/1.9.600/org.eclipse.equinox.p2.publisher-1.9.600.pom
[INFO] Downloaded from central: https://repo.maven.apache.org/maven2/org/eclipse/platform/org.eclipse.equinox.p2.publisher/1.9.600/org.eclipse.equinox.p2.publisher-1.9.600.pom (3.3 kB at 96 kB/s)
[INFO] Downloading from central: https://repo.maven.apache.org/maven2/org/eclipse/platform/org.eclipse.equinox.p2.artifact.repository/1.5.800/org.eclipse.equinox.p2.artifact.repository-1.5.800.pom
[INFO] Downloaded from central: https://repo.maven.apache.org/maven2/org/eclipse/platform/org.eclipse.equinox.p2.artifact.repository/1.5.800/org.eclipse.equinox.p2.artifact.repository-1.5.800.pom (4.0 kB at 103 kB/s)
[INFO] Downloading from central: https://repo.maven.apache.org/maven2/org/tukaani/xz/1.10/xz-1.10.pom
[INFO] Downloaded from central: https://repo.maven.apache.org/maven2/org/tukaani/xz/1.10/xz-1.10.pom (1.9 kB at 47 kB/s)
[INFO] Downloading from central: https://repo.maven.apache.org/maven2/org/eclipse/platform/org.eclipse.equinox.p2.jarprocessor/1.3.600/org.eclipse.equinox.p2.jarprocessor-1.3.600.pom
[INFO] Downloaded from central: https://repo.maven.apache.org/maven2/org/eclipse/platform/org.eclipse.equinox.p2.jarprocessor/1.3.600/org.eclipse.equinox.p2.jarprocessor-1.3.600.pom (2.0 kB at 51 kB/s)
[INFO] Downloading from central: https://repo.maven.apache.org/maven2/org/eclipse/platform/org.eclipse.equinox.p2.repository/2.9.500/org.eclipse.equinox.p2.repository-2.9.500.pom
[INFO] Downloaded from central: https://repo.maven.apache.org/maven2/org/eclipse/platform/org.eclipse.equinox.p2.repository/2.9.500/org.eclipse.equinox.p2.repository-2.9.500.pom (3.6 kB at 78 kB/s)
[INFO] Downloading from central: https://repo.maven.apache.org/maven2/org/eclipse/platform/org.eclipse.equinox.security/1.4.700/org.eclipse.equinox.security-1.4.700.pom
[INFO] Downloaded from central: https://repo.maven.apache.org/maven2/org/eclipse/platform/org.eclipse.equinox.security/1.4.700/org.eclipse.equinox.security-1.4.700.pom (3.1 kB at 109 kB/s)
[INFO] Downloading from central: https://repo.maven.apache.org/maven2/org/eclipse/platform/org.eclipse.equinox.p2.metadata.repository/1.5.700/org.eclipse.equinox.p2.metadata.repository-1.5.700.pom
[INFO] Downloaded from central: https://repo.maven.apache.org/maven2/org/eclipse/platform/org.eclipse.equinox.p2.metadata.repository/1.5.700/org.eclipse.equinox.p2.metadata.repository-1.5.700.pom (3.0 kB at 126 kB/s)
[INFO] Downloading from central: https://repo.maven.apache.org/maven2/org/eclipse/jgit/org.eclipse.jgit/7.4.0.202509020913-r/org.eclipse.jgit-7.4.0.202509020913-r.pom
[INFO] Downloaded from central: https://repo.maven.apache.org/maven2/org/eclipse/jgit/org.eclipse.jgit/7.4.0.202509020913-r/org.eclipse.jgit-7.4.0.202509020913-r.pom (7.7 kB at 320 kB/s)
[INFO] Downloading from central: https://repo.maven.apache.org/maven2/org/eclipse/jgit/org.eclipse.jgit-parent/7.4.0.202509020913-r/org.eclipse.jgit-parent-7.4.0.202509020913-r.pom
[INFO] Downloaded from central: https://repo.maven.apache.org/maven2/org/eclipse/jgit/org.eclipse.jgit-parent/7.4.0.202509020913-r/org.eclipse.jgit-parent-7.4.0.202509020913-r.pom (42 kB at 1.6 MB/s)
[INFO] Downloading from central: https://repo.maven.apache.org/maven2/com/googlecode/javaewah/JavaEWAH/1.2.3/JavaEWAH-1.2.3.pom
[INFO] Downloaded from central: https://repo.maven.apache.org/maven2/com/googlecode/javaewah/JavaEWAH/1.2.3/JavaEWAH-1.2.3.pom (6.2 kB at 206 kB/s)
[INFO] Downloading from central: https://repo.maven.apache.org/maven2/org/sonatype/oss/oss-parent/5/oss-parent-5.pom
[INFO] Downloaded from central: https://repo.maven.apache.org/maven2/org/sonatype/oss/oss-parent/5/oss-parent-5.pom (4.1 kB at 157 kB/s)
[INFO] Downloading from central: https://repo.maven.apache.org/maven2/org/slf4j/slf4j-api/1.7.36/slf4j-api-1.7.36.pom
[INFO] Downloaded from central: https://repo.maven.apache.org/maven2/org/slf4j/slf4j-api/1.7.36/slf4j-api-1.7.36.pom (2.7 kB at 144 kB/s)
[INFO] Downloading from central: https://repo.maven.apache.org/maven2/org/slf4j/slf4j-parent/1.7.36/slf4j-parent-1.7.36.pom
[INFO] Downloaded from central: https://repo.maven.apache.org/maven2/org/slf4j/slf4j-parent/1.7.36/slf4j-parent-1.7.36.pom (14 kB at 564 kB/s)
[INFO] Downloading from central: https://repo.maven.apache.org/maven2/commons-codec/commons-codec/1.19.0/commons-codec-1.19.0.pom
[INFO] Downloaded from central: https://repo.maven.apache.org/maven2/commons-codec/commons-codec/1.19.0/commons-codec-1.19.0.pom (18 kB at 819 kB/s)
[INFO] Downloading from central: https://repo.maven.apache.org/maven2/org/apache/commons/commons-parent/85/commons-parent-85.pom
[INFO] Downloaded from central: https://repo.maven.apache.org/maven2/org/apache/commons/commons-parent/85/commons-parent-85.pom (78 kB at 2.8 MB/s)
[INFO] Downloading from central: https://repo.maven.apache.org/maven2/org/junit/junit-bom/5.13.1/junit-bom-5.13.1.pom
[INFO] Downloaded from central: https://repo.maven.apache.org/maven2/org/junit/junit-bom/5.13.1/junit-bom-5.13.1.pom (5.6 kB at 217 kB/s)
[INFO] Downloading from central: https://repo.maven.apache.org/maven2/org/eclipse/platform/org.eclipse.equinox.p2.director/2.6.800/org.eclipse.equinox.p2.director-2.6.800.pom
[INFO] Downloaded from central: https://repo.maven.apache.org/maven2/org/eclipse/platform/org.eclipse.equinox.p2.director/2.6.800/org.eclipse.equinox.p2.director-2.6.800.pom (3.4 kB at 130 kB/s)
[INFO] Downloading from central: https://repo.maven.apache.org/maven2/org/ow2/sat4j/org.ow2.sat4j.core/2.3.6/org.ow2.sat4j.core-2.3.6.pom
[INFO] Downloaded from central: https://repo.maven.apache.org/maven2/org/ow2/sat4j/org.ow2.sat4j.core/2.3.6/org.ow2.sat4j.core-2.3.6.pom (2.2 kB at 71 kB/s)
[INFO] Downloading from central: https://repo.maven.apache.org/maven2/org/ow2/sat4j/org.ow2.sat4j.pom/2.3.6/org.ow2.sat4j.pom-2.3.6.pom
[INFO] Downloaded from central: https://repo.maven.apache.org/maven2/org/ow2/sat4j/org.ow2.sat4j.pom/2.3.6/org.ow2.sat4j.pom-2.3.6.pom (14 kB at 512 kB/s)
[INFO] Downloading from central: https://repo.maven.apache.org/maven2/org/ow2/ow2/1.5/ow2-1.5.pom
[INFO] Downloaded from central: https://repo.maven.apache.org/maven2/org/ow2/ow2/1.5/ow2-1.5.pom (11 kB at 288 kB/s)
[INFO] Downloading from central: https://repo.maven.apache.org/maven2/org/ow2/sat4j/org.ow2.sat4j.pb/2.3.6/org.ow2.sat4j.pb-2.3.6.pom
[INFO] Downloaded from central: https://repo.maven.apache.org/maven2/org/ow2/sat4j/org.ow2.sat4j.pb/2.3.6/org.ow2.sat4j.pb-2.3.6.pom (1.9 kB at 65 kB/s)
[INFO] Downloading from central: https://repo.maven.apache.org/maven2/org/eclipse/platform/org.eclipse.equinox.simpleconfigurator/1.5.600/org.eclipse.equinox.simpleconfigurator-1.5.600.pom
[INFO] Downloaded from central: https://repo.maven.apache.org/maven2/org/eclipse/platform/org.eclipse.equinox.simpleconfigurator/1.5.600/org.eclipse.equinox.simpleconfigurator-1.5.600.pom (1.8 kB at 73 kB/s)
[INFO] Downloading from central: https://repo.maven.apache.org/maven2/org/eclipse/platform/org.eclipse.equinox.p2.engine/2.10.600/org.eclipse.equinox.p2.engine-2.10.600.pom
[INFO] Downloaded from central: https://repo.maven.apache.org/maven2/org/eclipse/platform/org.eclipse.equinox.p2.engine/2.10.600/org.eclipse.equinox.p2.engine-2.10.600.pom (4.0 kB at 183 kB/s)
[INFO] Downloading from central: https://repo.maven.apache.org/maven2/org/eclipse/platform/org.eclipse.osgi.compatibility.state/1.2.1200/org.eclipse.osgi.compatibility.state-1.2.1200.pom
[INFO] Downloaded from central: https://repo.maven.apache.org/maven2/org/eclipse/platform/org.eclipse.osgi.compatibility.state/1.2.1200/org.eclipse.osgi.compatibility.state-1.2.1200.pom (1.8 kB at 71 kB/s)
[INFO] Downloading from central: https://repo.maven.apache.org/maven2/org/eclipse/platform/org.eclipse.equinox.p2.publisher.eclipse/1.6.600/org.eclipse.equinox.p2.publisher.eclipse-1.6.600.pom
[INFO] Downloaded from central: https://repo.maven.apache.org/maven2/org/eclipse/platform/org.eclipse.equinox.p2.publisher.eclipse/1.6.600/org.eclipse.equinox.p2.publisher.eclipse-1.6.600.pom (4.2 kB at 189 kB/s)
[INFO] Downloading from central: https://repo.maven.apache.org/maven2/org/eclipse/platform/org.eclipse.equinox.frameworkadmin/2.3.500/org.eclipse.equinox.frameworkadmin-2.3.500.pom
[INFO] Downloaded from central: https://repo.maven.apache.org/maven2/org/eclipse/platform/org.eclipse.equinox.frameworkadmin/2.3.500/org.eclipse.equinox.frameworkadmin-2.3.500.pom (2.0 kB at 75 kB/s)
[INFO] Downloading from central: https://repo.maven.apache.org/maven2/org/eclipse/platform/org.eclipse.equinox.frameworkadmin.equinox/1.3.400/org.eclipse.equinox.frameworkadmin.equinox-1.3.400.pom
[INFO] Downloaded from central: https://repo.maven.apache.org/maven2/org/eclipse/platform/org.eclipse.equinox.frameworkadmin.equinox/1.3.400/org.eclipse.equinox.frameworkadmin.equinox-1.3.400.pom (2.2 kB at 92 kB/s)
[INFO] Downloading from central: https://repo.maven.apache.org/maven2/org/eclipse/platform/org.eclipse.equinox.frameworkadmin/2.3.400/org.eclipse.equinox.frameworkadmin-2.3.400.pom
[INFO] Downloaded from central: https://repo.maven.apache.org/maven2/org/eclipse/platform/org.eclipse.equinox.frameworkadmin/2.3.400/org.eclipse.equinox.frameworkadmin-2.3.400.pom (2.0 kB at 89 kB/s)
[INFO] Downloading from central: https://repo.maven.apache.org/maven2/org/eclipse/platform/org.eclipse.equinox.simpleconfigurator.manipulator/2.3.600/org.eclipse.equinox.simpleconfigurator.manipulator-2.3.600.pom
[INFO] Downloaded from central: https://repo.maven.apache.org/maven2/org/eclipse/platform/org.eclipse.equinox.simpleconfigurator.manipulator/2.3.600/org.eclipse.equinox.simpleconfigurator.manipulator-2.3.600.pom (2.7 kB at 81 kB/s)
[INFO] Downloading from central: https://repo.maven.apache.org/maven2/org/eclipse/tycho/p2-maven-plugin/5.0.1/p2-maven-plugin-5.0.1.pom
[INFO] Downloaded from central: https://repo.maven.apache.org/maven2/org/eclipse/tycho/p2-maven-plugin/5.0.1/p2-maven-plugin-5.0.1.pom (7.8 kB at 270 kB/s)
[INFO] Downloading from central: https://repo.maven.apache.org/maven2/org/eclipse/platform/org.eclipse.equinox.p2.updatesite/1.3.800/org.eclipse.equinox.p2.updatesite-1.3.800.pom
[INFO] Downloaded from central: https://repo.maven.apache.org/maven2/org/eclipse/platform/org.eclipse.equinox.p2.updatesite/1.3.800/org.eclipse.equinox.p2.updatesite-1.3.800.pom (3.7 kB at 124 kB/s)
[INFO] Downloading from central: https://repo.maven.apache.org/maven2/org/eclipse/tycho/sisu-osgi-api/5.0.1/sisu-osgi-api-5.0.1.pom
[INFO] Downloaded from central: https://repo.maven.apache.org/maven2/org/eclipse/tycho/sisu-osgi-api/5.0.1/sisu-osgi-api-5.0.1.pom (951 B at 23 kB/s)
[INFO] Downloading from central: https://repo.maven.apache.org/maven2/org/eclipse/tycho/sisu-osgi/5.0.1/sisu-osgi-5.0.1.pom
[INFO] Downloaded from central: https://repo.maven.apache.org/maven2/org/eclipse/tycho/sisu-osgi/5.0.1/sisu-osgi-5.0.1.pom (1.0 kB at 39 kB/s)
[INFO] Downloading from central: https://repo.maven.apache.org/maven2/org/eclipse/tycho/sisu-osgi-connect/5.0.1/sisu-osgi-connect-5.0.1.pom
[INFO] Downloaded from central: https://repo.maven.apache.org/maven2/org/eclipse/tycho/sisu-osgi-connect/5.0.1/sisu-osgi-connect-5.0.1.pom (1.8 kB at 52 kB/s)
[INFO] Downloading from central: https://repo.maven.apache.org/maven2/org/osgi/org.osgi.service.component/1.5.1/org.osgi.service.component-1.5.1.pom
[INFO] Downloaded from central: https://repo.maven.apache.org/maven2/org/osgi/org.osgi.service.component/1.5.1/org.osgi.service.component-1.5.1.pom (2.8 kB at 54 kB/s)
[INFO] Downloading from central: https://repo.maven.apache.org/maven2/org/osgi/osgi.annotation/8.1.0/osgi.annotation-8.1.0.pom
[INFO] Downloaded from central: https://repo.maven.apache.org/maven2/org/osgi/osgi.annotation/8.1.0/osgi.annotation-8.1.0.pom (1.5 kB at 37 kB/s)
[INFO] Downloading from central: https://repo.maven.apache.org/maven2/org/osgi/org.osgi.namespace.extender/1.0.1/org.osgi.namespace.extender-1.0.1.pom
[INFO] Downloaded from central: https://repo.maven.apache.org/maven2/org/osgi/org.osgi.namespace.extender/1.0.1/org.osgi.namespace.extender-1.0.1.pom (1.3 kB at 44 kB/s)
[INFO] Downloading from central: https://repo.maven.apache.org/maven2/org/osgi/org.osgi.util.function/1.0.0/org.osgi.util.function-1.0.0.pom
[INFO] Downloaded from central: https://repo.maven.apache.org/maven2/org/osgi/org.osgi.util.function/1.0.0/org.osgi.util.function-1.0.0.pom (1.3 kB at 56 kB/s)
[INFO] Downloading from central: https://repo.maven.apache.org/maven2/org/osgi/org.osgi.util.promise/1.0.0/org.osgi.util.promise-1.0.0.pom
[INFO] Downloaded from central: https://repo.maven.apache.org/maven2/org/osgi/org.osgi.util.promise/1.0.0/org.osgi.util.promise-1.0.0.pom (1.3 kB at 46 kB/s)
[INFO] Downloading from central: https://repo.maven.apache.org/maven2/org/codehaus/plexus/plexus-component-annotations/2.2.0/plexus-component-annotations-2.2.0.pom
[INFO] Downloaded from central: https://repo.maven.apache.org/maven2/org/codehaus/plexus/plexus-component-annotations/2.2.0/plexus-component-annotations-2.2.0.pom (736 B at 29 kB/s)
[INFO] Downloading from central: https://repo.maven.apache.org/maven2/org/codehaus/plexus/plexus-containers/2.2.0/plexus-containers-2.2.0.pom
[INFO] Downloaded from central: https://repo.maven.apache.org/maven2/org/codehaus/plexus/plexus-containers/2.2.0/plexus-containers-2.2.0.pom (2.3 kB at 96 kB/s)
[INFO] Downloading from central: https://repo.maven.apache.org/maven2/org/codehaus/plexus/plexus/16/plexus-16.pom
[INFO] Downloaded from central: https://repo.maven.apache.org/maven2/org/codehaus/plexus/plexus/16/plexus-16.pom (28 kB at 1.2 MB/s)
[INFO] Downloading from central: https://repo.maven.apache.org/maven2/org/junit/junit-bom/5.10.1/junit-bom-5.10.1.pom
[INFO] Downloaded from central: https://repo.maven.apache.org/maven2/org/junit/junit-bom/5.10.1/junit-bom-5.10.1.pom (5.6 kB at 269 kB/s)
[INFO] Downloading from central: https://repo.maven.apache.org/maven2/org/eclipse/platform/org.eclipse.equinox.p2.touchpoint.natives/1.5.700/org.eclipse.equinox.p2.touchpoint.natives-1.5.700.pom
[INFO] Downloaded from central: https://repo.maven.apache.org/maven2/org/eclipse/platform/org.eclipse.equinox.p2.touchpoint.natives/1.5.700/org.eclipse.equinox.p2.touchpoint.natives-1.5.700.pom (3.0 kB at 89 kB/s)
[INFO] Downloading from central: https://repo.maven.apache.org/maven2/org/eclipse/platform/org.eclipse.equinox.p2.touchpoint.eclipse/2.4.600/org.eclipse.equinox.p2.touchpoint.eclipse-2.4.600.pom
[INFO] Downloaded from central: https://repo.maven.apache.org/maven2/org/eclipse/platform/org.eclipse.equinox.p2.touchpoint.eclipse/2.4.600/org.eclipse.equinox.p2.touchpoint.eclipse-2.4.600.pom (4.5 kB at 189 kB/s)
[INFO] Downloading from central: https://repo.maven.apache.org/maven2/org/eclipse/platform/org.eclipse.equinox.p2.garbagecollector/1.3.700/org.eclipse.equinox.p2.garbagecollector-1.3.700.pom
[INFO] Downloaded from central: https://repo.maven.apache.org/maven2/org/eclipse/platform/org.eclipse.equinox.p2.garbagecollector/1.3.700/org.eclipse.equinox.p2.garbagecollector-1.3.700.pom (3.4 kB at 76 kB/s)
[INFO] Downloading from central: https://repo.maven.apache.org/maven2/org/eclipse/platform/org.eclipse.equinox.p2.director.app/1.3.800/org.eclipse.equinox.p2.director.app-1.3.800.pom
[INFO] Downloaded from central: https://repo.maven.apache.org/maven2/org/eclipse/platform/org.eclipse.equinox.p2.director.app/1.3.800/org.eclipse.equinox.p2.director.app-1.3.800.pom (3.6 kB at 110 kB/s)
[INFO] Downloading from central: https://repo.maven.apache.org/maven2/org/eclipse/platform/org.eclipse.equinox.p2.repository.tools/2.4.800/org.eclipse.equinox.p2.repository.tools-2.4.800.pom
[INFO] Downloaded from central: https://repo.maven.apache.org/maven2/org/eclipse/platform/org.eclipse.equinox.p2.repository.tools/2.4.800/org.eclipse.equinox.p2.repository.tools-2.4.800.pom (4.7 kB at 143 kB/s)
[INFO] Downloading from central: https://repo.maven.apache.org/maven2/org/eclipse/platform/org.eclipse.equinox.concurrent/1.3.400/org.eclipse.equinox.concurrent-1.3.400.pom
[INFO] Downloaded from central: https://repo.maven.apache.org/maven2/org/eclipse/platform/org.eclipse.equinox.concurrent/1.3.400/org.eclipse.equinox.concurrent-1.3.400.pom (2.2 kB at 59 kB/s)
[INFO] Downloading from central: https://repo.maven.apache.org/maven2/commons-net/commons-net/3.12.0/commons-net-3.12.0.pom
[INFO] Downloaded from central: https://repo.maven.apache.org/maven2/commons-net/commons-net/3.12.0/commons-net-3.12.0.pom (27 kB at 950 kB/s)
[INFO] Downloading from central: https://repo.maven.apache.org/maven2/org/osgi/org.osgi.service.repository/1.1.0/org.osgi.service.repository-1.1.0.pom
[INFO] Downloaded from central: https://repo.maven.apache.org/maven2/org/osgi/org.osgi.service.repository/1.1.0/org.osgi.service.repository-1.1.0.pom (1.3 kB at 44 kB/s)
[INFO] Downloading from central: https://repo.maven.apache.org/maven2/org/osgi/org.osgi.util.promise/1.3.0/org.osgi.util.promise-1.3.0.pom
[INFO] Downloaded from central: https://repo.maven.apache.org/maven2/org/osgi/org.osgi.util.promise/1.3.0/org.osgi.util.promise-1.3.0.pom (1.9 kB at 57 kB/s)
[INFO] Downloading from central: https://repo.maven.apache.org/maven2/org/osgi/org.osgi.util.function/1.1.0/org.osgi.util.function-1.1.0.pom
[INFO] Downloaded from central: https://repo.maven.apache.org/maven2/org/osgi/org.osgi.util.function/1.1.0/org.osgi.util.function-1.1.0.pom (1.4 kB at 31 kB/s)
[INFO] Downloading from central: https://repo.maven.apache.org/maven2/org/eclipse/tycho/tycho-bndlib/5.0.1/tycho-bndlib-5.0.1.pom
[INFO] Downloaded from central: https://repo.maven.apache.org/maven2/org/eclipse/tycho/tycho-bndlib/5.0.1/tycho-bndlib-5.0.1.pom (1.5 kB at 43 kB/s)
[INFO] Downloading from central: https://repo.maven.apache.org/maven2/org/eclipse/jdt/org.eclipse.jdt.core/3.43.0/org.eclipse.jdt.core-3.43.0.pom
[INFO] Downloaded from central: https://repo.maven.apache.org/maven2/org/eclipse/jdt/org.eclipse.jdt.core/3.43.0/org.eclipse.jdt.core-3.43.0.pom (2.8 kB at 106 kB/s)
[INFO] Downloading from central: https://repo.maven.apache.org/maven2/org/eclipse/platform/org.eclipse.core.resources/3.23.0/org.eclipse.core.resources-3.23.0.pom
[INFO] Downloaded from central: https://repo.maven.apache.org/maven2/org/eclipse/platform/org.eclipse.core.resources/3.23.0/org.eclipse.core.resources-3.23.0.pom (2.8 kB at 81 kB/s)
[INFO] Downloading from central: https://repo.maven.apache.org/maven2/org/eclipse/platform/org.eclipse.core.expressions/3.9.500/org.eclipse.core.expressions-3.9.500.pom
[INFO] Downloaded from central: https://repo.maven.apache.org/maven2/org/eclipse/platform/org.eclipse.core.expressions/3.9.500/org.eclipse.core.expressions-3.9.500.pom (1.8 kB at 47 kB/s)
[INFO] Downloading from central: https://repo.maven.apache.org/maven2/org/eclipse/platform/org.eclipse.core.filesystem/1.11.300/org.eclipse.core.filesystem-1.11.300.pom
[INFO] Downloaded from central: https://repo.maven.apache.org/maven2/org/eclipse/platform/org.eclipse.core.filesystem/1.11.300/org.eclipse.core.filesystem-1.11.300.pom (2.8 kB at 88 kB/s)
[INFO] Downloading from central: https://repo.maven.apache.org/maven2/net/java/dev/jna/jna/5.17.0/jna-5.17.0.pom
[INFO] Downloaded from central: https://repo.maven.apache.org/maven2/net/java/dev/jna/jna/5.17.0/jna-5.17.0.pom (2.0 kB at 75 kB/s)
[INFO] Downloading from central: https://repo.maven.apache.org/maven2/net/java/dev/jna/jna-platform/5.17.0/jna-platform-5.17.0.pom
[INFO] Downloaded from central: https://repo.maven.apache.org/maven2/net/java/dev/jna/jna-platform/5.17.0/jna-platform-5.17.0.pom (2.3 kB at 102 kB/s)
[INFO] Downloading from central: https://repo.maven.apache.org/maven2/org/eclipse/platform/org.eclipse.text/3.14.400/org.eclipse.text-3.14.400.pom
[INFO] Downloaded from central: https://repo.maven.apache.org/maven2/org/eclipse/platform/org.eclipse.text/3.14.400/org.eclipse.text-3.14.400.pom (2.4 kB at 105 kB/s)
[INFO] Downloading from central: https://repo.maven.apache.org/maven2/org/eclipse/platform/org.eclipse.core.commands/3.12.400/org.eclipse.core.commands-3.12.400.pom
[INFO] Downloaded from central: https://repo.maven.apache.org/maven2/org/eclipse/platform/org.eclipse.core.commands/3.12.400/org.eclipse.core.commands-3.12.400.pom (1.8 kB at 76 kB/s)
[INFO] Downloading from central: https://repo.maven.apache.org/maven2/org/eclipse/jdt/ecj/3.43.0/ecj-3.43.0.pom
[INFO] Downloaded from central: https://repo.maven.apache.org/maven2/org/eclipse/jdt/ecj/3.43.0/ecj-3.43.0.pom (1.6 kB at 52 kB/s)
[INFO] Downloading from central: https://repo.maven.apache.org/maven2/org/eclipse/tycho/tycho-build/5.0.1/tycho-build-5.0.1.jar
[INFO] Downloaded from central: https://repo.maven.apache.org/maven2/org/eclipse/tycho/tycho-build/5.0.1/tycho-build-5.0.1.jar (26 kB at 1.1 MB/s)
[INFO] Downloading from central: https://repo.maven.apache.org/maven2/io/takari/maven/takari-smart-builder/1.1.0/takari-smart-builder-1.1.0.jar
[INFO] Downloading from central: https://repo.maven.apache.org/maven2/org/eclipse/tycho/extras/tycho-pomless/5.0.1/tycho-pomless-5.0.1.jar
[INFO] Downloading from central: https://repo.maven.apache.org/maven2/io/takari/polyglot/polyglot-common/0.8.1/polyglot-common-0.8.1.jar
[INFO] Downloading from central: https://repo.maven.apache.org/maven2/commons-io/commons-io/2.21.0/commons-io-2.21.0.jar
[INFO] Downloading from central: https://repo.maven.apache.org/maven2/org/eclipse/tycho/tycho-metadata-model/5.0.1/tycho-metadata-model-5.0.1.jar
[INFO] Downloaded from central: https://repo.maven.apache.org/maven2/io/takari/maven/takari-smart-builder/1.1.0/takari-smart-builder-1.1.0.jar (36 kB at 1.4 MB/s)
[INFO] Downloading from central: https://repo.maven.apache.org/maven2/de/pdark/decentxml/1.4/decentxml-1.4.jar
[INFO] Downloaded from central: https://repo.maven.apache.org/maven2/org/eclipse/tycho/extras/tycho-pomless/5.0.1/tycho-pomless-5.0.1.jar (42 kB at 880 kB/s)
[INFO] Downloading from central: https://repo.maven.apache.org/maven2/org/codehaus/plexus/plexus-utils/3.5.1/plexus-utils-3.5.1.jar
[INFO] Downloaded from central: https://repo.maven.apache.org/maven2/org/eclipse/tycho/tycho-metadata-model/5.0.1/tycho-metadata-model-5.0.1.jar (85 kB at 1.4 MB/s)
[INFO] Downloading from central: https://repo.maven.apache.org/maven2/biz/aQute/bnd/biz.aQute.repository/7.1.0/biz.aQute.repository-7.1.0.jar
[INFO] Downloaded from central: https://repo.maven.apache.org/maven2/de/pdark/decentxml/1.4/decentxml-1.4.jar (131 kB at 2.1 MB/s)
[INFO] Downloading from central: https://repo.maven.apache.org/maven2/org/osgi/org.osgi.resource/1.0.1/org.osgi.resource-1.0.1.jar
[INFO] Downloaded from central: https://repo.maven.apache.org/maven2/commons-io/commons-io/2.21.0/commons-io-2.21.0.jar (585 kB at 8.0 MB/s)
[INFO] Downloading from central: https://repo.maven.apache.org/maven2/commons-codec/commons-codec/1.20.0/commons-codec-1.20.0.jar
[INFO] Downloaded from central: https://repo.maven.apache.org/maven2/org/codehaus/plexus/plexus-utils/3.5.1/plexus-utils-3.5.1.jar (269 kB at 3.4 MB/s)
[INFO] Downloading from central: https://repo.maven.apache.org/maven2/org/eclipse/tycho/tycho-buildtimestamp-jgit/5.0.1/tycho-buildtimestamp-jgit-5.0.1.jar
[INFO] Downloaded from central: https://repo.maven.apache.org/maven2/org/osgi/org.osgi.resource/1.0.1/org.osgi.resource-1.0.1.jar (33 kB at 380 kB/s)
[INFO] Downloading from central: https://repo.maven.apache.org/maven2/org/eclipse/jgit/org.eclipse.jgit/7.4.0.202509020913-r/org.eclipse.jgit-7.4.0.202509020913-r.jar
[INFO] Downloaded from central: https://repo.maven.apache.org/maven2/org/eclipse/tycho/tycho-buildtimestamp-jgit/5.0.1/tycho-buildtimestamp-jgit-5.0.1.jar (12 kB at 124 kB/s)
[INFO] Downloading from central: https://repo.maven.apache.org/maven2/com/googlecode/javaewah/JavaEWAH/1.2.3/JavaEWAH-1.2.3.jar
[INFO] Downloaded from central: https://repo.maven.apache.org/maven2/commons-codec/commons-codec/1.20.0/commons-codec-1.20.0.jar (401 kB at 3.7 MB/s)
[INFO] Downloading from central: https://repo.maven.apache.org/maven2/org/eclipse/tycho/tycho-spi/5.0.1/tycho-spi-5.0.1.jar
[INFO] Downloaded from central: https://repo.maven.apache.org/maven2/biz/aQute/bnd/biz.aQute.repository/7.1.0/biz.aQute.repository-7.1.0.jar (1.1 MB at 9.6 MB/s)
[INFO] Downloading from central: https://repo.maven.apache.org/maven2/org/eclipse/tycho/tycho-api/5.0.1/tycho-api-5.0.1.jar
[INFO] Downloaded from central: https://repo.maven.apache.org/maven2/io/takari/polyglot/polyglot-common/0.8.1/polyglot-common-0.8.1.jar (34 kB at 272 kB/s)
[INFO] Downloading from central: https://repo.maven.apache.org/maven2/org/eclipse/platform/org.eclipse.equinox.p2.core/2.13.100/org.eclipse.equinox.p2.core-2.13.100.jar
[INFO] Downloaded from central: https://repo.maven.apache.org/maven2/com/googlecode/javaewah/JavaEWAH/1.2.3/JavaEWAH-1.2.3.jar (171 kB at 1.3 MB/s)
[INFO] Downloading from central: https://repo.maven.apache.org/maven2/org/eclipse/platform/org.eclipse.equinox.common/3.20.100/org.eclipse.equinox.common-3.20.100.jar
[INFO] Downloaded from central: https://repo.maven.apache.org/maven2/org/eclipse/tycho/tycho-spi/5.0.1/tycho-spi-5.0.1.jar (36 kB at 263 kB/s)
[INFO] Downloading from central: https://repo.maven.apache.org/maven2/org/bouncycastle/bcpg-jdk18on/1.82/bcpg-jdk18on-1.82.jar
[INFO] Downloaded from central: https://repo.maven.apache.org/maven2/org/eclipse/tycho/tycho-api/5.0.1/tycho-api-5.0.1.jar (50 kB at 344 kB/s)
[INFO] Downloading from central: https://repo.maven.apache.org/maven2/org/eclipse/platform/org.eclipse.equinox.registry/3.12.400/org.eclipse.equinox.registry-3.12.400.jar
[INFO] Downloaded from central: https://repo.maven.apache.org/maven2/org/eclipse/platform/org.eclipse.equinox.common/3.20.100/org.eclipse.equinox.common-3.20.100.jar (165 kB at 1.0 MB/s)
[INFO] Downloading from central: https://repo.maven.apache.org/maven2/org/eclipse/platform/org.eclipse.core.runtime/3.34.0/org.eclipse.core.runtime-3.34.0.jar
[INFO] Downloaded from central: https://repo.maven.apache.org/maven2/org/eclipse/platform/org.eclipse.equinox.registry/3.12.400/org.eclipse.equinox.registry-3.12.400.jar (206 kB at 1.2 MB/s)
[INFO] Downloading from central: https://repo.maven.apache.org/maven2/org/eclipse/platform/org.eclipse.core.contenttype/3.9.700/org.eclipse.core.contenttype-3.9.700.jar
[INFO] Downloaded from central: https://repo.maven.apache.org/maven2/org/bouncycastle/bcpg-jdk18on/1.82/bcpg-jdk18on-1.82.jar (736 kB at 4.2 MB/s)
[INFO] Downloading from central: https://repo.maven.apache.org/maven2/org/eclipse/platform/org.eclipse.osgi/3.23.200/org.eclipse.osgi-3.23.200.jar
[INFO] Downloaded from central: https://repo.maven.apache.org/maven2/org/eclipse/platform/org.eclipse.core.runtime/3.34.0/org.eclipse.core.runtime-3.34.0.jar (83 kB at 460 kB/s)
[INFO] Downloading from central: https://repo.maven.apache.org/maven2/org/eclipse/platform/org.eclipse.equinox.p2.publisher/1.9.600/org.eclipse.equinox.p2.publisher-1.9.600.jar
[INFO] Downloaded from central: https://repo.maven.apache.org/maven2/org/eclipse/jgit/org.eclipse.jgit/7.4.0.202509020913-r/org.eclipse.jgit-7.4.0.202509020913-r.jar (3.3 MB at 18 MB/s)
[INFO] Downloading from central: https://repo.maven.apache.org/maven2/org/eclipse/platform/org.eclipse.equinox.p2.artifact.repository/1.5.800/org.eclipse.equinox.p2.artifact.repository-1.5.800.jar
[INFO] Downloaded from central: https://repo.maven.apache.org/maven2/org/eclipse/platform/org.eclipse.equinox.p2.core/2.13.100/org.eclipse.equinox.p2.core-2.13.100.jar (86 kB at 437 kB/s)
[INFO] Downloading from central: https://repo.maven.apache.org/maven2/org/eclipse/platform/org.eclipse.equinox.p2.director/2.6.800/org.eclipse.equinox.p2.director-2.6.800.jar
[INFO] Downloaded from central: https://repo.maven.apache.org/maven2/org/eclipse/platform/org.eclipse.core.contenttype/3.9.700/org.eclipse.core.contenttype-3.9.700.jar (108 kB at 545 kB/s)
[INFO] Downloading from central: https://repo.maven.apache.org/maven2/org/eclipse/platform/org.eclipse.core.jobs/3.15.700/org.eclipse.core.jobs-3.15.700.jar
[INFO] Downloaded from central: https://repo.maven.apache.org/maven2/org/eclipse/platform/org.eclipse.equinox.p2.publisher/1.9.600/org.eclipse.equinox.p2.publisher-1.9.600.jar (109 kB at 534 kB/s)
[INFO] Downloading from central: https://repo.maven.apache.org/maven2/org/ow2/sat4j/org.ow2.sat4j.core/2.3.6/org.ow2.sat4j.core-2.3.6.jar
[INFO] Downloaded from central: https://repo.maven.apache.org/maven2/org/eclipse/platform/org.eclipse.equinox.p2.artifact.repository/1.5.800/org.eclipse.equinox.p2.artifact.repository-1.5.800.jar (187 kB at 910 kB/s)
[INFO] Downloading from central: https://repo.maven.apache.org/maven2/org/ow2/sat4j/org.ow2.sat4j.pb/2.3.6/org.ow2.sat4j.pb-2.3.6.jar
[INFO] Downloaded from central: https://repo.maven.apache.org/maven2/org/eclipse/platform/org.eclipse.core.jobs/3.15.700/org.eclipse.core.jobs-3.15.700.jar (121 kB at 530 kB/s)
[INFO] Downloading from central: https://repo.maven.apache.org/maven2/org/eclipse/platform/org.eclipse.equinox.simpleconfigurator/1.5.600/org.eclipse.equinox.simpleconfigurator-1.5.600.jar
[INFO] Downloaded from central: https://repo.maven.apache.org/maven2/org/ow2/sat4j/org.ow2.sat4j.pb/2.3.6/org.ow2.sat4j.pb-2.3.6.jar (443 kB at 1.9 MB/s)
[INFO] Downloading from central: https://repo.maven.apache.org/maven2/org/eclipse/platform/org.eclipse.equinox.p2.engine/2.10.600/org.eclipse.equinox.p2.engine-2.10.600.jar
[INFO] Downloaded from central: https://repo.maven.apache.org/maven2/org/ow2/sat4j/org.ow2.sat4j.core/2.3.6/org.ow2.sat4j.core-2.3.6.jar (440 kB at 1.9 MB/s)
[INFO] Downloading from central: https://repo.maven.apache.org/maven2/org/eclipse/platform/org.eclipse.equinox.preferences/3.12.0/org.eclipse.equinox.preferences-3.12.0.jar
[INFO] Downloaded from central: https://repo.maven.apache.org/maven2/org/eclipse/platform/org.eclipse.equinox.p2.director/2.6.800/org.eclipse.equinox.p2.director-2.6.800.jar (118 kB at 490 kB/s)
[INFO] Downloading from central: https://repo.maven.apache.org/maven2/org/osgi/org.osgi.service.prefs/1.1.2/org.osgi.service.prefs-1.1.2.jar
[INFO] Downloaded from central: https://repo.maven.apache.org/maven2/org/eclipse/platform/org.eclipse.equinox.preferences/3.12.0/org.eclipse.equinox.preferences-3.12.0.jar (130 kB at 513 kB/s)
[INFO] Downloading from central: https://repo.maven.apache.org/maven2/org/eclipse/platform/org.eclipse.equinox.p2.metadata/2.9.500/org.eclipse.equinox.p2.metadata-2.9.500.jar
[INFO] Downloaded from central: https://repo.maven.apache.org/maven2/org/eclipse/platform/org.eclipse.equinox.simpleconfigurator/1.5.600/org.eclipse.equinox.simpleconfigurator-1.5.600.jar (57 kB at 214 kB/s)
[INFO] Downloading from central: https://repo.maven.apache.org/maven2/org/eclipse/platform/org.eclipse.equinox.p2.repository/2.9.500/org.eclipse.equinox.p2.repository-2.9.500.jar
[INFO] Downloaded from central: https://repo.maven.apache.org/maven2/org/eclipse/platform/org.eclipse.equinox.p2.engine/2.10.600/org.eclipse.equinox.p2.engine-2.10.600.jar (248 kB at 915 kB/s)
[INFO] Downloading from central: https://repo.maven.apache.org/maven2/org/bouncycastle/bcprov-jdk18on/1.82/bcprov-jdk18on-1.82.jar
[INFO] Downloaded from central: https://repo.maven.apache.org/maven2/org/osgi/org.osgi.service.prefs/1.1.2/org.osgi.service.prefs-1.1.2.jar (20 kB at 73 kB/s)
[INFO] Downloading from central: https://repo.maven.apache.org/maven2/org/eclipse/platform/org.eclipse.equinox.security/1.4.700/org.eclipse.equinox.security-1.4.700.jar
[INFO] Downloaded from central: https://repo.maven.apache.org/maven2/org/eclipse/platform/org.eclipse.osgi/3.23.200/org.eclipse.osgi-3.23.200.jar (1.6 MB at 5.2 MB/s)
[INFO] Downloaded from central: https://repo.maven.apache.org/maven2/org/eclipse/platform/org.eclipse.equinox.security/1.4.700/org.eclipse.equinox.security-1.4.700.jar (121 kB at 389 kB/s)
[INFO] Downloading from central: https://repo.maven.apache.org/maven2/org/eclipse/platform/org.eclipse.osgi.compatibility.state/1.2.1200/org.eclipse.osgi.compatibility.state-1.2.1200.jar
[INFO] Downloaded from central: https://repo.maven.apache.org/maven2/org/eclipse/platform/org.eclipse.equinox.p2.repository/2.9.500/org.eclipse.equinox.p2.repository-2.9.500.jar (197 kB at 636 kB/s)
[INFO] Downloading from central: https://repo.maven.apache.org/maven2/org/eclipse/platform/org.eclipse.equinox.p2.publisher.eclipse/1.6.600/org.eclipse.equinox.p2.publisher.eclipse-1.6.600.jar
[INFO] Downloading from central: https://repo.maven.apache.org/maven2/org/eclipse/platform/org.eclipse.equinox.app/1.7.500/org.eclipse.equinox.app-1.7.500.jar
[INFO] Downloaded from central: https://repo.maven.apache.org/maven2/org/eclipse/platform/org.eclipse.equinox.p2.metadata/2.9.500/org.eclipse.equinox.p2.metadata-2.9.500.jar (381 kB at 1.2 MB/s)
[INFO] Downloading from central: https://repo.maven.apache.org/maven2/org/eclipse/platform/org.eclipse.equinox.frameworkadmin/2.3.500/org.eclipse.equinox.frameworkadmin-2.3.500.jar
[INFO] Downloaded from central: https://repo.maven.apache.org/maven2/org/eclipse/platform/org.eclipse.equinox.frameworkadmin/2.3.500/org.eclipse.equinox.frameworkadmin-2.3.500.jar (42 kB at 119 kB/s)
[INFO] Downloading from central: https://repo.maven.apache.org/maven2/org/eclipse/platform/org.eclipse.equinox.frameworkadmin.equinox/1.3.400/org.eclipse.equinox.frameworkadmin.equinox-1.3.400.jar
[INFO] Downloaded from central: https://repo.maven.apache.org/maven2/org/eclipse/platform/org.eclipse.equinox.p2.publisher.eclipse/1.6.600/org.eclipse.equinox.p2.publisher.eclipse-1.6.600.jar (332 kB at 945 kB/s)
[INFO] Downloading from central: https://repo.maven.apache.org/maven2/org/eclipse/platform/org.eclipse.equinox.simpleconfigurator.manipulator/2.3.600/org.eclipse.equinox.simpleconfigurator.manipulator-2.3.600.jar
[INFO] Downloaded from central: https://repo.maven.apache.org/maven2/org/eclipse/platform/org.eclipse.equinox.app/1.7.500/org.eclipse.equinox.app-1.7.500.jar (93 kB at 263 kB/s)
[INFO] Downloading from central: https://repo.maven.apache.org/maven2/org/eclipse/platform/org.eclipse.equinox.p2.metadata.repository/1.5.700/org.eclipse.equinox.p2.metadata.repository-1.5.700.jar
[INFO] Downloaded from central: https://repo.maven.apache.org/maven2/org/eclipse/platform/org.eclipse.osgi.compatibility.state/1.2.1200/org.eclipse.osgi.compatibility.state-1.2.1200.jar (260 kB at 708 kB/s)
[INFO] Downloading from central: https://repo.maven.apache.org/maven2/org/tukaani/xz/1.10/xz-1.10.jar
[INFO] Downloaded from central: https://repo.maven.apache.org/maven2/org/eclipse/platform/org.eclipse.equinox.simpleconfigurator.manipulator/2.3.600/org.eclipse.equinox.simpleconfigurator.manipulator-2.3.600.jar (31 kB at 82 kB/s)
[INFO] Downloading from central: https://repo.maven.apache.org/maven2/org/eclipse/tycho/p2-maven-plugin/5.0.1/p2-maven-plugin-5.0.1.jar
[INFO] Downloaded from central: https://repo.maven.apache.org/maven2/org/eclipse/platform/org.eclipse.equinox.frameworkadmin.equinox/1.3.400/org.eclipse.equinox.frameworkadmin.equinox-1.3.400.jar (76 kB at 202 kB/s)
[INFO] Downloading from central: https://repo.maven.apache.org/maven2/org/eclipse/platform/org.eclipse.equinox.p2.updatesite/1.3.800/org.eclipse.equinox.p2.updatesite-1.3.800.jar
[INFO] Downloaded from central: https://repo.maven.apache.org/maven2/org/tukaani/xz/1.10/xz-1.10.jar (169 kB at 429 kB/s)
[INFO] Downloading from central: https://repo.maven.apache.org/maven2/org/eclipse/tycho/sisu-osgi-api/5.0.1/sisu-osgi-api-5.0.1.jar
[INFO] Downloaded from central: https://repo.maven.apache.org/maven2/org/eclipse/platform/org.eclipse.equinox.p2.metadata.repository/1.5.700/org.eclipse.equinox.p2.metadata.repository-1.5.700.jar (145 kB at 365 kB/s)
[INFO] Downloading from central: https://repo.maven.apache.org/maven2/org/eclipse/tycho/sisu-osgi-connect/5.0.1/sisu-osgi-connect-5.0.1.jar
[INFO] Downloaded from central: https://repo.maven.apache.org/maven2/org/eclipse/platform/org.eclipse.equinox.p2.updatesite/1.3.800/org.eclipse.equinox.p2.updatesite-1.3.800.jar (108 kB at 271 kB/s)
[INFO] Downloading from central: https://repo.maven.apache.org/maven2/org/codehaus/plexus/plexus-component-annotations/2.2.0/plexus-component-annotations-2.2.0.jar
[INFO] Downloaded from central: https://repo.maven.apache.org/maven2/org/eclipse/tycho/sisu-osgi-api/5.0.1/sisu-osgi-api-5.0.1.jar (8.8 kB at 21 kB/s)
[INFO] Downloading from central: https://repo.maven.apache.org/maven2/org/eclipse/platform/org.eclipse.equinox.p2.jarprocessor/1.3.600/org.eclipse.equinox.p2.jarprocessor-1.3.600.jar
[INFO] Downloaded from central: https://repo.maven.apache.org/maven2/org/codehaus/plexus/plexus-component-annotations/2.2.0/plexus-component-annotations-2.2.0.jar (4.2 kB at 9.8 kB/s)
[INFO] Downloading from central: https://repo.maven.apache.org/maven2/org/eclipse/platform/org.eclipse.equinox.p2.touchpoint.natives/1.5.700/org.eclipse.equinox.p2.touchpoint.natives-1.5.700.jar
[INFO] Downloaded from central: https://repo.maven.apache.org/maven2/org/eclipse/tycho/p2-maven-plugin/5.0.1/p2-maven-plugin-5.0.1.jar (285 kB at 646 kB/s)
[INFO] Downloading from central: https://repo.maven.apache.org/maven2/org/eclipse/platform/org.eclipse.equinox.p2.touchpoint.eclipse/2.4.600/org.eclipse.equinox.p2.touchpoint.eclipse-2.4.600.jar
[INFO] Downloaded from central: https://repo.maven.apache.org/maven2/org/eclipse/tycho/sisu-osgi-connect/5.0.1/sisu-osgi-connect-5.0.1.jar (43 kB at 97 kB/s)
[INFO] Downloading from central: https://repo.maven.apache.org/maven2/org/eclipse/platform/org.eclipse.equinox.p2.garbagecollector/1.3.700/org.eclipse.equinox.p2.garbagecollector-1.3.700.jar
[INFO] Downloaded from central: https://repo.maven.apache.org/maven2/org/eclipse/platform/org.eclipse.equinox.p2.jarprocessor/1.3.600/org.eclipse.equinox.p2.jarprocessor-1.3.600.jar (69 kB at 155 kB/s)
[INFO] Downloading from central: https://repo.maven.apache.org/maven2/org/eclipse/platform/org.eclipse.equinox.p2.director.app/1.3.800/org.eclipse.equinox.p2.director.app-1.3.800.jar
[INFO] Downloaded from central: https://repo.maven.apache.org/maven2/org/eclipse/platform/org.eclipse.equinox.p2.touchpoint.natives/1.5.700/org.eclipse.equinox.p2.touchpoint.natives-1.5.700.jar (94 kB at 205 kB/s)
[INFO] Downloading from central: https://repo.maven.apache.org/maven2/org/eclipse/platform/org.eclipse.equinox.p2.repository.tools/2.4.800/org.eclipse.equinox.p2.repository.tools-2.4.800.jar
[INFO] Downloaded from central: https://repo.maven.apache.org/maven2/org/eclipse/platform/org.eclipse.equinox.p2.director.app/1.3.800/org.eclipse.equinox.p2.director.app-1.3.800.jar (73 kB at 157 kB/s)
[INFO] Downloading from central: https://repo.maven.apache.org/maven2/org/eclipse/platform/org.eclipse.equinox.concurrent/1.3.400/org.eclipse.equinox.concurrent-1.3.400.jar
[INFO] Downloaded from central: https://repo.maven.apache.org/maven2/org/eclipse/platform/org.eclipse.equinox.p2.garbagecollector/1.3.700/org.eclipse.equinox.p2.garbagecollector-1.3.700.jar (29 kB at 62 kB/s)
[INFO] Downloading from central: https://repo.maven.apache.org/maven2/org/osgi/org.osgi.service.component/1.5.1/org.osgi.service.component-1.5.1.jar
[INFO] Downloaded from central: https://repo.maven.apache.org/maven2/org/eclipse/platform/org.eclipse.equinox.p2.touchpoint.eclipse/2.4.600/org.eclipse.equinox.p2.touchpoint.eclipse-2.4.600.jar (141 kB at 296 kB/s)
[INFO] Downloading from central: https://repo.maven.apache.org/maven2/org/osgi/org.osgi.namespace.extender/1.0.1/org.osgi.namespace.extender-1.0.1.jar
[INFO] Downloaded from central: https://repo.maven.apache.org/maven2/org/eclipse/platform/org.eclipse.equinox.concurrent/1.3.400/org.eclipse.equinox.concurrent-1.3.400.jar (30 kB at 62 kB/s)
[INFO] Downloading from central: https://repo.maven.apache.org/maven2/org/bouncycastle/bcutil-jdk18on/1.82/bcutil-jdk18on-1.82.jar
[INFO] Downloaded from central: https://repo.maven.apache.org/maven2/org/osgi/org.osgi.service.component/1.5.1/org.osgi.service.component-1.5.1.jar (66 kB at 134 kB/s)
[INFO] Downloading from central: https://repo.maven.apache.org/maven2/commons-net/commons-net/3.12.0/commons-net-3.12.0.jar
[INFO] Downloaded from central: https://repo.maven.apache.org/maven2/org/eclipse/platform/org.eclipse.equinox.p2.repository.tools/2.4.800/org.eclipse.equinox.p2.repository.tools-2.4.800.jar (271 kB at 539 kB/s)
[INFO] Downloading from central: https://repo.maven.apache.org/maven2/biz/aQute/bnd/biz.aQute.bndlib/7.1.0/biz.aQute.bndlib-7.1.0.jar
[INFO] Downloaded from central: https://repo.maven.apache.org/maven2/org/osgi/org.osgi.namespace.extender/1.0.1/org.osgi.namespace.extender-1.0.1.jar (12 kB at 23 kB/s)
[INFO] Downloading from central: https://repo.maven.apache.org/maven2/biz/aQute/bnd/biz.aQute.bnd.util/7.1.0/biz.aQute.bnd.util-7.1.0.jar
[INFO] Downloaded from central: https://repo.maven.apache.org/maven2/commons-net/commons-net/3.12.0/commons-net-3.12.0.jar (330 kB at 638 kB/s)
[INFO] Downloading from central: https://repo.maven.apache.org/maven2/org/osgi/org.osgi.service.repository/1.1.0/org.osgi.service.repository-1.1.0.jar
[INFO] Downloaded from central: https://repo.maven.apache.org/maven2/org/bouncycastle/bcutil-jdk18on/1.82/bcutil-jdk18on-1.82.jar (706 kB at 1.3 MB/s)
[INFO] Downloading from central: https://repo.maven.apache.org/maven2/org/osgi/org.osgi.util.promise/1.3.0/org.osgi.util.promise-1.3.0.jar
[INFO] Downloaded from central: https://repo.maven.apache.org/maven2/org/osgi/org.osgi.service.repository/1.1.0/org.osgi.service.repository-1.1.0.jar (25 kB at 47 kB/s)
[INFO] Downloading from central: https://repo.maven.apache.org/maven2/org/osgi/osgi.annotation/8.1.0/osgi.annotation-8.1.0.jar
[INFO] Downloaded from central: https://repo.maven.apache.org/maven2/org/osgi/org.osgi.util.promise/1.3.0/org.osgi.util.promise-1.3.0.jar (86 kB at 157 kB/s)
[INFO] Downloading from central: https://repo.maven.apache.org/maven2/org/osgi/org.osgi.util.function/1.1.0/org.osgi.util.function-1.1.0.jar
[INFO] Downloaded from central: https://repo.maven.apache.org/maven2/org/osgi/osgi.annotation/8.1.0/osgi.annotation-8.1.0.jar (36 kB at 64 kB/s)
[INFO] Downloading from central: https://repo.maven.apache.org/maven2/org/eclipse/tycho/tycho-bndlib/5.0.1/tycho-bndlib-5.0.1.jar
[INFO] Downloaded from central: https://repo.maven.apache.org/maven2/biz/aQute/bnd/biz.aQute.bnd.util/7.1.0/biz.aQute.bnd.util-7.1.0.jar (454 kB at 806 kB/s)
[INFO] Downloading from central: https://repo.maven.apache.org/maven2/org/eclipse/jdt/org.eclipse.jdt.core/3.43.0/org.eclipse.jdt.core-3.43.0.jar
[INFO] Downloaded from central: https://repo.maven.apache.org/maven2/org/osgi/org.osgi.util.function/1.1.0/org.osgi.util.function-1.1.0.jar (14 kB at 25 kB/s)
[INFO] Downloading from central: https://repo.maven.apache.org/maven2/org/eclipse/platform/org.eclipse.core.resources/3.23.0/org.eclipse.core.resources-3.23.0.jar
[INFO] Downloaded from central: https://repo.maven.apache.org/maven2/biz/aQute/bnd/biz.aQute.bndlib/7.1.0/biz.aQute.bndlib-7.1.0.jar (3.4 MB at 6.0 MB/s)
[INFO] Downloading from central: https://repo.maven.apache.org/maven2/org/eclipse/platform/org.eclipse.core.expressions/3.9.500/org.eclipse.core.expressions-3.9.500.jar
[INFO] Downloaded from central: https://repo.maven.apache.org/maven2/org/bouncycastle/bcprov-jdk18on/1.82/bcprov-jdk18on-1.82.jar (8.5 MB at 15 MB/s)
[INFO] Downloading from central: https://repo.maven.apache.org/maven2/net/java/dev/jna/jna/5.17.0/jna-5.17.0.jar
[INFO] Downloaded from central: https://repo.maven.apache.org/maven2/org/eclipse/tycho/tycho-bndlib/5.0.1/tycho-bndlib-5.0.1.jar (18 kB at 30 kB/s)
[INFO] Downloading from central: https://repo.maven.apache.org/maven2/org/eclipse/platform/org.eclipse.core.filesystem/1.11.300/org.eclipse.core.filesystem-1.11.300.jar
[INFO] Downloaded from central: https://repo.maven.apache.org/maven2/org/eclipse/platform/org.eclipse.core.expressions/3.9.500/org.eclipse.core.expressions-3.9.500.jar (99 kB at 168 kB/s)
[INFO] Downloading from central: https://repo.maven.apache.org/maven2/net/java/dev/jna/jna-platform/5.17.0/jna-platform-5.17.0.jar
[INFO] Downloaded from central: https://repo.maven.apache.org/maven2/org/eclipse/platform/org.eclipse.core.resources/3.23.0/org.eclipse.core.resources-3.23.0.jar (961 kB at 1.6 MB/s)
[INFO] Downloading from central: https://repo.maven.apache.org/maven2/org/eclipse/platform/org.eclipse.text/3.14.400/org.eclipse.text-3.14.400.jar
[INFO] Downloaded from central: https://repo.maven.apache.org/maven2/org/eclipse/platform/org.eclipse.core.filesystem/1.11.300/org.eclipse.core.filesystem-1.11.300.jar (79 kB at 132 kB/s)
[INFO] Downloading from central: https://repo.maven.apache.org/maven2/org/eclipse/platform/org.eclipse.core.commands/3.12.400/org.eclipse.core.commands-3.12.400.jar
[INFO] Downloaded from central: https://repo.maven.apache.org/maven2/net/java/dev/jna/jna/5.17.0/jna-5.17.0.jar (2.0 MB at 3.3 MB/s)
[INFO] Downloading from central: https://repo.maven.apache.org/maven2/org/eclipse/jdt/ecj/3.43.0/ecj-3.43.0.jar
[INFO] Downloaded from central: https://repo.maven.apache.org/maven2/org/eclipse/platform/org.eclipse.text/3.14.400/org.eclipse.text-3.14.400.jar (361 kB at 587 kB/s)
[INFO] Downloaded from central: https://repo.maven.apache.org/maven2/net/java/dev/jna/jna-platform/5.17.0/jna-platform-5.17.0.jar (1.4 MB at 2.2 MB/s)
[INFO] Downloaded from central: https://repo.maven.apache.org/maven2/org/eclipse/platform/org.eclipse.core.commands/3.12.400/org.eclipse.core.commands-3.12.400.jar (122 kB at 196 kB/s)
[INFO] Downloaded from central: https://repo.maven.apache.org/maven2/org/eclipse/jdt/org.eclipse.jdt.core/3.43.0/org.eclipse.jdt.core-3.43.0.jar (4.5 MB at 7.1 MB/s)
[INFO] Downloaded from central: https://repo.maven.apache.org/maven2/org/eclipse/jdt/ecj/3.43.0/ecj-3.43.0.jar (3.3 MB at 5.1 MB/s)
[INFO] Scanning for projects...
[INFO] Downloading from eclipse-hosted: https://repo.eclipse.org/content/repositories/eclipse/org/eclipse/eclipse-platform-parent/4.41.0-SNAPSHOT/maven-metadata.xml
[INFO] Downloaded from eclipse-hosted: https://repo.eclipse.org/content/repositories/eclipse/org/eclipse/eclipse-platform-parent/4.41.0-SNAPSHOT/maven-metadata.xml (617 B at 1.3 kB/s)
[INFO] Downloading from eclipse-hosted: https://repo.eclipse.org/content/repositories/eclipse/org/eclipse/eclipse-platform-parent/4.41.0-SNAPSHOT/eclipse-platform-parent-4.41.0-20260909.115535-202.pom
[INFO] Downloaded from eclipse-hosted: https://repo.eclipse.org/content/repositories/eclipse/org/eclipse/eclipse-platform-parent/4.41.0-SNAPSHOT/eclipse-platform-parent-4.41.0-20260909.115535-202.pom (51 kB at 1.2 MB/s)
[INFO] Downloading from tycho-snapshots: https://repo.eclipse.org/content/repositories/tycho-maven2-snapshots/org/eclipse/tycho/tycho-maven-plugin/5.0.3/tycho-maven-plugin-5.0.3.pom
[INFO] Downloading from eclipse-snapshots: https://repo.eclipse.org/content/repositories/eclipse-maven2-snapshots/org/eclipse/tycho/tycho-maven-plugin/5.0.3/tycho-maven-plugin-5.0.3.pom
[INFO] Downloading from eclipse-cbi: https://repo.eclipse.org/content/repositories/cbi-maven2/org/eclipse/tycho/tycho-maven-plugin/5.0.3/tycho-maven-plugin-5.0.3.pom
[INFO] Downloaded from eclipse-cbi: https://repo.eclipse.org/content/repositories/cbi-maven2/org/eclipse/tycho/tycho-maven-plugin/5.0.3/tycho-maven-plugin-5.0.3.pom (1.7 kB at 41 kB/s)
[INFO] Downloading from tycho-snapshots: https://repo.eclipse.org/content/repositories/tycho-maven2-snapshots/org/eclipse/tycho/tycho/5.0.3/tycho-5.0.3.pom
[INFO] Downloading from eclipse-snapshots: https://repo.eclipse.org/content/repositories/eclipse-maven2-snapshots/org/eclipse/tycho/tycho/5.0.3/tycho-5.0.3.pom
[INFO] Downloading from eclipse-cbi: https://repo.eclipse.org/content/repositories/cbi-maven2/org/eclipse/tycho/tycho/5.0.3/tycho-5.0.3.pom
[INFO] Downloaded from eclipse-cbi: https://repo.eclipse.org/content/repositories/cbi-maven2/org/eclipse/tycho/tycho/5.0.3/tycho-5.0.3.pom (23 kB at 441 kB/s)
[INFO] Downloading from tycho-snapshots: https://repo.eclipse.org/content/repositories/tycho-maven2-snapshots/org/eclipse/tycho/tycho-core/5.0.3/tycho-core-5.0.3.pom
[INFO] Downloading from eclipse-snapshots: https://repo.eclipse.org/content/repositories/eclipse-maven2-snapshots/org/eclipse/tycho/tycho-core/5.0.3/tycho-core-5.0.3.pom
[INFO] Downloading from eclipse-cbi: https://repo.eclipse.org/content/repositories/cbi-maven2/org/eclipse/tycho/tycho-core/5.0.3/tycho-core-5.0.3.pom
[INFO] Downloaded from eclipse-cbi: https://repo.eclipse.org/content/repositories/cbi-maven2/org/eclipse/tycho/tycho-core/5.0.3/tycho-core-5.0.3.pom (11 kB at 224 kB/s)
[INFO] Downloading from tycho-snapshots: https://repo.eclipse.org/content/repositories/tycho-maven2-snapshots/org/apache/maven/resolver/maven-resolver-util/1.9.27/maven-resolver-util-1.9.27.pom
[INFO] Downloading from eclipse-snapshots: https://repo.eclipse.org/content/repositories/eclipse-maven2-snapshots/org/apache/maven/resolver/maven-resolver-util/1.9.27/maven-resolver-util-1.9.27.pom
[INFO] Downloading from eclipse-cbi: https://repo.eclipse.org/content/repositories/cbi-maven2/org/apache/maven/resolver/maven-resolver-util/1.9.27/maven-resolver-util-1.9.27.pom
[INFO] Downloaded from eclipse-cbi: https://repo.eclipse.org/content/repositories/cbi-maven2/org/apache/maven/resolver/maven-resolver-util/1.9.27/maven-resolver-util-1.9.27.pom (2.2 kB at 48 kB/s)
[INFO] Downloading from tycho-snapshots: https://repo.eclipse.org/content/repositories/tycho-maven2-snapshots/org/apache/maven/resolver/maven-resolver/1.9.27/maven-resolver-1.9.27.pom
[INFO] Downloading from eclipse-snapshots: https://repo.eclipse.org/content/repositories/eclipse-maven2-snapshots/org/apache/maven/resolver/maven-resolver/1.9.27/maven-resolver-1.9.27.pom
[INFO] Downloading from eclipse-cbi: https://repo.eclipse.org/content/repositories/cbi-maven2/org/apache/maven/resolver/maven-resolver/1.9.27/maven-resolver-1.9.27.pom
[INFO] Downloaded from eclipse-cbi: https://repo.eclipse.org/content/repositories/cbi-maven2/org/apache/maven/resolver/maven-resolver/1.9.27/maven-resolver-1.9.27.pom (25 kB at 522 kB/s)
[INFO] Downloading from tycho-snapshots: https://repo.eclipse.org/content/repositories/tycho-maven2-snapshots/org/apache/maven/maven-parent/47/maven-parent-47.pom
[INFO] Downloading from eclipse-snapshots: https://repo.eclipse.org/content/repositories/eclipse-maven2-snapshots/org/apache/maven/maven-parent/47/maven-parent-47.pom
[INFO] Downloading from eclipse-cbi: https://repo.eclipse.org/content/repositories/cbi-maven2/org/apache/maven/maven-parent/47/maven-parent-47.pom
[INFO] Downloaded from eclipse-cbi: https://repo.eclipse.org/content/repositories/cbi-maven2/org/apache/maven/maven-parent/47/maven-parent-47.pom (54 kB at 1.3 MB/s)
[INFO] Downloading from tycho-snapshots: https://repo.eclipse.org/content/repositories/tycho-maven2-snapshots/org/apache/apache/37/apache-37.pom
[INFO] Downloading from eclipse-snapshots: https://repo.eclipse.org/content/repositories/eclipse-maven2-snapshots/org/apache/apache/37/apache-37.pom
[INFO] Downloading from eclipse-cbi: https://repo.eclipse.org/content/repositories/cbi-maven2/org/apache/apache/37/apache-37.pom
[INFO] Downloaded from eclipse-cbi: https://repo.eclipse.org/content/repositories/cbi-maven2/org/apache/apache/37/apache-37.pom (26 kB at 640 kB/s)
[INFO] Downloading from tycho-snapshots: https://repo.eclipse.org/content/repositories/tycho-maven2-snapshots/org/junit/junit-bom/5.14.2/junit-bom-5.14.2.pom
[INFO] Downloading from eclipse-snapshots: https://repo.eclipse.org/content/repositories/eclipse-maven2-snapshots/org/junit/junit-bom/5.14.2/junit-bom-5.14.2.pom
[INFO] Downloading from eclipse-cbi: https://repo.eclipse.org/content/repositories/cbi-maven2/org/junit/junit-bom/5.14.2/junit-bom-5.14.2.pom
[INFO] Downloaded from eclipse-cbi: https://repo.eclipse.org/content/repositories/cbi-maven2/org/junit/junit-bom/5.14.2/junit-bom-5.14.2.pom (5.7 kB at 145 kB/s)
[INFO] Downloading from tycho-snapshots: https://repo.eclipse.org/content/repositories/tycho-maven2-snapshots/org/apache/maven/resolver/maven-resolver-api/1.9.27/maven-resolver-api-1.9.27.pom
[INFO] Downloading from eclipse-snapshots: https://repo.eclipse.org/content/repositories/eclipse-maven2-snapshots/org/apache/maven/resolver/maven-resolver-api/1.9.27/maven-resolver-api-1.9.27.pom
[INFO] Downloading from eclipse-cbi: https://repo.eclipse.org/content/repositories/cbi-maven2/org/apache/maven/resolver/maven-resolver-api/1.9.27/maven-resolver-api-1.9.27.pom
[INFO] Downloaded from eclipse-cbi: https://repo.eclipse.org/content/repositories/cbi-maven2/org/apache/maven/resolver/maven-resolver-api/1.9.27/maven-resolver-api-1.9.27.pom (2.2 kB at 49 kB/s)
[INFO] Downloading from tycho-snapshots: https://repo.eclipse.org/content/repositories/tycho-maven2-snapshots/org/codehaus/plexus/plexus-archiver/4.11.0/plexus-archiver-4.11.0.pom
[INFO] Downloading from eclipse-snapshots: https://repo.eclipse.org/content/repositories/eclipse-maven2-snapshots/org/codehaus/plexus/plexus-archiver/4.11.0/plexus-archiver-4.11.0.pom
[INFO] Downloading from eclipse-cbi: https://repo.eclipse.org/content/repositories/cbi-maven2/org/codehaus/plexus/plexus-archiver/4.11.0/plexus-archiver-4.11.0.pom
[INFO] Downloaded from eclipse-cbi: https://repo.eclipse.org/content/repositories/cbi-maven2/org/codehaus/plexus/plexus-archiver/4.11.0/plexus-archiver-4.11.0.pom (5.6 kB at 141 kB/s)
[INFO] Downloading from tycho-snapshots: https://repo.eclipse.org/content/repositories/tycho-maven2-snapshots/org/codehaus/plexus/plexus/25/plexus-25.pom
[INFO] Downloading from eclipse-snapshots: https://repo.eclipse.org/content/repositories/eclipse-maven2-snapshots/org/codehaus/plexus/plexus/25/plexus-25.pom
[INFO] Downloading from eclipse-cbi: https://repo.eclipse.org/content/repositories/cbi-maven2/org/codehaus/plexus/plexus/25/plexus-25.pom
[INFO] Downloaded from eclipse-cbi: https://repo.eclipse.org/content/repositories/cbi-maven2/org/codehaus/plexus/plexus/25/plexus-25.pom (31 kB at 765 kB/s)
[INFO] Downloading from tycho-snapshots: https://repo.eclipse.org/content/repositories/tycho-maven2-snapshots/org/junit/junit-bom/5.14.1/junit-bom-5.14.1.pom
[INFO] Downloading from eclipse-snapshots: https://repo.eclipse.org/content/repositories/eclipse-maven2-snapshots/org/junit/junit-bom/5.14.1/junit-bom-5.14.1.pom
[INFO] Downloading from eclipse-cbi: https://repo.eclipse.org/content/repositories/cbi-maven2/org/junit/junit-bom/5.14.1/junit-bom-5.14.1.pom
[INFO] Downloaded from eclipse-cbi: https://repo.eclipse.org/content/repositories/cbi-maven2/org/junit/junit-bom/5.14.1/junit-bom-5.14.1.pom (5.7 kB at 145 kB/s)
[INFO] Downloading from tycho-snapshots: https://repo.eclipse.org/content/repositories/tycho-maven2-snapshots/javax/inject/javax.inject/1/javax.inject-1.pom
[INFO] Downloading from eclipse-snapshots: https://repo.eclipse.org/content/repositories/eclipse-maven2-snapshots/javax/inject/javax.inject/1/javax.inject-1.pom
[INFO] Downloading from eclipse-cbi: https://repo.eclipse.org/content/repositories/cbi-maven2/javax/inject/javax.inject/1/javax.inject-1.pom
[INFO] Downloaded from eclipse-cbi: https://repo.eclipse.org/content/repositories/cbi-maven2/javax/inject/javax.inject/1/javax.inject-1.pom (612 B at 16 kB/s)
[INFO] Downloading from tycho-snapshots: https://repo.eclipse.org/content/repositories/tycho-maven2-snapshots/org/codehaus/plexus/plexus-utils/4.0.3/plexus-utils-4.0.3.pom
[INFO] Downloading from eclipse-snapshots: https://repo.eclipse.org/content/repositories/eclipse-maven2-snapshots/org/codehaus/plexus/plexus-utils/4.0.3/plexus-utils-4.0.3.pom
[INFO] Downloading from eclipse-cbi: https://repo.eclipse.org/content/repositories/cbi-maven2/org/codehaus/plexus/plexus-utils/4.0.3/plexus-utils-4.0.3.pom
[INFO] Downloaded from eclipse-cbi: https://repo.eclipse.org/content/repositories/cbi-maven2/org/codehaus/plexus/plexus-utils/4.0.3/plexus-utils-4.0.3.pom (6.8 kB at 174 kB/s)
[INFO] Downloading from tycho-snapshots: https://repo.eclipse.org/content/repositories/tycho-maven2-snapshots/org/codehaus/plexus/plexus-io/3.6.0/plexus-io-3.6.0.pom
[INFO] Downloading from eclipse-snapshots: https://repo.eclipse.org/content/repositories/eclipse-maven2-snapshots/org/codehaus/plexus/plexus-io/3.6.0/plexus-io-3.6.0.pom
[INFO] Downloading from eclipse-cbi: https://repo.eclipse.org/content/repositories/cbi-maven2/org/codehaus/plexus/plexus-io/3.6.0/plexus-io-3.6.0.pom
[INFO] Downloaded from eclipse-cbi: https://repo.eclipse.org/content/repositories/cbi-maven2/org/codehaus/plexus/plexus-io/3.6.0/plexus-io-3.6.0.pom (3.5 kB at 79 kB/s)
[INFO] Downloading from tycho-snapshots: https://repo.eclipse.org/content/repositories/tycho-maven2-snapshots/org/codehaus/plexus/plexus/24/plexus-24.pom
[INFO] Downloading from eclipse-snapshots: https://repo.eclipse.org/content/repositories/eclipse-maven2-snapshots/org/codehaus/plexus/plexus/24/plexus-24.pom
[INFO] Downloading from eclipse-cbi: https://repo.eclipse.org/content/repositories/cbi-maven2/org/codehaus/plexus/plexus/24/plexus-24.pom
[INFO] Downloaded from eclipse-cbi: https://repo.eclipse.org/content/repositories/cbi-maven2/org/codehaus/plexus/plexus/24/plexus-24.pom (31 kB at 730 kB/s)
[INFO] Downloading from tycho-snapshots: https://repo.eclipse.org/content/repositories/tycho-maven2-snapshots/commons-io/commons-io/2.22.0/commons-io-2.22.0.pom
[INFO] Downloading from eclipse-snapshots: https://repo.eclipse.org/content/repositories/eclipse-maven2-snapshots/commons-io/commons-io/2.22.0/commons-io-2.22.0.pom
[INFO] Downloading from eclipse-cbi: https://repo.eclipse.org/content/repositories/cbi-maven2/commons-io/commons-io/2.22.0/commons-io-2.22.0.pom
[INFO] Downloaded from eclipse-cbi: https://repo.eclipse.org/content/repositories/cbi-maven2/commons-io/commons-io/2.22.0/commons-io-2.22.0.pom (20 kB at 441 kB/s)
[INFO] Downloading from tycho-snapshots: https://repo.eclipse.org/content/repositories/tycho-maven2-snapshots/org/apache/commons/commons-parent/98/commons-parent-98.pom
[INFO] Downloading from eclipse-snapshots: https://repo.eclipse.org/content/repositories/eclipse-maven2-snapshots/org/apache/commons/commons-parent/98/commons-parent-98.pom
[INFO] Downloading from eclipse-cbi: https://repo.eclipse.org/content/repositories/cbi-maven2/org/apache/commons/commons-parent/98/commons-parent-98.pom
[INFO] Downloaded from eclipse-cbi: https://repo.eclipse.org/content/repositories/cbi-maven2/org/apache/commons/commons-parent/98/commons-parent-98.pom (80 kB at 1.4 MB/s)
[INFO] Downloading from tycho-snapshots: https://repo.eclipse.org/content/repositories/tycho-maven2-snapshots/org/apache/commons/commons-compress/1.28.0/commons-compress-1.28.0.pom
[INFO] Downloading from eclipse-snapshots: https://repo.eclipse.org/content/repositories/eclipse-maven2-snapshots/org/apache/commons/commons-compress/1.28.0/commons-compress-1.28.0.pom
[INFO] Downloading from eclipse-cbi: https://repo.eclipse.org/content/repositories/cbi-maven2/org/apache/commons/commons-compress/1.28.0/commons-compress-1.28.0.pom
[INFO] Downloaded from eclipse-cbi: https://repo.eclipse.org/content/repositories/cbi-maven2/org/apache/commons/commons-compress/1.28.0/commons-compress-1.28.0.pom (25 kB at 589 kB/s)
[INFO] Downloading from tycho-snapshots: https://repo.eclipse.org/content/repositories/tycho-maven2-snapshots/org/apache/commons/commons-lang3/3.20.0/commons-lang3-3.20.0.pom
[INFO] Downloading from eclipse-snapshots: https://repo.eclipse.org/content/repositories/eclipse-maven2-snapshots/org/apache/commons/commons-lang3/3.20.0/commons-lang3-3.20.0.pom
[INFO] Downloading from eclipse-cbi: https://repo.eclipse.org/content/repositories/cbi-maven2/org/apache/commons/commons-lang3/3.20.0/commons-lang3-3.20.0.pom
[INFO] Downloaded from eclipse-cbi: https://repo.eclipse.org/content/repositories/cbi-maven2/org/apache/commons/commons-lang3/3.20.0/commons-lang3-3.20.0.pom (33 kB at 794 kB/s)
[INFO] Downloading from tycho-snapshots: https://repo.eclipse.org/content/repositories/tycho-maven2-snapshots/org/apache/commons/commons-parent/92/commons-parent-92.pom
[INFO] Downloading from eclipse-snapshots: https://repo.eclipse.org/content/repositories/eclipse-maven2-snapshots/org/apache/commons/commons-parent/92/commons-parent-92.pom
[INFO] Downloading from eclipse-cbi: https://repo.eclipse.org/content/repositories/cbi-maven2/org/apache/commons/commons-parent/92/commons-parent-92.pom
[INFO] Downloaded from eclipse-cbi: https://repo.eclipse.org/content/repositories/cbi-maven2/org/apache/commons/commons-parent/92/commons-parent-92.pom (80 kB at 1.9 MB/s)
[INFO] Downloading from tycho-snapshots: https://repo.eclipse.org/content/repositories/tycho-maven2-snapshots/org/tukaani/xz/1.11/xz-1.11.pom
[INFO] Downloading from eclipse-snapshots: https://repo.eclipse.org/content/repositories/eclipse-maven2-snapshots/org/tukaani/xz/1.11/xz-1.11.pom
[INFO] Downloading from eclipse-cbi: https://repo.eclipse.org/content/repositories/cbi-maven2/org/tukaani/xz/1.11/xz-1.11.pom
[INFO] Downloaded from eclipse-cbi: https://repo.eclipse.org/content/repositories/cbi-maven2/org/tukaani/xz/1.11/xz-1.11.pom (1.9 kB at 51 kB/s)
[INFO] Downloading from tycho-snapshots: https://repo.eclipse.org/content/repositories/tycho-maven2-snapshots/com/github/luben/zstd-jni/1.5.7-6/zstd-jni-1.5.7-6.pom
[INFO] Downloading from eclipse-snapshots: https://repo.eclipse.org/content/repositories/eclipse-maven2-snapshots/com/github/luben/zstd-jni/1.5.7-6/zstd-jni-1.5.7-6.pom
[INFO] Downloading from eclipse-cbi: https://repo.eclipse.org/content/repositories/cbi-maven2/com/github/luben/zstd-jni/1.5.7-6/zstd-jni-1.5.7-6.pom
[INFO] Downloaded from eclipse-cbi: https://repo.eclipse.org/content/repositories/cbi-maven2/com/github/luben/zstd-jni/1.5.7-6/zstd-jni-1.5.7-6.pom (2.0 kB at 51 kB/s)
[INFO] Downloading from tycho-snapshots: https://repo.eclipse.org/content/repositories/tycho-maven2-snapshots/org/codehaus/plexus/plexus-interpolation/1.29/plexus-interpolation-1.29.pom
[INFO] Downloading from eclipse-snapshots: https://repo.eclipse.org/content/repositories/eclipse-maven2-snapshots/org/codehaus/plexus/plexus-interpolation/1.29/plexus-interpolation-1.29.pom
[INFO] Downloading from eclipse-cbi: https://repo.eclipse.org/content/repositories/cbi-maven2/org/codehaus/plexus/plexus-interpolation/1.29/plexus-interpolation-1.29.pom
[INFO] Downloaded from eclipse-cbi: https://repo.eclipse.org/content/repositories/cbi-maven2/org/codehaus/plexus/plexus-interpolation/1.29/plexus-interpolation-1.29.pom (4.7 kB at 121 kB/s)
[INFO] Downloading from tycho-snapshots: https://repo.eclipse.org/content/repositories/tycho-maven2-snapshots/org/eclipse/tycho/sisu-equinox-launching/5.0.3/sisu-equinox-launching-5.0.3.pom
[INFO] Downloading from eclipse-snapshots: https://repo.eclipse.org/content/repositories/eclipse-maven2-snapshots/org/eclipse/tycho/sisu-equinox-launching/5.0.3/sisu-equinox-launching-5.0.3.pom
[INFO] Downloading from eclipse-cbi: https://repo.eclipse.org/content/repositories/cbi-maven2/org/eclipse/tycho/sisu-equinox-launching/5.0.3/sisu-equinox-launching-5.0.3.pom
[INFO] Downloaded from eclipse-cbi: https://repo.eclipse.org/content/repositories/cbi-maven2/org/eclipse/tycho/sisu-equinox-launching/5.0.3/sisu-equinox-launching-5.0.3.pom (2.5 kB at 64 kB/s)
[INFO] Downloading from tycho-snapshots: https://repo.eclipse.org/content/repositories/tycho-maven2-snapshots/org/eclipse/tycho/sisu-osgi/5.0.3/sisu-osgi-5.0.3.pom
[INFO] Downloading from eclipse-snapshots: https://repo.eclipse.org/content/repositories/eclipse-maven2-snapshots/org/eclipse/tycho/sisu-osgi/5.0.3/sisu-osgi-5.0.3.pom
[INFO] Downloading from eclipse-cbi: https://repo.eclipse.org/content/repositories/cbi-maven2/org/eclipse/tycho/sisu-osgi/5.0.3/sisu-osgi-5.0.3.pom
[INFO] Downloaded from eclipse-cbi: https://repo.eclipse.org/content/repositories/cbi-maven2/org/eclipse/tycho/sisu-osgi/5.0.3/sisu-osgi-5.0.3.pom (1.0 kB at 27 kB/s)
[INFO] Downloading from tycho-snapshots: https://repo.eclipse.org/content/repositories/tycho-maven2-snapshots/org/eclipse/tycho/tycho-api/5.0.3/tycho-api-5.0.3.pom
[INFO] Downloading from eclipse-snapshots: https://repo.eclipse.org/content/repositories/eclipse-maven2-snapshots/org/eclipse/tycho/tycho-api/5.0.3/tycho-api-5.0.3.pom
[INFO] Downloading from eclipse-cbi: https://repo.eclipse.org/content/repositories/cbi-maven2/org/eclipse/tycho/tycho-api/5.0.3/tycho-api-5.0.3.pom
[INFO] Downloaded from eclipse-cbi: https://repo.eclipse.org/content/repositories/cbi-maven2/org/eclipse/tycho/tycho-api/5.0.3/tycho-api-5.0.3.pom (1.7 kB at 40 kB/s)
[INFO] Downloading from tycho-snapshots: https://repo.eclipse.org/content/repositories/tycho-maven2-snapshots/org/eclipse/platform/org.eclipse.equinox.p2.metadata/2.9.600/org.eclipse.equinox.p2.metadata-2.9.600.pom
[INFO] Downloading from eclipse-snapshots: https://repo.eclipse.org/content/repositories/eclipse-maven2-snapshots/org/eclipse/platform/org.eclipse.equinox.p2.metadata/2.9.600/org.eclipse.equinox.p2.metadata-2.9.600.pom
[INFO] Downloading from eclipse-cbi: https://repo.eclipse.org/content/repositories/cbi-maven2/org/eclipse/platform/org.eclipse.equinox.p2.metadata/2.9.600/org.eclipse.equinox.p2.metadata-2.9.600.pom
[INFO] Downloaded from eclipse-cbi: https://repo.eclipse.org/content/repositories/cbi-maven2/org/eclipse/platform/org.eclipse.equinox.p2.metadata/2.9.600/org.eclipse.equinox.p2.metadata-2.9.600.pom (2.2 kB at 56 kB/s)
[INFO] Downloading from tycho-snapshots: https://repo.eclipse.org/content/repositories/tycho-maven2-snapshots/org/eclipse/platform/org.eclipse.equinox.common/3.20.300/org.eclipse.equinox.common-3.20.300.pom
[INFO] Downloading from eclipse-snapshots: https://repo.eclipse.org/content/repositories/eclipse-maven2-snapshots/org/eclipse/platform/org.eclipse.equinox.common/3.20.300/org.eclipse.equinox.common-3.20.300.pom
[INFO] Downloading from eclipse-cbi: https://repo.eclipse.org/content/repositories/cbi-maven2/org/eclipse/platform/org.eclipse.equinox.common/3.20.300/org.eclipse.equinox.common-3.20.300.pom
[INFO] Downloaded from eclipse-cbi: https://repo.eclipse.org/content/repositories/cbi-maven2/org/eclipse/platform/org.eclipse.equinox.common/3.20.300/org.eclipse.equinox.common-3.20.300.pom (1.8 kB at 41 kB/s)
[INFO] Downloading from tycho-snapshots: https://repo.eclipse.org/content/repositories/tycho-maven2-snapshots/org/eclipse/platform/org.eclipse.osgi/3.24.100/org.eclipse.osgi-3.24.100.pom
[INFO] Downloading from eclipse-snapshots: https://repo.eclipse.org/content/repositories/eclipse-maven2-snapshots/org/eclipse/platform/org.eclipse.osgi/3.24.100/org.eclipse.osgi-3.24.100.pom
[INFO] Downloading from eclipse-cbi: https://repo.eclipse.org/content/repositories/cbi-maven2/org/eclipse/platform/org.eclipse.osgi/3.24.100/org.eclipse.osgi-3.24.100.pom
[INFO] Downloaded from eclipse-cbi: https://repo.eclipse.org/content/repositories/cbi-maven2/org/eclipse/platform/org.eclipse.osgi/3.24.100/org.eclipse.osgi-3.24.100.pom (1.5 kB at 34 kB/s)
[INFO] Downloading from tycho-snapshots: https://repo.eclipse.org/content/repositories/tycho-maven2-snapshots/org/eclipse/platform/org.eclipse.equinox.p2.core/2.13.200/org.eclipse.equinox.p2.core-2.13.200.pom
[INFO] Downloading from eclipse-snapshots: https://repo.eclipse.org/content/repositories/eclipse-maven2-snapshots/org/eclipse/platform/org.eclipse.equinox.p2.core/2.13.200/org.eclipse.equinox.p2.core-2.13.200.pom
[INFO] Downloading from eclipse-cbi: https://repo.eclipse.org/content/repositories/cbi-maven2/org/eclipse/platform/org.eclipse.equinox.p2.core/2.13.200/org.eclipse.equinox.p2.core-2.13.200.pom
[INFO] Downloaded from eclipse-cbi: https://repo.eclipse.org/content/repositories/cbi-maven2/org/eclipse/platform/org.eclipse.equinox.p2.core/2.13.200/org.eclipse.equinox.p2.core-2.13.200.pom (2.5 kB at 64 kB/s)
[INFO] Downloading from tycho-snapshots: https://repo.eclipse.org/content/repositories/tycho-maven2-snapshots/org/bouncycastle/bcpg-jdk18on/1.84/bcpg-jdk18on-1.84.pom
[INFO] Downloading from eclipse-snapshots: https://repo.eclipse.org/content/repositories/eclipse-maven2-snapshots/org/bouncycastle/bcpg-jdk18on/1.84/bcpg-jdk18on-1.84.pom
[INFO] Downloading from eclipse-cbi: https://repo.eclipse.org/content/repositories/cbi-maven2/org/bouncycastle/bcpg-jdk18on/1.84/bcpg-jdk18on-1.84.pom
[INFO] Downloaded from eclipse-cbi: https://repo.eclipse.org/content/repositories/cbi-maven2/org/bouncycastle/bcpg-jdk18on/1.84/bcpg-jdk18on-1.84.pom (1.8 kB at 43 kB/s)
[INFO] Downloading from tycho-snapshots: https://repo.eclipse.org/content/repositories/tycho-maven2-snapshots/org/bouncycastle/bcprov-jdk18on/1.84/bcprov-jdk18on-1.84.pom
[INFO] Downloading from eclipse-snapshots: https://repo.eclipse.org/content/repositories/eclipse-maven2-snapshots/org/bouncycastle/bcprov-jdk18on/1.84/bcprov-jdk18on-1.84.pom
[INFO] Downloading from eclipse-cbi: https://repo.eclipse.org/content/repositories/cbi-maven2/org/bouncycastle/bcprov-jdk18on/1.84/bcprov-jdk18on-1.84.pom
[INFO] Downloaded from eclipse-cbi: https://repo.eclipse.org/content/repositories/cbi-maven2/org/bouncycastle/bcprov-jdk18on/1.84/bcprov-jdk18on-1.84.pom (1.2 kB at 30 kB/s)
[INFO] Downloading from tycho-snapshots: https://repo.eclipse.org/content/repositories/tycho-maven2-snapshots/org/bouncycastle/bcutil-jdk18on/1.84/bcutil-jdk18on-1.84.pom
[INFO] Downloading from eclipse-snapshots: https://repo.eclipse.org/content/repositories/eclipse-maven2-snapshots/org/bouncycastle/bcutil-jdk18on/1.84/bcutil-jdk18on-1.84.pom
[INFO] Downloading from eclipse-cbi: https://repo.eclipse.org/content/repositories/cbi-maven2/org/bouncycastle/bcutil-jdk18on/1.84/bcutil-jdk18on-1.84.pom
[INFO] Downloaded from eclipse-cbi: https://repo.eclipse.org/content/repositories/cbi-maven2/org/bouncycastle/bcutil-jdk18on/1.84/bcutil-jdk18on-1.84.pom (1.3 kB at 33 kB/s)
[INFO] Downloading from tycho-snapshots: https://repo.eclipse.org/content/repositories/tycho-maven2-snapshots/org/eclipse/platform/org.eclipse.equinox.registry/3.12.600/org.eclipse.equinox.registry-3.12.600.pom
[INFO] Downloading from eclipse-snapshots: https://repo.eclipse.org/content/repositories/eclipse-maven2-snapshots/org/eclipse/platform/org.eclipse.equinox.registry/3.12.600/org.eclipse.equinox.registry-3.12.600.pom
[INFO] Downloading from eclipse-cbi: https://repo.eclipse.org/content/repositories/cbi-maven2/org/eclipse/platform/org.eclipse.equinox.registry/3.12.600/org.eclipse.equinox.registry-3.12.600.pom
[INFO] Downloaded from eclipse-cbi: https://repo.eclipse.org/content/repositories/cbi-maven2/org/eclipse/platform/org.eclipse.equinox.registry/3.12.600/org.eclipse.equinox.registry-3.12.600.pom (2.2 kB at 57 kB/s)
[INFO] Downloading from tycho-snapshots: https://repo.eclipse.org/content/repositories/tycho-maven2-snapshots/org/eclipse/platform/org.eclipse.core.runtime/3.34.200/org.eclipse.core.runtime-3.34.200.pom
[INFO] Downloading from eclipse-snapshots: https://repo.eclipse.org/content/repositories/eclipse-maven2-snapshots/org/eclipse/platform/org.eclipse.core.runtime/3.34.200/org.eclipse.core.runtime-3.34.200.pom
[INFO] Downloading from eclipse-cbi: https://repo.eclipse.org/content/repositories/cbi-maven2/org/eclipse/platform/org.eclipse.core.runtime/3.34.200/org.eclipse.core.runtime-3.34.200.pom
[INFO] Downloaded from eclipse-cbi: https://repo.eclipse.org/content/repositories/cbi-maven2/org/eclipse/platform/org.eclipse.core.runtime/3.34.200/org.eclipse.core.runtime-3.34.200.pom (3.0 kB at 80 kB/s)
[INFO] Downloading from tycho-snapshots: https://repo.eclipse.org/content/repositories/tycho-maven2-snapshots/org/eclipse/platform/org.eclipse.equinox.preferences/3.12.100/org.eclipse.equinox.preferences-3.12.100.pom
[INFO] Downloading from eclipse-snapshots: https://repo.eclipse.org/content/repositories/eclipse-maven2-snapshots/org/eclipse/platform/org.eclipse.equinox.preferences/3.12.100/org.eclipse.equinox.preferences-3.12.100.pom
[INFO] Downloading from eclipse-cbi: https://repo.eclipse.org/content/repositories/cbi-maven2/org/eclipse/platform/org.eclipse.equinox.preferences/3.12.100/org.eclipse.equinox.preferences-3.12.100.pom
[INFO] Downloaded from eclipse-cbi: https://repo.eclipse.org/content/repositories/cbi-maven2/org/eclipse/platform/org.eclipse.equinox.preferences/3.12.100/org.eclipse.equinox.preferences-3.12.100.pom (2.4 kB at 46 kB/s)
[INFO] Downloading from tycho-snapshots: https://repo.eclipse.org/content/repositories/tycho-maven2-snapshots/org/eclipse/platform/org.eclipse.core.contenttype/3.9.800/org.eclipse.core.contenttype-3.9.800.pom
[INFO] Downloading from eclipse-snapshots: https://repo.eclipse.org/content/repositories/eclipse-maven2-snapshots/org/eclipse/platform/org.eclipse.core.contenttype/3.9.800/org.eclipse.core.contenttype-3.9.800.pom
[INFO] Downloading from eclipse-cbi: https://repo.eclipse.org/content/repositories/cbi-maven2/org/eclipse/platform/org.eclipse.core.contenttype/3.9.800/org.eclipse.core.contenttype-3.9.800.pom
[INFO] Downloaded from eclipse-cbi: https://repo.eclipse.org/content/repositories/cbi-maven2/org/eclipse/platform/org.eclipse.core.contenttype/3.9.800/org.eclipse.core.contenttype-3.9.800.pom (2.5 kB at 63 kB/s)
[INFO] Downloading from tycho-snapshots: https://repo.eclipse.org/content/repositories/tycho-maven2-snapshots/org/eclipse/platform/org.eclipse.equinox.app/1.7.600/org.eclipse.equinox.app-1.7.600.pom
[INFO] Downloading from eclipse-snapshots: https://repo.eclipse.org/content/repositories/eclipse-maven2-snapshots/org/eclipse/platform/org.eclipse.equinox.app/1.7.600/org.eclipse.equinox.app-1.7.600.pom
[INFO] Downloading from eclipse-cbi: https://repo.eclipse.org/content/repositories/cbi-maven2/org/eclipse/platform/org.eclipse.equinox.app/1.7.600/org.eclipse.equinox.app-1.7.600.pom
[INFO] Downloaded from eclipse-cbi: https://repo.eclipse.org/content/repositories/cbi-maven2/org/eclipse/platform/org.eclipse.equinox.app/1.7.600/org.eclipse.equinox.app-1.7.600.pom (2.4 kB at 52 kB/s)
[INFO] Downloading from tycho-snapshots: https://repo.eclipse.org/content/repositories/tycho-maven2-snapshots/org/eclipse/platform/org.eclipse.equinox.p2.repository/2.9.600/org.eclipse.equinox.p2.repository-2.9.600.pom
[INFO] Downloading from eclipse-snapshots: https://repo.eclipse.org/content/repositories/eclipse-maven2-snapshots/org/eclipse/platform/org.eclipse.equinox.p2.repository/2.9.600/org.eclipse.equinox.p2.repository-2.9.600.pom
[INFO] Downloading from eclipse-cbi: https://repo.eclipse.org/content/repositories/cbi-maven2/org/eclipse/platform/org.eclipse.equinox.p2.repository/2.9.600/org.eclipse.equinox.p2.repository-2.9.600.pom
[INFO] Downloaded from eclipse-cbi: https://repo.eclipse.org/content/repositories/cbi-maven2/org/eclipse/platform/org.eclipse.equinox.p2.repository/2.9.600/org.eclipse.equinox.p2.repository-2.9.600.pom (3.6 kB at 92 kB/s)
[INFO] Downloading from tycho-snapshots: https://repo.eclipse.org/content/repositories/tycho-maven2-snapshots/org/eclipse/tycho/sisu-osgi-api/5.0.3/sisu-osgi-api-5.0.3.pom
[INFO] Downloading from eclipse-snapshots: https://repo.eclipse.org/content/repositories/eclipse-maven2-snapshots/org/eclipse/tycho/sisu-osgi-api/5.0.3/sisu-osgi-api-5.0.3.pom
[INFO] Downloading from eclipse-cbi: https://repo.eclipse.org/content/repositories/cbi-maven2/org/eclipse/tycho/sisu-osgi-api/5.0.3/sisu-osgi-api-5.0.3.pom
[INFO] Downloaded from eclipse-cbi: https://repo.eclipse.org/content/repositories/cbi-maven2/org/eclipse/tycho/sisu-osgi-api/5.0.3/sisu-osgi-api-5.0.3.pom (951 B at 25 kB/s)
[INFO] Downloading from tycho-snapshots: https://repo.eclipse.org/content/repositories/tycho-maven2-snapshots/org/apache/commons/commons-exec/1.6.0/commons-exec-1.6.0.pom
[INFO] Downloading from eclipse-snapshots: https://repo.eclipse.org/content/repositories/eclipse-maven2-snapshots/org/apache/commons/commons-exec/1.6.0/commons-exec-1.6.0.pom
[INFO] Downloading from eclipse-cbi: https://repo.eclipse.org/content/repositories/cbi-maven2/org/apache/commons/commons-exec/1.6.0/commons-exec-1.6.0.pom
[INFO] Downloaded from eclipse-cbi: https://repo.eclipse.org/content/repositories/cbi-maven2/org/apache/commons/commons-exec/1.6.0/commons-exec-1.6.0.pom (11 kB at 257 kB/s)
[INFO] Downloading from tycho-snapshots: https://repo.eclipse.org/content/repositories/tycho-maven2-snapshots/org/apache/commons/commons-parent/93/commons-parent-93.pom
[INFO] Downloading from eclipse-snapshots: https://repo.eclipse.org/content/repositories/eclipse-maven2-snapshots/org/apache/commons/commons-parent/93/commons-parent-93.pom
[INFO] Downloading from eclipse-cbi: https://repo.eclipse.org/content/repositories/cbi-maven2/org/apache/commons/commons-parent/93/commons-parent-93.pom
[INFO] Downloaded from eclipse-cbi: https://repo.eclipse.org/content/repositories/cbi-maven2/org/apache/commons/commons-parent/93/commons-parent-93.pom (79 kB at 1.8 MB/s)
[INFO] Downloading from tycho-snapshots: https://repo.eclipse.org/content/repositories/tycho-maven2-snapshots/org/eclipse/tycho/tycho-metadata-model/5.0.3/tycho-metadata-model-5.0.3.pom
[INFO] Downloading from eclipse-snapshots: https://repo.eclipse.org/content/repositories/eclipse-maven2-snapshots/org/eclipse/tycho/tycho-metadata-model/5.0.3/tycho-metadata-model-5.0.3.pom
[INFO] Downloading from eclipse-cbi: https://repo.eclipse.org/content/repositories/cbi-maven2/org/eclipse/tycho/tycho-metadata-model/5.0.3/tycho-metadata-model-5.0.3.pom
[INFO] Downloaded from eclipse-cbi: https://repo.eclipse.org/content/repositories/cbi-maven2/org/eclipse/tycho/tycho-metadata-model/5.0.3/tycho-metadata-model-5.0.3.pom (2.0 kB at 42 kB/s)
[INFO] Downloading from tycho-snapshots: https://repo.eclipse.org/content/repositories/tycho-maven2-snapshots/biz/aQute/bnd/biz.aQute.repository/7.2.3/biz.aQute.repository-7.2.3.pom
[INFO] Downloading from eclipse-snapshots: https://repo.eclipse.org/content/repositories/eclipse-maven2-snapshots/biz/aQute/bnd/biz.aQute.repository/7.2.3/biz.aQute.repository-7.2.3.pom
[INFO] Downloading from eclipse-cbi: https://repo.eclipse.org/content/repositories/cbi-maven2/biz/aQute/bnd/biz.aQute.repository/7.2.3/biz.aQute.repository-7.2.3.pom
[INFO] Downloaded from eclipse-cbi: https://repo.eclipse.org/content/repositories/cbi-maven2/biz/aQute/bnd/biz.aQute.repository/7.2.3/biz.aQute.repository-7.2.3.pom (5.6 kB at 89 kB/s)
[INFO] Downloading from tycho-snapshots: https://repo.eclipse.org/content/repositories/tycho-maven2-snapshots/biz/aQute/bnd/biz.aQute.bnd.util/7.2.3/biz.aQute.bnd.util-7.2.3.pom
[INFO] Downloading from eclipse-snapshots: https://repo.eclipse.org/content/repositories/eclipse-maven2-snapshots/biz/aQute/bnd/biz.aQute.bnd.util/7.2.3/biz.aQute.bnd.util-7.2.3.pom
[INFO] Downloading from eclipse-cbi: https://repo.eclipse.org/content/repositories/cbi-maven2/biz/aQute/bnd/biz.aQute.bnd.util/7.2.3/biz.aQute.bnd.util-7.2.3.pom
[INFO] Downloaded from eclipse-cbi: https://repo.eclipse.org/content/repositories/cbi-maven2/biz/aQute/bnd/biz.aQute.bnd.util/7.2.3/biz.aQute.bnd.util-7.2.3.pom (3.4 kB at 85 kB/s)
[INFO] Downloading from tycho-snapshots: https://repo.eclipse.org/content/repositories/tycho-maven2-snapshots/biz/aQute/bnd/biz.aQute.bndlib/7.2.3/biz.aQute.bndlib-7.2.3.pom
[INFO] Downloading from eclipse-snapshots: https://repo.eclipse.org/content/repositories/eclipse-maven2-snapshots/biz/aQute/bnd/biz.aQute.bndlib/7.2.3/biz.aQute.bndlib-7.2.3.pom
[INFO] Downloading from eclipse-cbi: https://repo.eclipse.org/content/repositories/cbi-maven2/biz/aQute/bnd/biz.aQute.bndlib/7.2.3/biz.aQute.bndlib-7.2.3.pom
[INFO] Downloaded from eclipse-cbi: https://repo.eclipse.org/content/repositories/cbi-maven2/biz/aQute/bnd/biz.aQute.bndlib/7.2.3/biz.aQute.bndlib-7.2.3.pom (6.2 kB at 144 kB/s)
[INFO] Downloading from tycho-snapshots: https://repo.eclipse.org/content/repositories/tycho-maven2-snapshots/commons-codec/commons-codec/1.22.0/commons-codec-1.22.0.pom
[INFO] Downloading from eclipse-snapshots: https://repo.eclipse.org/content/repositories/eclipse-maven2-snapshots/commons-codec/commons-codec/1.22.0/commons-codec-1.22.0.pom
[INFO] Downloading from eclipse-cbi: https://repo.eclipse.org/content/repositories/cbi-maven2/commons-codec/commons-codec/1.22.0/commons-codec-1.22.0.pom
[INFO] Downloaded from eclipse-cbi: https://repo.eclipse.org/content/repositories/cbi-maven2/commons-codec/commons-codec/1.22.0/commons-codec-1.22.0.pom (19 kB at 484 kB/s)
[INFO] Downloading from tycho-snapshots: https://repo.eclipse.org/content/repositories/tycho-maven2-snapshots/org/eclipse/tycho/tycho-spi/5.0.3/tycho-spi-5.0.3.pom
[INFO] Downloading from eclipse-snapshots: https://repo.eclipse.org/content/repositories/eclipse-maven2-snapshots/org/eclipse/tycho/tycho-spi/5.0.3/tycho-spi-5.0.3.pom
[INFO] Downloading from eclipse-cbi: https://repo.eclipse.org/content/repositories/cbi-maven2/org/eclipse/tycho/tycho-spi/5.0.3/tycho-spi-5.0.3.pom
[INFO] Downloaded from eclipse-cbi: https://repo.eclipse.org/content/repositories/cbi-maven2/org/eclipse/tycho/tycho-spi/5.0.3/tycho-spi-5.0.3.pom (2.5 kB at 65 kB/s)
[INFO] Downloading from tycho-snapshots: https://repo.eclipse.org/content/repositories/tycho-maven2-snapshots/org/codehaus/plexus/plexus-xml/3.0.2/plexus-xml-3.0.2.pom
[INFO] Downloading from eclipse-snapshots: https://repo.eclipse.org/content/repositories/eclipse-maven2-snapshots/org/codehaus/plexus/plexus-xml/3.0.2/plexus-xml-3.0.2.pom
[INFO] Downloading from eclipse-cbi: https://repo.eclipse.org/content/repositories/cbi-maven2/org/codehaus/plexus/plexus-xml/3.0.2/plexus-xml-3.0.2.pom
[INFO] Downloaded from eclipse-cbi: https://repo.eclipse.org/content/repositories/cbi-maven2/org/codehaus/plexus/plexus-xml/3.0.2/plexus-xml-3.0.2.pom (3.6 kB at 94 kB/s)
[INFO] Downloading from tycho-snapshots: https://repo.eclipse.org/content/repositories/tycho-maven2-snapshots/org/codehaus/plexus/plexus/20/plexus-20.pom
[INFO] Downloading from eclipse-snapshots: https://repo.eclipse.org/content/repositories/eclipse-maven2-snapshots/org/codehaus/plexus/plexus/20/plexus-20.pom
[INFO] Downloading from eclipse-cbi: https://repo.eclipse.org/content/repositories/cbi-maven2/org/codehaus/plexus/plexus/20/plexus-20.pom
[INFO] Downloaded from eclipse-cbi: https://repo.eclipse.org/content/repositories/cbi-maven2/org/codehaus/plexus/plexus/20/plexus-20.pom (29 kB at 748 kB/s)
[INFO] Downloading from tycho-snapshots: https://repo.eclipse.org/content/repositories/tycho-maven2-snapshots/org/junit/junit-bom/5.11.4/junit-bom-5.11.4.pom
[INFO] Downloading from eclipse-snapshots: https://repo.eclipse.org/content/repositories/eclipse-maven2-snapshots/org/junit/junit-bom/5.11.4/junit-bom-5.11.4.pom
[INFO] Downloading from eclipse-cbi: https://repo.eclipse.org/content/repositories/cbi-maven2/org/junit/junit-bom/5.11.4/junit-bom-5.11.4.pom
[INFO] Downloaded from eclipse-cbi: https://repo.eclipse.org/content/repositories/cbi-maven2/org/junit/junit-bom/5.11.4/junit-bom-5.11.4.pom (5.6 kB at 145 kB/s)
[INFO] Downloading from tycho-snapshots: https://repo.eclipse.org/content/repositories/tycho-maven2-snapshots/org/eclipse/tycho/p2-maven-plugin/5.0.3/p2-maven-plugin-5.0.3.pom
[INFO] Downloading from eclipse-snapshots: https://repo.eclipse.org/content/repositories/eclipse-maven2-snapshots/org/eclipse/tycho/p2-maven-plugin/5.0.3/p2-maven-plugin-5.0.3.pom
[INFO] Downloading from eclipse-cbi: https://repo.eclipse.org/content/repositories/cbi-maven2/org/eclipse/tycho/p2-maven-plugin/5.0.3/p2-maven-plugin-5.0.3.pom
[INFO] Downloaded from eclipse-cbi: https://repo.eclipse.org/content/repositories/cbi-maven2/org/eclipse/tycho/p2-maven-plugin/5.0.3/p2-maven-plugin-5.0.3.pom (7.8 kB at 186 kB/s)
[INFO] Downloading from tycho-snapshots: https://repo.eclipse.org/content/repositories/tycho-maven2-snapshots/org/eclipse/platform/org.eclipse.equinox.p2.core/2.13.300/org.eclipse.equinox.p2.core-2.13.300.pom
[INFO] Downloading from eclipse-snapshots: https://repo.eclipse.org/content/repositories/eclipse-maven2-snapshots/org/eclipse/platform/org.eclipse.equinox.p2.core/2.13.300/org.eclipse.equinox.p2.core-2.13.300.pom
[INFO] Downloading from eclipse-cbi: https://repo.eclipse.org/content/repositories/cbi-maven2/org/eclipse/platform/org.eclipse.equinox.p2.core/2.13.300/org.eclipse.equinox.p2.core-2.13.300.pom
[INFO] Downloaded from eclipse-cbi: https://repo.eclipse.org/content/repositories/cbi-maven2/org/eclipse/platform/org.eclipse.equinox.p2.core/2.13.300/org.eclipse.equinox.p2.core-2.13.300.pom (2.5 kB at 65 kB/s)
[INFO] Downloading from tycho-snapshots: https://repo.eclipse.org/content/repositories/tycho-maven2-snapshots/org/eclipse/platform/org.eclipse.equinox.p2.engine/2.11.0/org.eclipse.equinox.p2.engine-2.11.0.pom
[INFO] Downloading from eclipse-snapshots: https://repo.eclipse.org/content/repositories/eclipse-maven2-snapshots/org/eclipse/platform/org.eclipse.equinox.p2.engine/2.11.0/org.eclipse.equinox.p2.engine-2.11.0.pom
[INFO] Downloading from eclipse-cbi: https://repo.eclipse.org/content/repositories/cbi-maven2/org/eclipse/platform/org.eclipse.equinox.p2.engine/2.11.0/org.eclipse.equinox.p2.engine-2.11.0.pom
[INFO] Downloaded from eclipse-cbi: https://repo.eclipse.org/content/repositories/cbi-maven2/org/eclipse/platform/org.eclipse.equinox.p2.engine/2.11.0/org.eclipse.equinox.p2.engine-2.11.0.pom (4.0 kB at 106 kB/s)
[INFO] Downloading from tycho-snapshots: https://repo.eclipse.org/content/repositories/tycho-maven2-snapshots/org/eclipse/platform/org.eclipse.osgi.compatibility.state/1.3.0/org.eclipse.osgi.compatibility.state-1.3.0.pom
[INFO] Downloading from eclipse-snapshots: https://repo.eclipse.org/content/repositories/eclipse-maven2-snapshots/org/eclipse/platform/org.eclipse.osgi.compatibility.state/1.3.0/org.eclipse.osgi.compatibility.state-1.3.0.pom
[INFO] Downloading from eclipse-cbi: https://repo.eclipse.org/content/repositories/cbi-maven2/org/eclipse/platform/org.eclipse.osgi.compatibility.state/1.3.0/org.eclipse.osgi.compatibility.state-1.3.0.pom
[INFO] Downloaded from eclipse-cbi: https://repo.eclipse.org/content/repositories/cbi-maven2/org/eclipse/platform/org.eclipse.osgi.compatibility.state/1.3.0/org.eclipse.osgi.compatibility.state-1.3.0.pom (1.8 kB at 48 kB/s)
[INFO] Downloading from tycho-snapshots: https://repo.eclipse.org/content/repositories/tycho-maven2-snapshots/org/eclipse/platform/org.eclipse.equinox.p2.publisher.eclipse/1.6.700/org.eclipse.equinox.p2.publisher.eclipse-1.6.700.pom
[INFO] Downloading from eclipse-snapshots: https://repo.eclipse.org/content/repositories/eclipse-maven2-snapshots/org/eclipse/platform/org.eclipse.equinox.p2.publisher.eclipse/1.6.700/org.eclipse.equinox.p2.publisher.eclipse-1.6.700.pom
[INFO] Downloading from eclipse-cbi: https://repo.eclipse.org/content/repositories/cbi-maven2/org/eclipse/platform/org.eclipse.equinox.p2.publisher.eclipse/1.6.700/org.eclipse.equinox.p2.publisher.eclipse-1.6.700.pom
[INFO] Downloaded from eclipse-cbi: https://repo.eclipse.org/content/repositories/cbi-maven2/org/eclipse/platform/org.eclipse.equinox.p2.publisher.eclipse/1.6.700/org.eclipse.equinox.p2.publisher.eclipse-1.6.700.pom (4.2 kB at 92 kB/s)
[INFO] Downloading from tycho-snapshots: https://repo.eclipse.org/content/repositories/tycho-maven2-snapshots/org/eclipse/tycho/sisu-osgi-connect/5.0.3/sisu-osgi-connect-5.0.3.pom
[INFO] Downloading from eclipse-snapshots: https://repo.eclipse.org/content/repositories/eclipse-maven2-snapshots/org/eclipse/tycho/sisu-osgi-connect/5.0.3/sisu-osgi-connect-5.0.3.pom
[INFO] Downloading from eclipse-cbi: https://repo.eclipse.org/content/repositories/cbi-maven2/org/eclipse/tycho/sisu-osgi-connect/5.0.3/sisu-osgi-connect-5.0.3.pom
[INFO] Downloaded from eclipse-cbi: https://repo.eclipse.org/content/repositories/cbi-maven2/org/eclipse/tycho/sisu-osgi-connect/5.0.3/sisu-osgi-connect-5.0.3.pom (1.9 kB at 40 kB/s)
[INFO] Downloading from tycho-snapshots: https://repo.eclipse.org/content/repositories/tycho-maven2-snapshots/org/eclipse/platform/org.eclipse.equinox.p2.touchpoint.natives/1.5.800/org.eclipse.equinox.p2.touchpoint.natives-1.5.800.pom
[INFO] Downloading from eclipse-snapshots: https://repo.eclipse.org/content/repositories/eclipse-maven2-snapshots/org/eclipse/platform/org.eclipse.equinox.p2.touchpoint.natives/1.5.800/org.eclipse.equinox.p2.touchpoint.natives-1.5.800.pom
[INFO] Downloading from eclipse-cbi: https://repo.eclipse.org/content/repositories/cbi-maven2/org/eclipse/platform/org.eclipse.equinox.p2.touchpoint.natives/1.5.800/org.eclipse.equinox.p2.touchpoint.natives-1.5.800.pom
[INFO] Downloaded from eclipse-cbi: https://repo.eclipse.org/content/repositories/cbi-maven2/org/eclipse/platform/org.eclipse.equinox.p2.touchpoint.natives/1.5.800/org.eclipse.equinox.p2.touchpoint.natives-1.5.800.pom (3.0 kB at 69 kB/s)
[INFO] Downloading from tycho-snapshots: https://repo.eclipse.org/content/repositories/tycho-maven2-snapshots/org/eclipse/platform/org.eclipse.equinox.p2.director.app/1.3.900/org.eclipse.equinox.p2.director.app-1.3.900.pom
[INFO] Downloading from eclipse-snapshots: https://repo.eclipse.org/content/repositories/eclipse-maven2-snapshots/org/eclipse/platform/org.eclipse.equinox.p2.director.app/1.3.900/org.eclipse.equinox.p2.director.app-1.3.900.pom
[INFO] Downloading from eclipse-cbi: https://repo.eclipse.org/content/repositories/cbi-maven2/org/eclipse/platform/org.eclipse.equinox.p2.director.app/1.3.900/org.eclipse.equinox.p2.director.app-1.3.900.pom
[INFO] Downloaded from eclipse-cbi: https://repo.eclipse.org/content/repositories/cbi-maven2/org/eclipse/platform/org.eclipse.equinox.p2.director.app/1.3.900/org.eclipse.equinox.p2.director.app-1.3.900.pom (3.6 kB at 93 kB/s)
[INFO] Downloading from tycho-snapshots: https://repo.eclipse.org/content/repositories/tycho-maven2-snapshots/org/eclipse/platform/org.eclipse.equinox.p2.repository.tools/2.4.900/org.eclipse.equinox.p2.repository.tools-2.4.900.pom
[INFO] Downloading from eclipse-snapshots: https://repo.eclipse.org/content/repositories/eclipse-maven2-snapshots/org/eclipse/platform/org.eclipse.equinox.p2.repository.tools/2.4.900/org.eclipse.equinox.p2.repository.tools-2.4.900.pom
[INFO] Downloading from eclipse-cbi: https://repo.eclipse.org/content/repositories/cbi-maven2/org/eclipse/platform/org.eclipse.equinox.p2.repository.tools/2.4.900/org.eclipse.equinox.p2.repository.tools-2.4.900.pom
[INFO] Downloaded from eclipse-cbi: https://repo.eclipse.org/content/repositories/cbi-maven2/org/eclipse/platform/org.eclipse.equinox.p2.repository.tools/2.4.900/org.eclipse.equinox.p2.repository.tools-2.4.900.pom (4.7 kB at 89 kB/s)
[INFO] Downloading from tycho-snapshots: https://repo.eclipse.org/content/repositories/tycho-maven2-snapshots/org/eclipse/platform/org.eclipse.equinox.simpleconfigurator/1.5.700/org.eclipse.equinox.simpleconfigurator-1.5.700.pom
[INFO] Downloading from eclipse-snapshots: https://repo.eclipse.org/content/repositories/eclipse-maven2-snapshots/org/eclipse/platform/org.eclipse.equinox.simpleconfigurator/1.5.700/org.eclipse.equinox.simpleconfigurator-1.5.700.pom
[INFO] Downloading from eclipse-cbi: https://repo.eclipse.org/content/repositories/cbi-maven2/org/eclipse/platform/org.eclipse.equinox.simpleconfigurator/1.5.700/org.eclipse.equinox.simpleconfigurator-1.5.700.pom
[INFO] Downloaded from eclipse-cbi: https://repo.eclipse.org/content/repositories/cbi-maven2/org/eclipse/platform/org.eclipse.equinox.simpleconfigurator/1.5.700/org.eclipse.equinox.simpleconfigurator-1.5.700.pom (1.8 kB at 39 kB/s)
[INFO] Downloading from tycho-snapshots: https://repo.eclipse.org/content/repositories/tycho-maven2-snapshots/org/apache/felix/org.apache.felix.scr/2.2.18/org.apache.felix.scr-2.2.18.pom
[INFO] Downloading from eclipse-snapshots: https://repo.eclipse.org/content/repositories/eclipse-maven2-snapshots/org/apache/felix/org.apache.felix.scr/2.2.18/org.apache.felix.scr-2.2.18.pom
[INFO] Downloading from eclipse-cbi: https://repo.eclipse.org/content/repositories/cbi-maven2/org/apache/felix/org.apache.felix.scr/2.2.18/org.apache.felix.scr-2.2.18.pom
[INFO] Downloaded from eclipse-cbi: https://repo.eclipse.org/content/repositories/cbi-maven2/org/apache/felix/org.apache.felix.scr/2.2.18/org.apache.felix.scr-2.2.18.pom (16 kB at 362 kB/s)
[INFO] Downloading from tycho-snapshots: https://repo.eclipse.org/content/repositories/tycho-maven2-snapshots/org/apache/felix/felix-parent/8/felix-parent-8.pom
[INFO] Downloading from eclipse-snapshots: https://repo.eclipse.org/content/repositories/eclipse-maven2-snapshots/org/apache/felix/felix-parent/8/felix-parent-8.pom
[INFO] Downloading from eclipse-cbi: https://repo.eclipse.org/content/repositories/cbi-maven2/org/apache/felix/felix-parent/8/felix-parent-8.pom
[INFO] Downloaded from eclipse-cbi: https://repo.eclipse.org/content/repositories/cbi-maven2/org/apache/felix/felix-parent/8/felix-parent-8.pom (20 kB at 428 kB/s)
[INFO] Downloading from tycho-snapshots: https://repo.eclipse.org/content/repositories/tycho-maven2-snapshots/org/apache/apache/31/apache-31.pom
[INFO] Downloading from eclipse-snapshots: https://repo.eclipse.org/content/repositories/eclipse-maven2-snapshots/org/apache/apache/31/apache-31.pom
[INFO] Downloading from eclipse-cbi: https://repo.eclipse.org/content/repositories/cbi-maven2/org/apache/apache/31/apache-31.pom
[INFO] Downloaded from eclipse-cbi: https://repo.eclipse.org/content/repositories/cbi-maven2/org/apache/apache/31/apache-31.pom (24 kB at 603 kB/s)
[INFO] Downloading from tycho-snapshots: https://repo.eclipse.org/content/repositories/tycho-maven2-snapshots/org/codehaus/mojo/animal-sniffer-annotations/1.9/animal-sniffer-annotations-1.9.pom
[INFO] Downloading from eclipse-snapshots: https://repo.eclipse.org/content/repositories/eclipse-maven2-snapshots/org/codehaus/mojo/animal-sniffer-annotations/1.9/animal-sniffer-annotations-1.9.pom
[INFO] Downloading from eclipse-cbi: https://repo.eclipse.org/content/repositories/cbi-maven2/org/codehaus/mojo/animal-sniffer-annotations/1.9/animal-sniffer-annotations-1.9.pom
[INFO] Downloaded from eclipse-cbi: https://repo.eclipse.org/content/repositories/cbi-maven2/org/codehaus/mojo/animal-sniffer-annotations/1.9/animal-sniffer-annotations-1.9.pom (2.5 kB at 53 kB/s)
[INFO] Downloading from tycho-snapshots: https://repo.eclipse.org/content/repositories/tycho-maven2-snapshots/org/codehaus/mojo/animal-sniffer-parent/1.9/animal-sniffer-parent-1.9.pom
[INFO] Downloading from eclipse-snapshots: https://repo.eclipse.org/content/repositories/eclipse-maven2-snapshots/org/codehaus/mojo/animal-sniffer-parent/1.9/animal-sniffer-parent-1.9.pom
[INFO] Downloading from eclipse-cbi: https://repo.eclipse.org/content/repositories/cbi-maven2/org/codehaus/mojo/animal-sniffer-parent/1.9/animal-sniffer-parent-1.9.pom
[INFO] Downloaded from eclipse-cbi: https://repo.eclipse.org/content/repositories/cbi-maven2/org/codehaus/mojo/animal-sniffer-parent/1.9/animal-sniffer-parent-1.9.pom (4.3 kB at 105 kB/s)
[INFO] Downloading from tycho-snapshots: https://repo.eclipse.org/content/repositories/tycho-maven2-snapshots/org/codehaus/mojo/mojo-parent/28/mojo-parent-28.pom
[INFO] Downloading from eclipse-snapshots: https://repo.eclipse.org/content/repositories/eclipse-maven2-snapshots/org/codehaus/mojo/mojo-parent/28/mojo-parent-28.pom
[INFO] Downloading from eclipse-cbi: https://repo.eclipse.org/content/repositories/cbi-maven2/org/codehaus/mojo/mojo-parent/28/mojo-parent-28.pom
[INFO] Downloaded from eclipse-cbi: https://repo.eclipse.org/content/repositories/cbi-maven2/org/codehaus/mojo/mojo-parent/28/mojo-parent-28.pom (26 kB at 574 kB/s)
[INFO] Downloading from tycho-snapshots: https://repo.eclipse.org/content/repositories/tycho-maven2-snapshots/org/codehaus/codehaus-parent/3/codehaus-parent-3.pom
[INFO] Downloading from eclipse-snapshots: https://repo.eclipse.org/content/repositories/eclipse-maven2-snapshots/org/codehaus/codehaus-parent/3/codehaus-parent-3.pom
[INFO] Downloading from eclipse-cbi: https://repo.eclipse.org/content/repositories/cbi-maven2/org/codehaus/codehaus-parent/3/codehaus-parent-3.pom
[INFO] Downloaded from eclipse-cbi: https://repo.eclipse.org/content/repositories/cbi-maven2/org/codehaus/codehaus-parent/3/codehaus-parent-3.pom (4.1 kB at 100 kB/s)
[INFO] Downloading from tycho-snapshots: https://repo.eclipse.org/content/repositories/tycho-maven2-snapshots/commons-net/commons-net/3.13.0/commons-net-3.13.0.pom
[INFO] Downloading from eclipse-snapshots: https://repo.eclipse.org/content/repositories/eclipse-maven2-snapshots/commons-net/commons-net/3.13.0/commons-net-3.13.0.pom
[INFO] Downloading from eclipse-cbi: https://repo.eclipse.org/content/repositories/cbi-maven2/commons-net/commons-net/3.13.0/commons-net-3.13.0.pom
[INFO] Downloaded from eclipse-cbi: https://repo.eclipse.org/content/repositories/cbi-maven2/commons-net/commons-net/3.13.0/commons-net-3.13.0.pom (26 kB at 677 kB/s)
[INFO] Downloading from tycho-snapshots: https://repo.eclipse.org/content/repositories/tycho-maven2-snapshots/org/apache/commons/commons-parent/97/commons-parent-97.pom
[INFO] Downloading from eclipse-snapshots: https://repo.eclipse.org/content/repositories/eclipse-maven2-snapshots/org/apache/commons/commons-parent/97/commons-parent-97.pom
[INFO] Downloading from eclipse-cbi: https://repo.eclipse.org/content/repositories/cbi-maven2/org/apache/commons/commons-parent/97/commons-parent-97.pom
[INFO] Downloaded from eclipse-cbi: https://repo.eclipse.org/content/repositories/cbi-maven2/org/apache/commons/commons-parent/97/commons-parent-97.pom (80 kB at 1.6 MB/s)
[INFO] Downloading from tycho-snapshots: https://repo.eclipse.org/content/repositories/tycho-maven2-snapshots/org/eclipse/tycho/tycho-targetplatform/5.0.3/tycho-targetplatform-5.0.3.pom
[INFO] Downloading from eclipse-snapshots: https://repo.eclipse.org/content/repositories/eclipse-maven2-snapshots/org/eclipse/tycho/tycho-targetplatform/5.0.3/tycho-targetplatform-5.0.3.pom
[INFO] Downloading from eclipse-cbi: https://repo.eclipse.org/content/repositories/cbi-maven2/org/eclipse/tycho/tycho-targetplatform/5.0.3/tycho-targetplatform-5.0.3.pom
[INFO] Downloaded from eclipse-cbi: https://repo.eclipse.org/content/repositories/cbi-maven2/org/eclipse/tycho/tycho-targetplatform/5.0.3/tycho-targetplatform-5.0.3.pom (1.5 kB at 36 kB/s)
[INFO] Downloading from tycho-snapshots: https://repo.eclipse.org/content/repositories/tycho-maven2-snapshots/org/eclipse/tycho/tycho-p2/5.0.3/tycho-p2-5.0.3.pom
[INFO] Downloading from eclipse-snapshots: https://repo.eclipse.org/content/repositories/eclipse-maven2-snapshots/org/eclipse/tycho/tycho-p2/5.0.3/tycho-p2-5.0.3.pom
[INFO] Downloading from eclipse-cbi: https://repo.eclipse.org/content/repositories/cbi-maven2/org/eclipse/tycho/tycho-p2/5.0.3/tycho-p2-5.0.3.pom
[INFO] Downloaded from eclipse-cbi: https://repo.eclipse.org/content/repositories/cbi-maven2/org/eclipse/tycho/tycho-p2/5.0.3/tycho-p2-5.0.3.pom (1.7 kB at 45 kB/s)
[INFO] Downloading from tycho-snapshots: https://repo.eclipse.org/content/repositories/tycho-maven2-snapshots/org/osgi/org.osgi.util.function/1.2.0/org.osgi.util.function-1.2.0.pom
[INFO] Downloading from eclipse-snapshots: https://repo.eclipse.org/content/repositories/eclipse-maven2-snapshots/org/osgi/org.osgi.util.function/1.2.0/org.osgi.util.function-1.2.0.pom
[INFO] Downloading from eclipse-cbi: https://repo.eclipse.org/content/repositories/cbi-maven2/org/osgi/org.osgi.util.function/1.2.0/org.osgi.util.function-1.2.0.pom
[INFO] Downloaded from eclipse-cbi: https://repo.eclipse.org/content/repositories/cbi-maven2/org/osgi/org.osgi.util.function/1.2.0/org.osgi.util.function-1.2.0.pom (1.7 kB at 41 kB/s)
[INFO] Downloading from tycho-snapshots: https://repo.eclipse.org/content/repositories/tycho-maven2-snapshots/org/slf4j/slf4j-api/2.0.18/slf4j-api-2.0.18.pom
[INFO] Downloading from eclipse-snapshots: https://repo.eclipse.org/content/repositories/eclipse-maven2-snapshots/org/slf4j/slf4j-api/2.0.18/slf4j-api-2.0.18.pom
[INFO] Downloading from eclipse-cbi: https://repo.eclipse.org/content/repositories/cbi-maven2/org/slf4j/slf4j-api/2.0.18/slf4j-api-2.0.18.pom
[INFO] Downloaded from eclipse-cbi: https://repo.eclipse.org/content/repositories/cbi-maven2/org/slf4j/slf4j-api/2.0.18/slf4j-api-2.0.18.pom (2.8 kB at 74 kB/s)
[INFO] Downloading from tycho-snapshots: https://repo.eclipse.org/content/repositories/tycho-maven2-snapshots/org/slf4j/slf4j-parent/2.0.18/slf4j-parent-2.0.18.pom
[INFO] Downloading from eclipse-snapshots: https://repo.eclipse.org/content/repositories/eclipse-maven2-snapshots/org/slf4j/slf4j-parent/2.0.18/slf4j-parent-2.0.18.pom
[INFO] Downloading from eclipse-cbi: https://repo.eclipse.org/content/repositories/cbi-maven2/org/slf4j/slf4j-parent/2.0.18/slf4j-parent-2.0.18.pom
[INFO] Downloaded from eclipse-cbi: https://repo.eclipse.org/content/repositories/cbi-maven2/org/slf4j/slf4j-parent/2.0.18/slf4j-parent-2.0.18.pom (13 kB at 352 kB/s)
[INFO] Downloading from tycho-snapshots: https://repo.eclipse.org/content/repositories/tycho-maven2-snapshots/org/slf4j/slf4j-bom/2.0.18/slf4j-bom-2.0.18.pom
[INFO] Downloading from eclipse-snapshots: https://repo.eclipse.org/content/repositories/eclipse-maven2-snapshots/org/slf4j/slf4j-bom/2.0.18/slf4j-bom-2.0.18.pom
[INFO] Downloading from eclipse-cbi: https://repo.eclipse.org/content/repositories/cbi-maven2/org/slf4j/slf4j-bom/2.0.18/slf4j-bom-2.0.18.pom
[INFO] Downloaded from eclipse-cbi: https://repo.eclipse.org/content/repositories/cbi-maven2/org/slf4j/slf4j-bom/2.0.18/slf4j-bom-2.0.18.pom (7.9 kB at 202 kB/s)
[INFO] Downloading from tycho-snapshots: https://repo.eclipse.org/content/repositories/tycho-maven2-snapshots/org/eclipse/jdt/org.eclipse.jdt.core/3.45.0/org.eclipse.jdt.core-3.45.0.pom
[INFO] Downloading from eclipse-snapshots: https://repo.eclipse.org/content/repositories/eclipse-maven2-snapshots/org/eclipse/jdt/org.eclipse.jdt.core/3.45.0/org.eclipse.jdt.core-3.45.0.pom
[INFO] Downloading from eclipse-cbi: https://repo.eclipse.org/content/repositories/cbi-maven2/org/eclipse/jdt/org.eclipse.jdt.core/3.45.0/org.eclipse.jdt.core-3.45.0.pom
[INFO] Downloaded from eclipse-cbi: https://repo.eclipse.org/content/repositories/cbi-maven2/org/eclipse/jdt/org.eclipse.jdt.core/3.45.0/org.eclipse.jdt.core-3.45.0.pom (2.8 kB at 73 kB/s)
[INFO] Downloading from tycho-snapshots: https://repo.eclipse.org/content/repositories/tycho-maven2-snapshots/org/eclipse/platform/org.eclipse.core.resources/3.23.200/org.eclipse.core.resources-3.23.200.pom
[INFO] Downloading from eclipse-snapshots: https://repo.eclipse.org/content/repositories/eclipse-maven2-snapshots/org/eclipse/platform/org.eclipse.core.resources/3.23.200/org.eclipse.core.resources-3.23.200.pom
[INFO] Downloading from eclipse-cbi: https://repo.eclipse.org/content/repositories/cbi-maven2/org/eclipse/platform/org.eclipse.core.resources/3.23.200/org.eclipse.core.resources-3.23.200.pom
[INFO] Downloaded from eclipse-cbi: https://repo.eclipse.org/content/repositories/cbi-maven2/org/eclipse/platform/org.eclipse.core.resources/3.23.200/org.eclipse.core.resources-3.23.200.pom (2.8 kB at 71 kB/s)
[INFO] Downloading from tycho-snapshots: https://repo.eclipse.org/content/repositories/tycho-maven2-snapshots/org/eclipse/platform/org.eclipse.core.filesystem/1.11.400/org.eclipse.core.filesystem-1.11.400.pom
[INFO] Downloading from eclipse-snapshots: https://repo.eclipse.org/content/repositories/eclipse-maven2-snapshots/org/eclipse/platform/org.eclipse.core.filesystem/1.11.400/org.eclipse.core.filesystem-1.11.400.pom
[INFO] Downloading from eclipse-cbi: https://repo.eclipse.org/content/repositories/cbi-maven2/org/eclipse/platform/org.eclipse.core.filesystem/1.11.400/org.eclipse.core.filesystem-1.11.400.pom
[INFO] Downloaded from eclipse-cbi: https://repo.eclipse.org/content/repositories/cbi-maven2/org/eclipse/platform/org.eclipse.core.filesystem/1.11.400/org.eclipse.core.filesystem-1.11.400.pom (2.8 kB at 62 kB/s)
[INFO] Downloading from tycho-snapshots: https://repo.eclipse.org/content/repositories/tycho-maven2-snapshots/net/java/dev/jna/jna/5.18.1/jna-5.18.1.pom
[INFO] Downloading from eclipse-snapshots: https://repo.eclipse.org/content/repositories/eclipse-maven2-snapshots/net/java/dev/jna/jna/5.18.1/jna-5.18.1.pom
[INFO] Downloading from eclipse-cbi: https://repo.eclipse.org/content/repositories/cbi-maven2/net/java/dev/jna/jna/5.18.1/jna-5.18.1.pom
[INFO] Downloaded from eclipse-cbi: https://repo.eclipse.org/content/repositories/cbi-maven2/net/java/dev/jna/jna/5.18.1/jna-5.18.1.pom (2.0 kB at 53 kB/s)
[INFO] Downloading from tycho-snapshots: https://repo.eclipse.org/content/repositories/tycho-maven2-snapshots/net/java/dev/jna/jna-platform/5.18.1/jna-platform-5.18.1.pom
[INFO] Downloading from eclipse-snapshots: https://repo.eclipse.org/content/repositories/eclipse-maven2-snapshots/net/java/dev/jna/jna-platform/5.18.1/jna-platform-5.18.1.pom
[INFO] Downloading from eclipse-cbi: https://repo.eclipse.org/content/repositories/cbi-maven2/net/java/dev/jna/jna-platform/5.18.1/jna-platform-5.18.1.pom
[INFO] Downloaded from eclipse-cbi: https://repo.eclipse.org/content/repositories/cbi-maven2/net/java/dev/jna/jna-platform/5.18.1/jna-platform-5.18.1.pom (2.3 kB at 50 kB/s)
[INFO] Downloading from tycho-snapshots: https://repo.eclipse.org/content/repositories/tycho-maven2-snapshots/org/eclipse/platform/org.eclipse.text/3.14.600/org.eclipse.text-3.14.600.pom
[INFO] Downloading from eclipse-snapshots: https://repo.eclipse.org/content/repositories/eclipse-maven2-snapshots/org/eclipse/platform/org.eclipse.text/3.14.600/org.eclipse.text-3.14.600.pom
[INFO] Downloading from eclipse-cbi: https://repo.eclipse.org/content/repositories/cbi-maven2/org/eclipse/platform/org.eclipse.text/3.14.600/org.eclipse.text-3.14.600.pom
[INFO] Downloaded from eclipse-cbi: https://repo.eclipse.org/content/repositories/cbi-maven2/org/eclipse/platform/org.eclipse.text/3.14.600/org.eclipse.text-3.14.600.pom (2.4 kB at 64 kB/s)
[INFO] Downloading from tycho-snapshots: https://repo.eclipse.org/content/repositories/tycho-maven2-snapshots/org/eclipse/platform/org.eclipse.core.commands/3.12.500/org.eclipse.core.commands-3.12.500.pom
[INFO] Downloading from eclipse-snapshots: https://repo.eclipse.org/content/repositories/eclipse-maven2-snapshots/org/eclipse/platform/org.eclipse.core.commands/3.12.500/org.eclipse.core.commands-3.12.500.pom
[INFO] Downloading from eclipse-cbi: https://repo.eclipse.org/content/repositories/cbi-maven2/org/eclipse/platform/org.eclipse.core.commands/3.12.500/org.eclipse.core.commands-3.12.500.pom
[INFO] Downloaded from eclipse-cbi: https://repo.eclipse.org/content/repositories/cbi-maven2/org/eclipse/platform/org.eclipse.core.commands/3.12.500/org.eclipse.core.commands-3.12.500.pom (1.8 kB at 37 kB/s)
[INFO] Downloading from tycho-snapshots: https://repo.eclipse.org/content/repositories/tycho-maven2-snapshots/org/eclipse/jdt/ecj/3.45.0/ecj-3.45.0.pom
[INFO] Downloading from eclipse-snapshots: https://repo.eclipse.org/content/repositories/eclipse-maven2-snapshots/org/eclipse/jdt/ecj/3.45.0/ecj-3.45.0.pom
[INFO] Downloading from eclipse-cbi: https://repo.eclipse.org/content/repositories/cbi-maven2/org/eclipse/jdt/ecj/3.45.0/ecj-3.45.0.pom
[INFO] Downloaded from eclipse-cbi: https://repo.eclipse.org/content/repositories/cbi-maven2/org/eclipse/jdt/ecj/3.45.0/ecj-3.45.0.pom (1.6 kB at 36 kB/s)
[INFO] Downloading from tycho-snapshots: https://repo.eclipse.org/content/repositories/tycho-maven2-snapshots/org/eclipse/tycho/tycho-bndlib/5.0.3/tycho-bndlib-5.0.3.pom
[INFO] Downloading from eclipse-snapshots: https://repo.eclipse.org/content/repositories/eclipse-maven2-snapshots/org/eclipse/tycho/tycho-bndlib/5.0.3/tycho-bndlib-5.0.3.pom
[INFO] Downloading from eclipse-cbi: https://repo.eclipse.org/content/repositories/cbi-maven2/org/eclipse/tycho/tycho-bndlib/5.0.3/tycho-bndlib-5.0.3.pom
[INFO] Downloaded from eclipse-cbi: https://repo.eclipse.org/content/repositories/cbi-maven2/org/eclipse/tycho/tycho-bndlib/5.0.3/tycho-bndlib-5.0.3.pom (1.5 kB at 40 kB/s)
[INFO] Downloading from tycho-snapshots: https://repo.eclipse.org/content/repositories/tycho-maven2-snapshots/org/eclipse/tycho/tycho-maven-plugin/5.0.3/tycho-maven-plugin-5.0.3.jar
[INFO] Downloading from tycho-snapshots: https://repo.eclipse.org/content/repositories/tycho-maven2-snapshots/org/eclipse/tycho/tycho-core/5.0.3/tycho-core-5.0.3.jar
[INFO] Downloading from tycho-snapshots: https://repo.eclipse.org/content/repositories/tycho-maven2-snapshots/org/apache/maven/resolver/maven-resolver-util/1.9.27/maven-resolver-util-1.9.27.jar
[INFO] Downloading from tycho-snapshots: https://repo.eclipse.org/content/repositories/tycho-maven2-snapshots/org/apache/maven/resolver/maven-resolver-api/1.9.27/maven-resolver-api-1.9.27.jar
[INFO] Downloading from tycho-snapshots: https://repo.eclipse.org/content/repositories/tycho-maven2-snapshots/org/codehaus/plexus/plexus-archiver/4.11.0/plexus-archiver-4.11.0.jar
[INFO] Downloading from tycho-snapshots: https://repo.eclipse.org/content/repositories/tycho-maven2-snapshots/javax/inject/javax.inject/1/javax.inject-1.jar
[INFO] Downloading from tycho-snapshots: https://repo.eclipse.org/content/repositories/tycho-maven2-snapshots/org/codehaus/plexus/plexus-utils/4.0.3/plexus-utils-4.0.3.jar
[INFO] Downloading from tycho-snapshots: https://repo.eclipse.org/content/repositories/tycho-maven2-snapshots/org/codehaus/plexus/plexus-io/3.6.0/plexus-io-3.6.0.jar
[INFO] Downloading from tycho-snapshots: https://repo.eclipse.org/content/repositories/tycho-maven2-snapshots/org/apache/commons/commons-compress/1.28.0/commons-compress-1.28.0.jar
[INFO] Downloading from tycho-snapshots: https://repo.eclipse.org/content/repositories/tycho-maven2-snapshots/org/apache/commons/commons-lang3/3.20.0/commons-lang3-3.20.0.jar
[INFO] Downloading from tycho-snapshots: https://repo.eclipse.org/content/repositories/tycho-maven2-snapshots/org/tukaani/xz/1.11/xz-1.11.jar
[INFO] Downloading from tycho-snapshots: https://repo.eclipse.org/content/repositories/tycho-maven2-snapshots/com/github/luben/zstd-jni/1.5.7-6/zstd-jni-1.5.7-6.jar
[INFO] Downloading from tycho-snapshots: https://repo.eclipse.org/content/repositories/tycho-maven2-snapshots/org/codehaus/plexus/plexus-interpolation/1.29/plexus-interpolation-1.29.jar
[INFO] Downloading from tycho-snapshots: https://repo.eclipse.org/content/repositories/tycho-maven2-snapshots/org/eclipse/tycho/sisu-equinox-launching/5.0.3/sisu-equinox-launching-5.0.3.jar
[INFO] Downloading from tycho-snapshots: https://repo.eclipse.org/content/repositories/tycho-maven2-snapshots/org/eclipse/tycho/tycho-api/5.0.3/tycho-api-5.0.3.jar
[INFO] Downloading from tycho-snapshots: https://repo.eclipse.org/content/repositories/tycho-maven2-snapshots/org/eclipse/platform/org.eclipse.osgi/3.24.100/org.eclipse.osgi-3.24.100.jar
[INFO] Downloading from tycho-snapshots: https://repo.eclipse.org/content/repositories/tycho-maven2-snapshots/org/apache/commons/commons-exec/1.6.0/commons-exec-1.6.0.jar
[INFO] Downloading from tycho-snapshots: https://repo.eclipse.org/content/repositories/tycho-maven2-snapshots/org/eclipse/tycho/sisu-osgi-api/5.0.3/sisu-osgi-api-5.0.3.jar
[INFO] Downloading from tycho-snapshots: https://repo.eclipse.org/content/repositories/tycho-maven2-snapshots/org/eclipse/tycho/tycho-metadata-model/5.0.3/tycho-metadata-model-5.0.3.jar
[INFO] Downloading from tycho-snapshots: https://repo.eclipse.org/content/repositories/tycho-maven2-snapshots/biz/aQute/bnd/biz.aQute.repository/7.2.3/biz.aQute.repository-7.2.3.jar
[INFO] Downloading from tycho-snapshots: https://repo.eclipse.org/content/repositories/tycho-maven2-snapshots/org/eclipse/tycho/tycho-spi/5.0.3/tycho-spi-5.0.3.jar
[INFO] Downloading from tycho-snapshots: https://repo.eclipse.org/content/repositories/tycho-maven2-snapshots/org/codehaus/plexus/plexus-xml/3.0.2/plexus-xml-3.0.2.jar
[INFO] Downloading from tycho-snapshots: https://repo.eclipse.org/content/repositories/tycho-maven2-snapshots/org/eclipse/tycho/p2-maven-plugin/5.0.3/p2-maven-plugin-5.0.3.jar
[INFO] Downloading from tycho-snapshots: https://repo.eclipse.org/content/repositories/tycho-maven2-snapshots/org/eclipse/platform/org.eclipse.equinox.p2.core/2.13.300/org.eclipse.equinox.p2.core-2.13.300.jar
[INFO] Downloading from tycho-snapshots: https://repo.eclipse.org/content/repositories/tycho-maven2-snapshots/org/eclipse/platform/org.eclipse.equinox.p2.engine/2.11.0/org.eclipse.equinox.p2.engine-2.11.0.jar
[INFO] Downloading from tycho-snapshots: https://repo.eclipse.org/content/repositories/tycho-maven2-snapshots/org/eclipse/platform/org.eclipse.equinox.p2.metadata/2.9.600/org.eclipse.equinox.p2.metadata-2.9.600.jar
[INFO] Downloading from tycho-snapshots: https://repo.eclipse.org/content/repositories/tycho-maven2-snapshots/org/eclipse/platform/org.eclipse.equinox.p2.repository/2.9.600/org.eclipse.equinox.p2.repository-2.9.600.jar
[INFO] Downloading from tycho-snapshots: https://repo.eclipse.org/content/repositories/tycho-maven2-snapshots/org/eclipse/platform/org.eclipse.osgi.compatibility.state/1.3.0/org.eclipse.osgi.compatibility.state-1.3.0.jar
[INFO] Downloading from tycho-snapshots: https://repo.eclipse.org/content/repositories/tycho-maven2-snapshots/org/eclipse/platform/org.eclipse.equinox.p2.publisher.eclipse/1.6.700/org.eclipse.equinox.p2.publisher.eclipse-1.6.700.jar
[INFO] Downloading from tycho-snapshots: https://repo.eclipse.org/content/repositories/tycho-maven2-snapshots/org/eclipse/platform/org.eclipse.equinox.preferences/3.12.100/org.eclipse.equinox.preferences-3.12.100.jar
[INFO] Downloading from tycho-snapshots: https://repo.eclipse.org/content/repositories/tycho-maven2-snapshots/org/eclipse/tycho/sisu-osgi-connect/5.0.3/sisu-osgi-connect-5.0.3.jar
[INFO] Downloading from tycho-snapshots: https://repo.eclipse.org/content/repositories/tycho-maven2-snapshots/org/eclipse/platform/org.eclipse.equinox.p2.touchpoint.natives/1.5.800/org.eclipse.equinox.p2.touchpoint.natives-1.5.800.jar
[INFO] Downloading from tycho-snapshots: https://repo.eclipse.org/content/repositories/tycho-maven2-snapshots/org/eclipse/platform/org.eclipse.equinox.p2.director.app/1.3.900/org.eclipse.equinox.p2.director.app-1.3.900.jar
[INFO] Downloading from tycho-snapshots: https://repo.eclipse.org/content/repositories/tycho-maven2-snapshots/org/eclipse/platform/org.eclipse.equinox.p2.repository.tools/2.4.900/org.eclipse.equinox.p2.repository.tools-2.4.900.jar
[INFO] Downloading from tycho-snapshots: https://repo.eclipse.org/content/repositories/tycho-maven2-snapshots/org/eclipse/platform/org.eclipse.equinox.simpleconfigurator/1.5.700/org.eclipse.equinox.simpleconfigurator-1.5.700.jar
[INFO] Downloading from tycho-snapshots: https://repo.eclipse.org/content/repositories/tycho-maven2-snapshots/org/eclipse/platform/org.eclipse.equinox.app/1.7.600/org.eclipse.equinox.app-1.7.600.jar
[INFO] Downloading from tycho-snapshots: https://repo.eclipse.org/content/repositories/tycho-maven2-snapshots/org/apache/felix/org.apache.felix.scr/2.2.18/org.apache.felix.scr-2.2.18.jar
[INFO] Downloading from tycho-snapshots: https://repo.eclipse.org/content/repositories/tycho-maven2-snapshots/org/codehaus/mojo/animal-sniffer-annotations/1.9/animal-sniffer-annotations-1.9.jar
[INFO] Downloading from tycho-snapshots: https://repo.eclipse.org/content/repositories/tycho-maven2-snapshots/org/bouncycastle/bcpg-jdk18on/1.84/bcpg-jdk18on-1.84.jar
[INFO] Downloading from tycho-snapshots: https://repo.eclipse.org/content/repositories/tycho-maven2-snapshots/org/bouncycastle/bcprov-jdk18on/1.84/bcprov-jdk18on-1.84.jar
[INFO] Downloading from tycho-snapshots: https://repo.eclipse.org/content/repositories/tycho-maven2-snapshots/org/bouncycastle/bcutil-jdk18on/1.84/bcutil-jdk18on-1.84.jar
[INFO] Downloading from tycho-snapshots: https://repo.eclipse.org/content/repositories/tycho-maven2-snapshots/commons-net/commons-net/3.13.0/commons-net-3.13.0.jar
[INFO] Downloading from tycho-snapshots: https://repo.eclipse.org/content/repositories/tycho-maven2-snapshots/org/eclipse/tycho/tycho-targetplatform/5.0.3/tycho-targetplatform-5.0.3.jar
[INFO] Downloading from tycho-snapshots: https://repo.eclipse.org/content/repositories/tycho-maven2-snapshots/org/eclipse/tycho/tycho-p2/5.0.3/tycho-p2-5.0.3.jar
[INFO] Downloading from tycho-snapshots: https://repo.eclipse.org/content/repositories/tycho-maven2-snapshots/org/eclipse/platform/org.eclipse.core.runtime/3.34.200/org.eclipse.core.runtime-3.34.200.jar
[INFO] Downloading from tycho-snapshots: https://repo.eclipse.org/content/repositories/tycho-maven2-snapshots/org/eclipse/platform/org.eclipse.equinox.common/3.20.300/org.eclipse.equinox.common-3.20.300.jar
[INFO] Downloading from tycho-snapshots: https://repo.eclipse.org/content/repositories/tycho-maven2-snapshots/org/eclipse/platform/org.eclipse.equinox.registry/3.12.600/org.eclipse.equinox.registry-3.12.600.jar
[INFO] Downloading from tycho-snapshots: https://repo.eclipse.org/content/repositories/tycho-maven2-snapshots/org/eclipse/platform/org.eclipse.core.contenttype/3.9.800/org.eclipse.core.contenttype-3.9.800.jar
[INFO] Downloading from tycho-snapshots: https://repo.eclipse.org/content/repositories/tycho-maven2-snapshots/biz/aQute/bnd/biz.aQute.bndlib/7.2.3/biz.aQute.bndlib-7.2.3.jar
[INFO] Downloading from tycho-snapshots: https://repo.eclipse.org/content/repositories/tycho-maven2-snapshots/biz/aQute/bnd/biz.aQute.bnd.util/7.2.3/biz.aQute.bnd.util-7.2.3.jar
[INFO] Downloading from tycho-snapshots: https://repo.eclipse.org/content/repositories/tycho-maven2-snapshots/org/osgi/org.osgi.util.function/1.2.0/org.osgi.util.function-1.2.0.jar
[INFO] Downloading from tycho-snapshots: https://repo.eclipse.org/content/repositories/tycho-maven2-snapshots/org/osgi/osgi.annotation/8.0.1/osgi.annotation-8.0.1.jar
[INFO] Downloading from tycho-snapshots: https://repo.eclipse.org/content/repositories/tycho-maven2-snapshots/org/slf4j/slf4j-api/2.0.18/slf4j-api-2.0.18.jar
[INFO] Downloading from tycho-snapshots: https://repo.eclipse.org/content/repositories/tycho-maven2-snapshots/commons-io/commons-io/2.22.0/commons-io-2.22.0.jar
[INFO] Downloading from tycho-snapshots: https://repo.eclipse.org/content/repositories/tycho-maven2-snapshots/commons-codec/commons-codec/1.22.0/commons-codec-1.22.0.jar
[INFO] Downloading from tycho-snapshots: https://repo.eclipse.org/content/repositories/tycho-maven2-snapshots/org/eclipse/jdt/org.eclipse.jdt.core/3.45.0/org.eclipse.jdt.core-3.45.0.jar
[INFO] Downloading from tycho-snapshots: https://repo.eclipse.org/content/repositories/tycho-maven2-snapshots/org/eclipse/platform/org.eclipse.core.resources/3.23.200/org.eclipse.core.resources-3.23.200.jar
[INFO] Downloading from tycho-snapshots: https://repo.eclipse.org/content/repositories/tycho-maven2-snapshots/net/java/dev/jna/jna/5.18.1/jna-5.18.1.jar
[INFO] Downloading from tycho-snapshots: https://repo.eclipse.org/content/repositories/tycho-maven2-snapshots/org/eclipse/platform/org.eclipse.core.filesystem/1.11.400/org.eclipse.core.filesystem-1.11.400.jar
[INFO] Downloading from tycho-snapshots: https://repo.eclipse.org/content/repositories/tycho-maven2-snapshots/net/java/dev/jna/jna-platform/5.18.1/jna-platform-5.18.1.jar
[INFO] Downloading from tycho-snapshots: https://repo.eclipse.org/content/repositories/tycho-maven2-snapshots/org/eclipse/platform/org.eclipse.text/3.14.600/org.eclipse.text-3.14.600.jar
[INFO] Downloading from tycho-snapshots: https://repo.eclipse.org/content/repositories/tycho-maven2-snapshots/org/eclipse/platform/org.eclipse.core.commands/3.12.500/org.eclipse.core.commands-3.12.500.jar
[INFO] Downloading from tycho-snapshots: https://repo.eclipse.org/content/repositories/tycho-maven2-snapshots/org/eclipse/jdt/ecj/3.45.0/ecj-3.45.0.jar
[INFO] Downloading from tycho-snapshots: https://repo.eclipse.org/content/repositories/tycho-maven2-snapshots/org/eclipse/tycho/tycho-bndlib/5.0.3/tycho-bndlib-5.0.3.jar
[INFO] Downloading from eclipse-snapshots: https://repo.eclipse.org/content/repositories/eclipse-maven2-snapshots/org/eclipse/tycho/tycho-maven-plugin/5.0.3/tycho-maven-plugin-5.0.3.jar
[INFO] Downloading from eclipse-snapshots: https://repo.eclipse.org/content/repositories/eclipse-maven2-snapshots/org/eclipse/tycho/tycho-core/5.0.3/tycho-core-5.0.3.jar
[INFO] Downloading from eclipse-snapshots: https://repo.eclipse.org/content/repositories/eclipse-maven2-snapshots/org/apache/maven/resolver/maven-resolver-util/1.9.27/maven-resolver-util-1.9.27.jar
[INFO] Downloading from eclipse-snapshots: https://repo.eclipse.org/content/repositories/eclipse-maven2-snapshots/org/apache/maven/resolver/maven-resolver-api/1.9.27/maven-resolver-api-1.9.27.jar
[INFO] Downloading from eclipse-snapshots: https://repo.eclipse.org/content/repositories/eclipse-maven2-snapshots/org/codehaus/plexus/plexus-archiver/4.11.0/plexus-archiver-4.11.0.jar
[INFO] Downloading from eclipse-snapshots: https://repo.eclipse.org/content/repositories/eclipse-maven2-snapshots/javax/inject/javax.inject/1/javax.inject-1.jar
[INFO] Downloading from eclipse-snapshots: https://repo.eclipse.org/content/repositories/eclipse-maven2-snapshots/org/codehaus/plexus/plexus-utils/4.0.3/plexus-utils-4.0.3.jar
[INFO] Downloading from eclipse-snapshots: https://repo.eclipse.org/content/repositories/eclipse-maven2-snapshots/org/codehaus/plexus/plexus-io/3.6.0/plexus-io-3.6.0.jar
[INFO] Downloading from eclipse-snapshots: https://repo.eclipse.org/content/repositories/eclipse-maven2-snapshots/org/apache/commons/commons-compress/1.28.0/commons-compress-1.28.0.jar
[INFO] Downloading from eclipse-snapshots: https://repo.eclipse.org/content/repositories/eclipse-maven2-snapshots/org/apache/commons/commons-lang3/3.20.0/commons-lang3-3.20.0.jar
[INFO] Downloading from eclipse-snapshots: https://repo.eclipse.org/content/repositories/eclipse-maven2-snapshots/org/tukaani/xz/1.11/xz-1.11.jar
[INFO] Downloading from eclipse-snapshots: https://repo.eclipse.org/content/repositories/eclipse-maven2-snapshots/com/github/luben/zstd-jni/1.5.7-6/zstd-jni-1.5.7-6.jar
[INFO] Downloading from eclipse-snapshots: https://repo.eclipse.org/content/repositories/eclipse-maven2-snapshots/org/codehaus/plexus/plexus-interpolation/1.29/plexus-interpolation-1.29.jar
[INFO] Downloading from eclipse-snapshots: https://repo.eclipse.org/content/repositories/eclipse-maven2-snapshots/org/eclipse/tycho/sisu-equinox-launching/5.0.3/sisu-equinox-launching-5.0.3.jar
[INFO] Downloading from eclipse-snapshots: https://repo.eclipse.org/content/repositories/eclipse-maven2-snapshots/org/eclipse/tycho/tycho-api/5.0.3/tycho-api-5.0.3.jar
[INFO] Downloading from eclipse-snapshots: https://repo.eclipse.org/content/repositories/eclipse-maven2-snapshots/org/eclipse/platform/org.eclipse.osgi/3.24.100/org.eclipse.osgi-3.24.100.jar
[INFO] Downloading from eclipse-snapshots: https://repo.eclipse.org/content/repositories/eclipse-maven2-snapshots/org/apache/commons/commons-exec/1.6.0/commons-exec-1.6.0.jar
[INFO] Downloading from eclipse-snapshots: https://repo.eclipse.org/content/repositories/eclipse-maven2-snapshots/org/eclipse/tycho/sisu-osgi-api/5.0.3/sisu-osgi-api-5.0.3.jar
[INFO] Downloading from eclipse-snapshots: https://repo.eclipse.org/content/repositories/eclipse-maven2-snapshots/org/eclipse/tycho/tycho-metadata-model/5.0.3/tycho-metadata-model-5.0.3.jar
[INFO] Downloading from eclipse-snapshots: https://repo.eclipse.org/content/repositories/eclipse-maven2-snapshots/biz/aQute/bnd/biz.aQute.repository/7.2.3/biz.aQute.repository-7.2.3.jar
[INFO] Downloading from eclipse-snapshots: https://repo.eclipse.org/content/repositories/eclipse-maven2-snapshots/org/codehaus/plexus/plexus-xml/3.0.2/plexus-xml-3.0.2.jar
[INFO] Downloading from eclipse-snapshots: https://repo.eclipse.org/content/repositories/eclipse-maven2-snapshots/org/eclipse/tycho/tycho-spi/5.0.3/tycho-spi-5.0.3.jar
[INFO] Downloading from eclipse-snapshots: https://repo.eclipse.org/content/repositories/eclipse-maven2-snapshots/org/eclipse/tycho/p2-maven-plugin/5.0.3/p2-maven-plugin-5.0.3.jar
[INFO] Downloading from eclipse-snapshots: https://repo.eclipse.org/content/repositories/eclipse-maven2-snapshots/org/eclipse/platform/org.eclipse.equinox.p2.core/2.13.300/org.eclipse.equinox.p2.core-2.13.300.jar
[INFO] Downloading from eclipse-snapshots: https://repo.eclipse.org/content/repositories/eclipse-maven2-snapshots/org/eclipse/platform/org.eclipse.equinox.p2.engine/2.11.0/org.eclipse.equinox.p2.engine-2.11.0.jar
[INFO] Downloading from eclipse-snapshots: https://repo.eclipse.org/content/repositories/eclipse-maven2-snapshots/org/eclipse/platform/org.eclipse.equinox.p2.metadata/2.9.600/org.eclipse.equinox.p2.metadata-2.9.600.jar
[INFO] Downloading from eclipse-snapshots: https://repo.eclipse.org/content/repositories/eclipse-maven2-snapshots/org/eclipse/platform/org.eclipse.equinox.p2.repository/2.9.600/org.eclipse.equinox.p2.repository-2.9.600.jar
[INFO] Downloading from eclipse-snapshots: https://repo.eclipse.org/content/repositories/eclipse-maven2-snapshots/org/eclipse/platform/org.eclipse.osgi.compatibility.state/1.3.0/org.eclipse.osgi.compatibility.state-1.3.0.jar
[INFO] Downloading from eclipse-snapshots: https://repo.eclipse.org/content/repositories/eclipse-maven2-snapshots/org/eclipse/platform/org.eclipse.equinox.p2.publisher.eclipse/1.6.700/org.eclipse.equinox.p2.publisher.eclipse-1.6.700.jar
[INFO] Downloading from eclipse-snapshots: https://repo.eclipse.org/content/repositories/eclipse-maven2-snapshots/org/eclipse/platform/org.eclipse.equinox.preferences/3.12.100/org.eclipse.equinox.preferences-3.12.100.jar
[INFO] Downloading from eclipse-snapshots: https://repo.eclipse.org/content/repositories/eclipse-maven2-snapshots/org/eclipse/tycho/sisu-osgi-connect/5.0.3/sisu-osgi-connect-5.0.3.jar
[INFO] Downloading from eclipse-snapshots: https://repo.eclipse.org/content/repositories/eclipse-maven2-snapshots/org/eclipse/platform/org.eclipse.equinox.p2.touchpoint.natives/1.5.800/org.eclipse.equinox.p2.touchpoint.natives-1.5.800.jar
[INFO] Downloading from eclipse-snapshots: https://repo.eclipse.org/content/repositories/eclipse-maven2-snapshots/org/eclipse/platform/org.eclipse.equinox.p2.director.app/1.3.900/org.eclipse.equinox.p2.director.app-1.3.900.jar
[INFO] Downloading from eclipse-snapshots: https://repo.eclipse.org/content/repositories/eclipse-maven2-snapshots/org/eclipse/platform/org.eclipse.equinox.p2.repository.tools/2.4.900/org.eclipse.equinox.p2.repository.tools-2.4.900.jar
[INFO] Downloading from eclipse-snapshots: https://repo.eclipse.org/content/repositories/eclipse-maven2-snapshots/org/eclipse/platform/org.eclipse.equinox.simpleconfigurator/1.5.700/org.eclipse.equinox.simpleconfigurator-1.5.700.jar
[INFO] Downloading from eclipse-snapshots: https://repo.eclipse.org/content/repositories/eclipse-maven2-snapshots/org/eclipse/platform/org.eclipse.equinox.app/1.7.600/org.eclipse.equinox.app-1.7.600.jar
[INFO] Downloading from eclipse-snapshots: https://repo.eclipse.org/content/repositories/eclipse-maven2-snapshots/org/codehaus/mojo/animal-sniffer-annotations/1.9/animal-sniffer-annotations-1.9.jar
[INFO] Downloading from eclipse-snapshots: https://repo.eclipse.org/content/repositories/eclipse-maven2-snapshots/org/apache/felix/org.apache.felix.scr/2.2.18/org.apache.felix.scr-2.2.18.jar
[INFO] Downloading from eclipse-snapshots: https://repo.eclipse.org/content/repositories/eclipse-maven2-snapshots/org/bouncycastle/bcpg-jdk18on/1.84/bcpg-jdk18on-1.84.jar
[INFO] Downloading from eclipse-snapshots: https://repo.eclipse.org/content/repositories/eclipse-maven2-snapshots/org/bouncycastle/bcprov-jdk18on/1.84/bcprov-jdk18on-1.84.jar
[INFO] Downloading from eclipse-snapshots: https://repo.eclipse.org/content/repositories/eclipse-maven2-snapshots/org/bouncycastle/bcutil-jdk18on/1.84/bcutil-jdk18on-1.84.jar
[INFO] Downloading from eclipse-snapshots: https://repo.eclipse.org/content/repositories/eclipse-maven2-snapshots/commons-net/commons-net/3.13.0/commons-net-3.13.0.jar
[INFO] Downloading from eclipse-snapshots: https://repo.eclipse.org/content/repositories/eclipse-maven2-snapshots/org/eclipse/tycho/tycho-targetplatform/5.0.3/tycho-targetplatform-5.0.3.jar
[INFO] Downloading from eclipse-snapshots: https://repo.eclipse.org/content/repositories/eclipse-maven2-snapshots/org/eclipse/tycho/tycho-p2/5.0.3/tycho-p2-5.0.3.jar
[INFO] Downloading from eclipse-snapshots: https://repo.eclipse.org/content/repositories/eclipse-maven2-snapshots/org/eclipse/platform/org.eclipse.core.runtime/3.34.200/org.eclipse.core.runtime-3.34.200.jar
[INFO] Downloading from eclipse-snapshots: https://repo.eclipse.org/content/repositories/eclipse-maven2-snapshots/org/eclipse/platform/org.eclipse.equinox.common/3.20.300/org.eclipse.equinox.common-3.20.300.jar
[INFO] Downloading from eclipse-snapshots: https://repo.eclipse.org/content/repositories/eclipse-maven2-snapshots/org/eclipse/platform/org.eclipse.equinox.registry/3.12.600/org.eclipse.equinox.registry-3.12.600.jar
[INFO] Downloading from eclipse-snapshots: https://repo.eclipse.org/content/repositories/eclipse-maven2-snapshots/org/eclipse/platform/org.eclipse.core.contenttype/3.9.800/org.eclipse.core.contenttype-3.9.800.jar
[INFO] Downloading from eclipse-snapshots: https://repo.eclipse.org/content/repositories/eclipse-maven2-snapshots/biz/aQute/bnd/biz.aQute.bndlib/7.2.3/biz.aQute.bndlib-7.2.3.jar
[INFO] Downloading from eclipse-snapshots: https://repo.eclipse.org/content/repositories/eclipse-maven2-snapshots/biz/aQute/bnd/biz.aQute.bnd.util/7.2.3/biz.aQute.bnd.util-7.2.3.jar
[INFO] Downloading from eclipse-snapshots: https://repo.eclipse.org/content/repositories/eclipse-maven2-snapshots/org/osgi/org.osgi.util.function/1.2.0/org.osgi.util.function-1.2.0.jar
[INFO] Downloading from eclipse-snapshots: https://repo.eclipse.org/content/repositories/eclipse-maven2-snapshots/org/osgi/osgi.annotation/8.0.1/osgi.annotation-8.0.1.jar
[INFO] Downloading from eclipse-snapshots: https://repo.eclipse.org/content/repositories/eclipse-maven2-snapshots/org/slf4j/slf4j-api/2.0.18/slf4j-api-2.0.18.jar
[INFO] Downloading from eclipse-snapshots: https://repo.eclipse.org/content/repositories/eclipse-maven2-snapshots/commons-io/commons-io/2.22.0/commons-io-2.22.0.jar
[INFO] Downloading from eclipse-snapshots: https://repo.eclipse.org/content/repositories/eclipse-maven2-snapshots/commons-codec/commons-codec/1.22.0/commons-codec-1.22.0.jar
[INFO] Downloading from eclipse-snapshots: https://repo.eclipse.org/content/repositories/eclipse-maven2-snapshots/org/eclipse/jdt/org.eclipse.jdt.core/3.45.0/org.eclipse.jdt.core-3.45.0.jar
[INFO] Downloading from eclipse-snapshots: https://repo.eclipse.org/content/repositories/eclipse-maven2-snapshots/org/eclipse/platform/org.eclipse.core.resources/3.23.200/org.eclipse.core.resources-3.23.200.jar
[INFO] Downloading from eclipse-snapshots: https://repo.eclipse.org/content/repositories/eclipse-maven2-snapshots/net/java/dev/jna/jna/5.18.1/jna-5.18.1.jar
[INFO] Downloading from eclipse-snapshots: https://repo.eclipse.org/content/repositories/eclipse-maven2-snapshots/org/eclipse/platform/org.eclipse.core.filesystem/1.11.400/org.eclipse.core.filesystem-1.11.400.jar
[INFO] Downloading from eclipse-snapshots: https://repo.eclipse.org/content/repositories/eclipse-maven2-snapshots/net/java/dev/jna/jna-platform/5.18.1/jna-platform-5.18.1.jar
[INFO] Downloading from eclipse-snapshots: https://repo.eclipse.org/content/repositories/eclipse-maven2-snapshots/org/eclipse/platform/org.eclipse.text/3.14.600/org.eclipse.text-3.14.600.jar
[INFO] Downloading from eclipse-snapshots: https://repo.eclipse.org/content/repositories/eclipse-maven2-snapshots/org/eclipse/platform/org.eclipse.core.commands/3.12.500/org.eclipse.core.commands-3.12.500.jar
[INFO] Downloading from eclipse-snapshots: https://repo.eclipse.org/content/repositories/eclipse-maven2-snapshots/org/eclipse/jdt/ecj/3.45.0/ecj-3.45.0.jar
[INFO] Downloading from eclipse-snapshots: https://repo.eclipse.org/content/repositories/eclipse-maven2-snapshots/org/eclipse/tycho/tycho-bndlib/5.0.3/tycho-bndlib-5.0.3.jar
[INFO] Downloading from eclipse-cbi: https://repo.eclipse.org/content/repositories/cbi-maven2/org/eclipse/tycho/tycho-maven-plugin/5.0.3/tycho-maven-plugin-5.0.3.jar
[INFO] Downloaded from eclipse-cbi: https://repo.eclipse.org/content/repositories/cbi-maven2/org/eclipse/tycho/tycho-maven-plugin/5.0.3/tycho-maven-plugin-5.0.3.jar (7.1 kB at 192 kB/s)
[INFO] Downloading from eclipse-cbi: https://repo.eclipse.org/content/repositories/cbi-maven2/org/eclipse/tycho/tycho-core/5.0.3/tycho-core-5.0.3.jar
[INFO] Downloading from eclipse-cbi: https://repo.eclipse.org/content/repositories/cbi-maven2/org/apache/maven/resolver/maven-resolver-util/1.9.27/maven-resolver-util-1.9.27.jar
[INFO] Downloading from eclipse-cbi: https://repo.eclipse.org/content/repositories/cbi-maven2/org/apache/maven/resolver/maven-resolver-api/1.9.27/maven-resolver-api-1.9.27.jar
[INFO] Downloading from eclipse-cbi: https://repo.eclipse.org/content/repositories/cbi-maven2/org/codehaus/plexus/plexus-archiver/4.11.0/plexus-archiver-4.11.0.jar
[INFO] Downloading from eclipse-cbi: https://repo.eclipse.org/content/repositories/cbi-maven2/javax/inject/javax.inject/1/javax.inject-1.jar
[INFO] Downloaded from eclipse-cbi: https://repo.eclipse.org/content/repositories/cbi-maven2/javax/inject/javax.inject/1/javax.inject-1.jar (2.5 kB at 66 kB/s)
[INFO] Downloading from eclipse-cbi: https://repo.eclipse.org/content/repositories/cbi-maven2/org/codehaus/plexus/plexus-utils/4.0.3/plexus-utils-4.0.3.jar
[INFO] Downloaded from eclipse-cbi: https://repo.eclipse.org/content/repositories/cbi-maven2/org/apache/maven/resolver/maven-resolver-util/1.9.27/maven-resolver-util-1.9.27.jar (197 kB at 2.1 MB/s)
[INFO] Downloading from eclipse-cbi: https://repo.eclipse.org/content/repositories/cbi-maven2/org/codehaus/plexus/plexus-io/3.6.0/plexus-io-3.6.0.jar
[INFO] Downloaded from eclipse-cbi: https://repo.eclipse.org/content/repositories/cbi-maven2/org/apache/maven/resolver/maven-resolver-api/1.9.27/maven-resolver-api-1.9.27.jar (158 kB at 1.5 MB/s)
[INFO] Downloading from eclipse-cbi: https://repo.eclipse.org/content/repositories/cbi-maven2/org/apache/commons/commons-compress/1.28.0/commons-compress-1.28.0.jar
[INFO] Downloaded from eclipse-cbi: https://repo.eclipse.org/content/repositories/cbi-maven2/org/codehaus/plexus/plexus-archiver/4.11.0/plexus-archiver-4.11.0.jar (227 kB at 1.8 MB/s)
[INFO] Downloading from eclipse-cbi: https://repo.eclipse.org/content/repositories/cbi-maven2/org/apache/commons/commons-lang3/3.20.0/commons-lang3-3.20.0.jar
[INFO] Downloaded from eclipse-cbi: https://repo.eclipse.org/content/repositories/cbi-maven2/org/codehaus/plexus/plexus-io/3.6.0/plexus-io-3.6.0.jar (80 kB at 604 kB/s)
[INFO] Downloading from eclipse-cbi: https://repo.eclipse.org/content/repositories/cbi-maven2/org/tukaani/xz/1.11/xz-1.11.jar
[INFO] Downloaded from eclipse-cbi: https://repo.eclipse.org/content/repositories/cbi-maven2/org/codehaus/plexus/plexus-utils/4.0.3/plexus-utils-4.0.3.jar (193 kB at 1.3 MB/s)
[INFO] Downloading from eclipse-cbi: https://repo.eclipse.org/content/repositories/cbi-maven2/com/github/luben/zstd-jni/1.5.7-6/zstd-jni-1.5.7-6.jar
[INFO] Downloaded from eclipse-cbi: https://repo.eclipse.org/content/repositories/cbi-maven2/org/tukaani/xz/1.11/xz-1.11.jar (169 kB at 893 kB/s)
[INFO] Downloading from eclipse-cbi: https://repo.eclipse.org/content/repositories/cbi-maven2/org/codehaus/plexus/plexus-interpolation/1.29/plexus-interpolation-1.29.jar
[INFO] Downloaded from eclipse-cbi: https://repo.eclipse.org/content/repositories/cbi-maven2/org/eclipse/tycho/tycho-core/5.0.3/tycho-core-5.0.3.jar (1.1 MB at 5.6 MB/s)
[INFO] Downloading from eclipse-cbi: https://repo.eclipse.org/content/repositories/cbi-maven2/org/eclipse/tycho/sisu-equinox-launching/5.0.3/sisu-equinox-launching-5.0.3.jar
[INFO] Downloaded from eclipse-cbi: https://repo.eclipse.org/content/repositories/cbi-maven2/org/apache/commons/commons-compress/1.28.0/commons-compress-1.28.0.jar (1.1 MB at 5.0 MB/s)
[INFO] Downloading from eclipse-cbi: https://repo.eclipse.org/content/repositories/cbi-maven2/org/eclipse/tycho/tycho-api/5.0.3/tycho-api-5.0.3.jar
[INFO] Downloaded from eclipse-cbi: https://repo.eclipse.org/content/repositories/cbi-maven2/org/codehaus/plexus/plexus-interpolation/1.29/plexus-interpolation-1.29.jar (88 kB at 380 kB/s)
[INFO] Downloading from eclipse-cbi: https://repo.eclipse.org/content/repositories/cbi-maven2/org/eclipse/platform/org.eclipse.osgi/3.24.100/org.eclipse.osgi-3.24.100.jar
[INFO] Downloaded from eclipse-cbi: https://repo.eclipse.org/content/repositories/cbi-maven2/org/apache/commons/commons-lang3/3.20.0/commons-lang3-3.20.0.jar (714 kB at 3.0 MB/s)
[INFO] Downloading from eclipse-cbi: https://repo.eclipse.org/content/repositories/cbi-maven2/org/apache/commons/commons-exec/1.6.0/commons-exec-1.6.0.jar
[INFO] Downloaded from eclipse-cbi: https://repo.eclipse.org/content/repositories/cbi-maven2/org/eclipse/tycho/sisu-equinox-launching/5.0.3/sisu-equinox-launching-5.0.3.jar (28 kB at 113 kB/s)
[INFO] Downloading from eclipse-cbi: https://repo.eclipse.org/content/repositories/cbi-maven2/org/eclipse/tycho/sisu-osgi-api/5.0.3/sisu-osgi-api-5.0.3.jar
[INFO] Downloaded from eclipse-cbi: https://repo.eclipse.org/content/repositories/cbi-maven2/org/eclipse/tycho/tycho-api/5.0.3/tycho-api-5.0.3.jar (51 kB at 194 kB/s)
[INFO] Downloading from eclipse-cbi: https://repo.eclipse.org/content/repositories/cbi-maven2/org/eclipse/tycho/tycho-metadata-model/5.0.3/tycho-metadata-model-5.0.3.jar
[INFO] Downloaded from eclipse-cbi: https://repo.eclipse.org/content/repositories/cbi-maven2/org/apache/commons/commons-exec/1.6.0/commons-exec-1.6.0.jar (69 kB at 249 kB/s)
[INFO] Downloading from eclipse-cbi: https://repo.eclipse.org/content/repositories/cbi-maven2/biz/aQute/bnd/biz.aQute.repository/7.2.3/biz.aQute.repository-7.2.3.jar
[INFO] Downloaded from eclipse-cbi: https://repo.eclipse.org/content/repositories/cbi-maven2/org/eclipse/tycho/sisu-osgi-api/5.0.3/sisu-osgi-api-5.0.3.jar (8.8 kB at 31 kB/s)
[INFO] Downloading from eclipse-cbi: https://repo.eclipse.org/content/repositories/cbi-maven2/org/eclipse/tycho/tycho-spi/5.0.3/tycho-spi-5.0.3.jar
[INFO] Downloaded from eclipse-cbi: https://repo.eclipse.org/content/repositories/cbi-maven2/org/eclipse/tycho/tycho-metadata-model/5.0.3/tycho-metadata-model-5.0.3.jar (85 kB at 269 kB/s)
[INFO] Downloading from eclipse-cbi: https://repo.eclipse.org/content/repositories/cbi-maven2/org/codehaus/plexus/plexus-xml/3.0.2/plexus-xml-3.0.2.jar
[INFO] Downloaded from eclipse-cbi: https://repo.eclipse.org/content/repositories/cbi-maven2/org/eclipse/platform/org.eclipse.osgi/3.24.100/org.eclipse.osgi-3.24.100.jar (1.6 MB at 5.0 MB/s)
[INFO] Downloading from eclipse-cbi: https://repo.eclipse.org/content/repositories/cbi-maven2/org/eclipse/tycho/p2-maven-plugin/5.0.3/p2-maven-plugin-5.0.3.jar
[INFO] Downloaded from eclipse-cbi: https://repo.eclipse.org/content/repositories/cbi-maven2/org/eclipse/tycho/tycho-spi/5.0.3/tycho-spi-5.0.3.jar (38 kB at 115 kB/s)
[INFO] Downloading from eclipse-cbi: https://repo.eclipse.org/content/repositories/cbi-maven2/org/eclipse/platform/org.eclipse.equinox.p2.core/2.13.300/org.eclipse.equinox.p2.core-2.13.300.jar
[INFO] Downloaded from eclipse-cbi: https://repo.eclipse.org/content/repositories/cbi-maven2/biz/aQute/bnd/biz.aQute.repository/7.2.3/biz.aQute.repository-7.2.3.jar (1.2 MB at 3.2 MB/s)
[INFO] Downloading from eclipse-cbi: https://repo.eclipse.org/content/repositories/cbi-maven2/org/eclipse/platform/org.eclipse.equinox.p2.engine/2.11.0/org.eclipse.equinox.p2.engine-2.11.0.jar
[INFO] Downloaded from eclipse-cbi: https://repo.eclipse.org/content/repositories/cbi-maven2/org/eclipse/tycho/p2-maven-plugin/5.0.3/p2-maven-plugin-5.0.3.jar (287 kB at 776 kB/s)
[INFO] Downloaded from eclipse-cbi: https://repo.eclipse.org/content/repositories/cbi-maven2/com/github/luben/zstd-jni/1.5.7-6/zstd-jni-1.5.7-6.jar (7.4 MB at 20 MB/s)
[INFO] Downloading from eclipse-cbi: https://repo.eclipse.org/content/repositories/cbi-maven2/org/eclipse/platform/org.eclipse.equinox.p2.repository/2.9.600/org.eclipse.equinox.p2.repository-2.9.600.jar
[INFO] Downloading from eclipse-cbi: https://repo.eclipse.org/content/repositories/cbi-maven2/org/eclipse/platform/org.eclipse.equinox.p2.metadata/2.9.600/org.eclipse.equinox.p2.metadata-2.9.600.jar
[INFO] Downloaded from eclipse-cbi: https://repo.eclipse.org/content/repositories/cbi-maven2/org/codehaus/plexus/plexus-xml/3.0.2/plexus-xml-3.0.2.jar (94 kB at 246 kB/s)
[INFO] Downloading from eclipse-cbi: https://repo.eclipse.org/content/repositories/cbi-maven2/org/eclipse/platform/org.eclipse.osgi.compatibility.state/1.3.0/org.eclipse.osgi.compatibility.state-1.3.0.jar
[INFO] Downloaded from eclipse-cbi: https://repo.eclipse.org/content/repositories/cbi-maven2/org/eclipse/platform/org.eclipse.equinox.p2.core/2.13.300/org.eclipse.equinox.p2.core-2.13.300.jar (86 kB at 222 kB/s)
[INFO] Downloading from eclipse-cbi: https://repo.eclipse.org/content/repositories/cbi-maven2/org/eclipse/platform/org.eclipse.equinox.p2.publisher.eclipse/1.6.700/org.eclipse.equinox.p2.publisher.eclipse-1.6.700.jar
[INFO] Downloaded from eclipse-cbi: https://repo.eclipse.org/content/repositories/cbi-maven2/org/eclipse/platform/org.eclipse.equinox.p2.engine/2.11.0/org.eclipse.equinox.p2.engine-2.11.0.jar (251 kB at 592 kB/s)
[INFO] Downloading from eclipse-cbi: https://repo.eclipse.org/content/repositories/cbi-maven2/org/eclipse/platform/org.eclipse.equinox.preferences/3.12.100/org.eclipse.equinox.preferences-3.12.100.jar
[INFO] Downloaded from eclipse-cbi: https://repo.eclipse.org/content/repositories/cbi-maven2/org/eclipse/platform/org.eclipse.osgi.compatibility.state/1.3.0/org.eclipse.osgi.compatibility.state-1.3.0.jar (260 kB at 614 kB/s)
[INFO] Downloading from eclipse-cbi: https://repo.eclipse.org/content/repositories/cbi-maven2/org/eclipse/tycho/sisu-osgi-connect/5.0.3/sisu-osgi-connect-5.0.3.jar
[INFO] Downloaded from eclipse-cbi: https://repo.eclipse.org/content/repositories/cbi-maven2/org/eclipse/platform/org.eclipse.equinox.p2.repository/2.9.600/org.eclipse.equinox.p2.repository-2.9.600.jar (197 kB at 464 kB/s)
[INFO] Downloading from eclipse-cbi: https://repo.eclipse.org/content/repositories/cbi-maven2/org/eclipse/platform/org.eclipse.equinox.p2.touchpoint.natives/1.5.800/org.eclipse.equinox.p2.touchpoint.natives-1.5.800.jar
[INFO] Downloaded from eclipse-cbi: https://repo.eclipse.org/content/repositories/cbi-maven2/org/eclipse/platform/org.eclipse.equinox.p2.metadata/2.9.600/org.eclipse.equinox.p2.metadata-2.9.600.jar (380 kB at 895 kB/s)
[INFO] Downloading from eclipse-cbi: https://repo.eclipse.org/content/repositories/cbi-maven2/org/eclipse/platform/org.eclipse.equinox.p2.director.app/1.3.900/org.eclipse.equinox.p2.director.app-1.3.900.jar
[INFO] Downloaded from eclipse-cbi: https://repo.eclipse.org/content/repositories/cbi-maven2/org/eclipse/platform/org.eclipse.equinox.p2.publisher.eclipse/1.6.700/org.eclipse.equinox.p2.publisher.eclipse-1.6.700.jar (332 kB at 757 kB/s)
[INFO] Downloading from eclipse-cbi: https://repo.eclipse.org/content/repositories/cbi-maven2/org/eclipse/platform/org.eclipse.equinox.p2.repository.tools/2.4.900/org.eclipse.equinox.p2.repository.tools-2.4.900.jar
[INFO] Downloaded from eclipse-cbi: https://repo.eclipse.org/content/repositories/cbi-maven2/org/eclipse/tycho/sisu-osgi-connect/5.0.3/sisu-osgi-connect-5.0.3.jar (43 kB at 92 kB/s)
[INFO] Downloading from eclipse-cbi: https://repo.eclipse.org/content/repositories/cbi-maven2/org/eclipse/platform/org.eclipse.equinox.simpleconfigurator/1.5.700/org.eclipse.equinox.simpleconfigurator-1.5.700.jar
[INFO] Downloaded from eclipse-cbi: https://repo.eclipse.org/content/repositories/cbi-maven2/org/eclipse/platform/org.eclipse.equinox.p2.director.app/1.3.900/org.eclipse.equinox.p2.director.app-1.3.900.jar (73 kB at 157 kB/s)
[INFO] Downloading from eclipse-cbi: https://repo.eclipse.org/content/repositories/cbi-maven2/org/eclipse/platform/org.eclipse.equinox.app/1.7.600/org.eclipse.equinox.app-1.7.600.jar
[INFO] Downloaded from eclipse-cbi: https://repo.eclipse.org/content/repositories/cbi-maven2/org/eclipse/platform/org.eclipse.equinox.p2.touchpoint.natives/1.5.800/org.eclipse.equinox.p2.touchpoint.natives-1.5.800.jar (92 kB at 198 kB/s)
[INFO] Downloading from eclipse-cbi: https://repo.eclipse.org/content/repositories/cbi-maven2/org/apache/felix/org.apache.felix.scr/2.2.18/org.apache.felix.scr-2.2.18.jar
[INFO] Downloaded from eclipse-cbi: https://repo.eclipse.org/content/repositories/cbi-maven2/org/eclipse/platform/org.eclipse.equinox.preferences/3.12.100/org.eclipse.equinox.preferences-3.12.100.jar (130 kB at 277 kB/s)
[INFO] Downloading from eclipse-cbi: https://repo.eclipse.org/content/repositories/cbi-maven2/org/codehaus/mojo/animal-sniffer-annotations/1.9/animal-sniffer-annotations-1.9.jar
[INFO] Downloaded from eclipse-cbi: https://repo.eclipse.org/content/repositories/cbi-maven2/org/eclipse/platform/org.eclipse.equinox.p2.repository.tools/2.4.900/org.eclipse.equinox.p2.repository.tools-2.4.900.jar (271 kB at 562 kB/s)
[INFO] Downloading from eclipse-cbi: https://repo.eclipse.org/content/repositories/cbi-maven2/org/bouncycastle/bcpg-jdk18on/1.84/bcpg-jdk18on-1.84.jar
[INFO] Downloaded from eclipse-cbi: https://repo.eclipse.org/content/repositories/cbi-maven2/org/eclipse/platform/org.eclipse.equinox.simpleconfigurator/1.5.700/org.eclipse.equinox.simpleconfigurator-1.5.700.jar (57 kB at 114 kB/s)
[INFO] Downloading from eclipse-cbi: https://repo.eclipse.org/content/repositories/cbi-maven2/org/bouncycastle/bcprov-jdk18on/1.84/bcprov-jdk18on-1.84.jar
[INFO] Downloaded from eclipse-cbi: https://repo.eclipse.org/content/repositories/cbi-maven2/org/eclipse/platform/org.eclipse.equinox.app/1.7.600/org.eclipse.equinox.app-1.7.600.jar (93 kB at 185 kB/s)
[INFO] Downloading from eclipse-cbi: https://repo.eclipse.org/content/repositories/cbi-maven2/org/bouncycastle/bcutil-jdk18on/1.84/bcutil-jdk18on-1.84.jar
[INFO] Downloaded from eclipse-cbi: https://repo.eclipse.org/content/repositories/cbi-maven2/org/apache/felix/org.apache.felix.scr/2.2.18/org.apache.felix.scr-2.2.18.jar (409 kB at 811 kB/s)
[INFO] Downloading from eclipse-cbi: https://repo.eclipse.org/content/repositories/cbi-maven2/commons-net/commons-net/3.13.0/commons-net-3.13.0.jar
[INFO] Downloaded from eclipse-cbi: https://repo.eclipse.org/content/repositories/cbi-maven2/org/bouncycastle/bcpg-jdk18on/1.84/bcpg-jdk18on-1.84.jar (741 kB at 1.4 MB/s)
[INFO] Downloading from eclipse-cbi: https://repo.eclipse.org/content/repositories/cbi-maven2/org/eclipse/tycho/tycho-targetplatform/5.0.3/tycho-targetplatform-5.0.3.jar
[INFO] Downloaded from eclipse-cbi: https://repo.eclipse.org/content/repositories/cbi-maven2/org/codehaus/mojo/animal-sniffer-annotations/1.9/animal-sniffer-annotations-1.9.jar (3.4 kB at 6.5 kB/s)
[INFO] Downloading from eclipse-cbi: https://repo.eclipse.org/content/repositories/cbi-maven2/org/eclipse/tycho/tycho-p2/5.0.3/tycho-p2-5.0.3.jar
[INFO] Downloaded from eclipse-cbi: https://repo.eclipse.org/content/repositories/cbi-maven2/commons-net/commons-net/3.13.0/commons-net-3.13.0.jar (337 kB at 617 kB/s)
[INFO] Downloading from eclipse-cbi: https://repo.eclipse.org/content/repositories/cbi-maven2/org/eclipse/platform/org.eclipse.core.runtime/3.34.200/org.eclipse.core.runtime-3.34.200.jar
[INFO] Downloaded from eclipse-cbi: https://repo.eclipse.org/content/repositories/cbi-maven2/org/eclipse/tycho/tycho-p2/5.0.3/tycho-p2-5.0.3.jar (3.1 kB at 5.5 kB/s)
[INFO] Downloading from eclipse-cbi: https://repo.eclipse.org/content/repositories/cbi-maven2/org/eclipse/platform/org.eclipse.equinox.common/3.20.300/org.eclipse.equinox.common-3.20.300.jar
[INFO] Downloaded from eclipse-cbi: https://repo.eclipse.org/content/repositories/cbi-maven2/org/eclipse/tycho/tycho-targetplatform/5.0.3/tycho-targetplatform-5.0.3.jar (55 kB at 96 kB/s)
[INFO] Downloading from eclipse-cbi: https://repo.eclipse.org/content/repositories/cbi-maven2/org/eclipse/platform/org.eclipse.equinox.registry/3.12.600/org.eclipse.equinox.registry-3.12.600.jar
[INFO] Downloaded from eclipse-cbi: https://repo.eclipse.org/content/repositories/cbi-maven2/org/bouncycastle/bcutil-jdk18on/1.84/bcutil-jdk18on-1.84.jar (707 kB at 1.2 MB/s)
[INFO] Downloading from eclipse-cbi: https://repo.eclipse.org/content/repositories/cbi-maven2/org/eclipse/platform/org.eclipse.core.contenttype/3.9.800/org.eclipse.core.contenttype-3.9.800.jar
[INFO] Downloaded from eclipse-cbi: https://repo.eclipse.org/content/repositories/cbi-maven2/org/bouncycastle/bcprov-jdk18on/1.84/bcprov-jdk18on-1.84.jar (8.9 MB at 15 MB/s)
[INFO] Downloading from eclipse-cbi: https://repo.eclipse.org/content/repositories/cbi-maven2/biz/aQute/bnd/biz.aQute.bndlib/7.2.3/biz.aQute.bndlib-7.2.3.jar
[INFO] Downloaded from eclipse-cbi: https://repo.eclipse.org/content/repositories/cbi-maven2/org/eclipse/platform/org.eclipse.core.runtime/3.34.200/org.eclipse.core.runtime-3.34.200.jar (91 kB at 152 kB/s)
[INFO] Downloading from eclipse-cbi: https://repo.eclipse.org/content/repositories/cbi-maven2/biz/aQute/bnd/biz.aQute.bnd.util/7.2.3/biz.aQute.bnd.util-7.2.3.jar
[INFO] Downloaded from eclipse-cbi: https://repo.eclipse.org/content/repositories/cbi-maven2/org/eclipse/platform/org.eclipse.equinox.common/3.20.300/org.eclipse.equinox.common-3.20.300.jar (165 kB at 274 kB/s)
[INFO] Downloading from eclipse-cbi: https://repo.eclipse.org/content/repositories/cbi-maven2/org/osgi/org.osgi.util.function/1.2.0/org.osgi.util.function-1.2.0.jar
[INFO] Downloaded from eclipse-cbi: https://repo.eclipse.org/content/repositories/cbi-maven2/org/eclipse/platform/org.eclipse.equinox.registry/3.12.600/org.eclipse.equinox.registry-3.12.600.jar (206 kB at 341 kB/s)
[INFO] Downloading from eclipse-cbi: https://repo.eclipse.org/content/repositories/cbi-maven2/org/osgi/osgi.annotation/8.0.1/osgi.annotation-8.0.1.jar
[INFO] Downloaded from eclipse-cbi: https://repo.eclipse.org/content/repositories/cbi-maven2/org/eclipse/platform/org.eclipse.core.contenttype/3.9.800/org.eclipse.core.contenttype-3.9.800.jar (108 kB at 177 kB/s)
[INFO] Downloading from eclipse-cbi: https://repo.eclipse.org/content/repositories/cbi-maven2/org/slf4j/slf4j-api/2.0.18/slf4j-api-2.0.18.jar
[INFO] Downloaded from eclipse-cbi: https://repo.eclipse.org/content/repositories/cbi-maven2/biz/aQute/bnd/biz.aQute.bnd.util/7.2.3/biz.aQute.bnd.util-7.2.3.jar (454 kB at 718 kB/s)
[INFO] Downloading from eclipse-cbi: https://repo.eclipse.org/content/repositories/cbi-maven2/commons-io/commons-io/2.22.0/commons-io-2.22.0.jar
[INFO] Downloaded from eclipse-cbi: https://repo.eclipse.org/content/repositories/cbi-maven2/biz/aQute/bnd/biz.aQute.bndlib/7.2.3/biz.aQute.bndlib-7.2.3.jar (3.5 MB at 5.5 MB/s)
[INFO] Downloading from eclipse-cbi: https://repo.eclipse.org/content/repositories/cbi-maven2/commons-codec/commons-codec/1.22.0/commons-codec-1.22.0.jar
[INFO] Downloaded from eclipse-cbi: https://repo.eclipse.org/content/repositories/cbi-maven2/org/osgi/osgi.annotation/8.0.1/osgi.annotation-8.0.1.jar (37 kB at 57 kB/s)
[INFO] Downloading from eclipse-cbi: https://repo.eclipse.org/content/repositories/cbi-maven2/org/eclipse/jdt/org.eclipse.jdt.core/3.45.0/org.eclipse.jdt.core-3.45.0.jar
[INFO] Downloaded from eclipse-cbi: https://repo.eclipse.org/content/repositories/cbi-maven2/org/osgi/org.osgi.util.function/1.2.0/org.osgi.util.function-1.2.0.jar (24 kB at 37 kB/s)
[INFO] Downloading from eclipse-cbi: https://repo.eclipse.org/content/repositories/cbi-maven2/org/eclipse/platform/org.eclipse.core.resources/3.23.200/org.eclipse.core.resources-3.23.200.jar
[INFO] Downloaded from eclipse-cbi: https://repo.eclipse.org/content/repositories/cbi-maven2/org/slf4j/slf4j-api/2.0.18/slf4j-api-2.0.18.jar (70 kB at 107 kB/s)
[INFO] Downloading from eclipse-cbi: https://repo.eclipse.org/content/repositories/cbi-maven2/net/java/dev/jna/jna/5.18.1/jna-5.18.1.jar
[INFO] Downloaded from eclipse-cbi: https://repo.eclipse.org/content/repositories/cbi-maven2/commons-codec/commons-codec/1.22.0/commons-codec-1.22.0.jar (420 kB at 611 kB/s)
[INFO] Downloading from eclipse-cbi: https://repo.eclipse.org/content/repositories/cbi-maven2/org/eclipse/platform/org.eclipse.core.filesystem/1.11.400/org.eclipse.core.filesystem-1.11.400.jar
[INFO] Downloaded from eclipse-cbi: https://repo.eclipse.org/content/repositories/cbi-maven2/commons-io/commons-io/2.22.0/commons-io-2.22.0.jar (609 kB at 885 kB/s)
[INFO] Downloading from eclipse-cbi: https://repo.eclipse.org/content/repositories/cbi-maven2/net/java/dev/jna/jna-platform/5.18.1/jna-platform-5.18.1.jar
[INFO] Downloaded from eclipse-cbi: https://repo.eclipse.org/content/repositories/cbi-maven2/org/eclipse/platform/org.eclipse.core.resources/3.23.200/org.eclipse.core.resources-3.23.200.jar (963 kB at 1.4 MB/s)
[INFO] Downloading from eclipse-cbi: https://repo.eclipse.org/content/repositories/cbi-maven2/org/eclipse/platform/org.eclipse.text/3.14.600/org.eclipse.text-3.14.600.jar
[INFO] Downloaded from eclipse-cbi: https://repo.eclipse.org/content/repositories/cbi-maven2/net/java/dev/jna/jna/5.18.1/jna-5.18.1.jar (2.0 MB at 2.8 MB/s)
[INFO] Downloading from eclipse-cbi: https://repo.eclipse.org/content/repositories/cbi-maven2/org/eclipse/platform/org.eclipse.core.commands/3.12.500/org.eclipse.core.commands-3.12.500.jar
[INFO] Downloaded from eclipse-cbi: https://repo.eclipse.org/content/repositories/cbi-maven2/org/eclipse/jdt/org.eclipse.jdt.core/3.45.0/org.eclipse.jdt.core-3.45.0.jar (4.5 MB at 6.2 MB/s)
[INFO] Downloading from eclipse-cbi: https://repo.eclipse.org/content/repositories/cbi-maven2/org/eclipse/jdt/ecj/3.45.0/ecj-3.45.0.jar
[INFO] Downloaded from eclipse-cbi: https://repo.eclipse.org/content/repositories/cbi-maven2/net/java/dev/jna/jna-platform/5.18.1/jna-platform-5.18.1.jar (1.4 MB at 1.9 MB/s)
[INFO] Downloading from eclipse-cbi: https://repo.eclipse.org/content/repositories/cbi-maven2/org/eclipse/tycho/tycho-bndlib/5.0.3/tycho-bndlib-5.0.3.jar
[INFO] Downloaded from eclipse-cbi: https://repo.eclipse.org/content/repositories/cbi-maven2/org/eclipse/platform/org.eclipse.text/3.14.600/org.eclipse.text-3.14.600.jar (362 kB at 488 kB/s)
[INFO] Downloaded from eclipse-cbi: https://repo.eclipse.org/content/repositories/cbi-maven2/org/eclipse/platform/org.eclipse.core.filesystem/1.11.400/org.eclipse.core.filesystem-1.11.400.jar (79 kB at 107 kB/s)
[INFO] Downloaded from eclipse-cbi: https://repo.eclipse.org/content/repositories/cbi-maven2/org/eclipse/platform/org.eclipse.core.commands/3.12.500/org.eclipse.core.commands-3.12.500.jar (122 kB at 161 kB/s)
[INFO] Downloaded from eclipse-cbi: https://repo.eclipse.org/content/repositories/cbi-maven2/org/eclipse/tycho/tycho-bndlib/5.0.3/tycho-bndlib-5.0.3.jar (18 kB at 23 kB/s)
[INFO] Downloaded from eclipse-cbi: https://repo.eclipse.org/content/repositories/cbi-maven2/org/eclipse/jdt/ecj/3.45.0/ecj-3.45.0.jar (3.3 MB at 4.2 MB/s)
[INFO] Downloading from tycho-snapshots: https://repo.eclipse.org/content/repositories/tycho-maven2-snapshots/org/eclipse/tycho/target-platform-configuration/5.0.3/target-platform-configuration-5.0.3.pom
[INFO] Downloading from eclipse-snapshots: https://repo.eclipse.org/content/repositories/eclipse-maven2-snapshots/org/eclipse/tycho/target-platform-configuration/5.0.3/target-platform-configuration-5.0.3.pom
[INFO] Downloading from eclipse-cbi: https://repo.eclipse.org/content/repositories/cbi-maven2/org/eclipse/tycho/target-platform-configuration/5.0.3/target-platform-configuration-5.0.3.pom
[INFO] Downloaded from eclipse-cbi: https://repo.eclipse.org/content/repositories/cbi-maven2/org/eclipse/tycho/target-platform-configuration/5.0.3/target-platform-configuration-5.0.3.pom (2.1 kB at 51 kB/s)
[INFO] Downloading from tycho-snapshots: https://repo.eclipse.org/content/repositories/tycho-maven2-snapshots/org/eclipse/tycho/target-platform-configuration/5.0.3/target-platform-configuration-5.0.3.jar
[INFO] Downloading from eclipse-snapshots: https://repo.eclipse.org/content/repositories/eclipse-maven2-snapshots/org/eclipse/tycho/target-platform-configuration/5.0.3/target-platform-configuration-5.0.3.jar
[INFO] Downloading from eclipse-cbi: https://repo.eclipse.org/content/repositories/cbi-maven2/org/eclipse/tycho/target-platform-configuration/5.0.3/target-platform-configuration-5.0.3.jar
[INFO] Downloaded from eclipse-cbi: https://repo.eclipse.org/content/repositories/cbi-maven2/org/eclipse/tycho/target-platform-configuration/5.0.3/target-platform-configuration-5.0.3.jar (29 kB at 699 kB/s)
[INFO] Downloading from tycho-snapshots: https://repo.eclipse.org/content/repositories/tycho-maven2-snapshots/org/eclipse/tycho/tycho-source-plugin/5.0.3/tycho-source-plugin-5.0.3.pom
[INFO] Downloading from eclipse-snapshots: https://repo.eclipse.org/content/repositories/eclipse-maven2-snapshots/org/eclipse/tycho/tycho-source-plugin/5.0.3/tycho-source-plugin-5.0.3.pom
[INFO] Downloading from eclipse-cbi: https://repo.eclipse.org/content/repositories/cbi-maven2/org/eclipse/tycho/tycho-source-plugin/5.0.3/tycho-source-plugin-5.0.3.pom
[INFO] Downloaded from eclipse-cbi: https://repo.eclipse.org/content/repositories/cbi-maven2/org/eclipse/tycho/tycho-source-plugin/5.0.3/tycho-source-plugin-5.0.3.pom (3.3 kB at 87 kB/s)
[INFO] Downloading from tycho-snapshots: https://repo.eclipse.org/content/repositories/tycho-maven2-snapshots/org/eclipse/tycho/tycho-source-plugin/5.0.3/tycho-source-plugin-5.0.3.jar
[INFO] Downloading from eclipse-snapshots: https://repo.eclipse.org/content/repositories/eclipse-maven2-snapshots/org/eclipse/tycho/tycho-source-plugin/5.0.3/tycho-source-plugin-5.0.3.jar
[INFO] Downloading from eclipse-cbi: https://repo.eclipse.org/content/repositories/cbi-maven2/org/eclipse/tycho/tycho-source-plugin/5.0.3/tycho-source-plugin-5.0.3.jar
[INFO] Downloaded from eclipse-cbi: https://repo.eclipse.org/content/repositories/cbi-maven2/org/eclipse/tycho/tycho-source-plugin/5.0.3/tycho-source-plugin-5.0.3.jar (52 kB at 972 kB/s)
[INFO] Downloading from tycho-snapshots: https://repo.eclipse.org/content/repositories/tycho-maven2-snapshots/org/apache/maven/plugins/maven-source-plugin/3.4.0/maven-source-plugin-3.4.0.pom
[INFO] Downloading from eclipse-snapshots: https://repo.eclipse.org/content/repositories/eclipse-maven2-snapshots/org/apache/maven/plugins/maven-source-plugin/3.4.0/maven-source-plugin-3.4.0.pom
[INFO] Downloading from eclipse-cbi: https://repo.eclipse.org/content/repositories/cbi-maven2/org/apache/maven/plugins/maven-source-plugin/3.4.0/maven-source-plugin-3.4.0.pom
[INFO] Downloaded from eclipse-cbi: https://repo.eclipse.org/content/repositories/cbi-maven2/org/apache/maven/plugins/maven-source-plugin/3.4.0/maven-source-plugin-3.4.0.pom (6.8 kB at 132 kB/s)
[INFO] Downloading from tycho-snapshots: https://repo.eclipse.org/content/repositories/tycho-maven2-snapshots/org/apache/maven/plugins/maven-plugins/45/maven-plugins-45.pom
[INFO] Downloading from eclipse-snapshots: https://repo.eclipse.org/content/repositories/eclipse-maven2-snapshots/org/apache/maven/plugins/maven-plugins/45/maven-plugins-45.pom
[INFO] Downloading from eclipse-cbi: https://repo.eclipse.org/content/repositories/cbi-maven2/org/apache/maven/plugins/maven-plugins/45/maven-plugins-45.pom
[INFO] Downloaded from eclipse-cbi: https://repo.eclipse.org/content/repositories/cbi-maven2/org/apache/maven/plugins/maven-plugins/45/maven-plugins-45.pom (8.4 kB at 186 kB/s)
[INFO] Downloading from tycho-snapshots: https://repo.eclipse.org/content/repositories/tycho-maven2-snapshots/org/apache/maven/maven-parent/45/maven-parent-45.pom
[INFO] Downloading from eclipse-snapshots: https://repo.eclipse.org/content/repositories/eclipse-maven2-snapshots/org/apache/maven/maven-parent/45/maven-parent-45.pom
[INFO] Downloading from eclipse-cbi: https://repo.eclipse.org/content/repositories/cbi-maven2/org/apache/maven/maven-parent/45/maven-parent-45.pom
[INFO] Downloaded from eclipse-cbi: https://repo.eclipse.org/content/repositories/cbi-maven2/org/apache/maven/maven-parent/45/maven-parent-45.pom (53 kB at 1.3 MB/s)
[INFO] Downloading from tycho-snapshots: https://repo.eclipse.org/content/repositories/tycho-maven2-snapshots/org/apache/maven/maven-archiver/3.6.6/maven-archiver-3.6.6.pom
[INFO] Downloading from eclipse-snapshots: https://repo.eclipse.org/content/repositories/eclipse-maven2-snapshots/org/apache/maven/maven-archiver/3.6.6/maven-archiver-3.6.6.pom
[INFO] Downloading from eclipse-cbi: https://repo.eclipse.org/content/repositories/cbi-maven2/org/apache/maven/maven-archiver/3.6.6/maven-archiver-3.6.6.pom
[INFO] Downloaded from eclipse-cbi: https://repo.eclipse.org/content/repositories/cbi-maven2/org/apache/maven/maven-archiver/3.6.6/maven-archiver-3.6.6.pom (5.2 kB at 137 kB/s)
[INFO] Downloading from tycho-snapshots: https://repo.eclipse.org/content/repositories/tycho-maven2-snapshots/org/apache/maven/shared/maven-shared-components/45/maven-shared-components-45.pom
[INFO] Downloading from eclipse-snapshots: https://repo.eclipse.org/content/repositories/eclipse-maven2-snapshots/org/apache/maven/shared/maven-shared-components/45/maven-shared-components-45.pom
[INFO] Downloading from eclipse-cbi: https://repo.eclipse.org/content/repositories/cbi-maven2/org/apache/maven/shared/maven-shared-components/45/maven-shared-components-45.pom
[INFO] Downloaded from eclipse-cbi: https://repo.eclipse.org/content/repositories/cbi-maven2/org/apache/maven/shared/maven-shared-components/45/maven-shared-components-45.pom (3.8 kB at 92 kB/s)
[INFO] Downloading from tycho-snapshots: https://repo.eclipse.org/content/repositories/tycho-maven2-snapshots/org/eclipse/tycho/tycho-packaging-plugin/5.0.3/tycho-packaging-plugin-5.0.3.pom
[INFO] Downloading from eclipse-snapshots: https://repo.eclipse.org/content/repositories/eclipse-maven2-snapshots/org/eclipse/tycho/tycho-packaging-plugin/5.0.3/tycho-packaging-plugin-5.0.3.pom
[INFO] Downloading from eclipse-cbi: https://repo.eclipse.org/content/repositories/cbi-maven2/org/eclipse/tycho/tycho-packaging-plugin/5.0.3/tycho-packaging-plugin-5.0.3.pom
[INFO] Downloaded from eclipse-cbi: https://repo.eclipse.org/content/repositories/cbi-maven2/org/eclipse/tycho/tycho-packaging-plugin/5.0.3/tycho-packaging-plugin-5.0.3.pom (3.5 kB at 66 kB/s)
[INFO] Downloading from tycho-snapshots: https://repo.eclipse.org/content/repositories/tycho-maven2-snapshots/org/apache/maven/indexer/search-backend-smo/7.1.6/search-backend-smo-7.1.6.pom
[INFO] Downloading from eclipse-snapshots: https://repo.eclipse.org/content/repositories/eclipse-maven2-snapshots/org/apache/maven/indexer/search-backend-smo/7.1.6/search-backend-smo-7.1.6.pom
[INFO] Downloading from eclipse-cbi: https://repo.eclipse.org/content/repositories/cbi-maven2/org/apache/maven/indexer/search-backend-smo/7.1.6/search-backend-smo-7.1.6.pom
[INFO] Downloaded from eclipse-cbi: https://repo.eclipse.org/content/repositories/cbi-maven2/org/apache/maven/indexer/search-backend-smo/7.1.6/search-backend-smo-7.1.6.pom (2.2 kB at 49 kB/s)
[INFO] Downloading from tycho-snapshots: https://repo.eclipse.org/content/repositories/tycho-maven2-snapshots/org/apache/maven/indexer/maven-indexer/7.1.6/maven-indexer-7.1.6.pom
[INFO] Downloading from eclipse-snapshots: https://repo.eclipse.org/content/repositories/eclipse-maven2-snapshots/org/apache/maven/indexer/maven-indexer/7.1.6/maven-indexer-7.1.6.pom
[INFO] Downloading from eclipse-cbi: https://repo.eclipse.org/content/repositories/cbi-maven2/org/apache/maven/indexer/maven-indexer/7.1.6/maven-indexer-7.1.6.pom
[INFO] Downloaded from eclipse-cbi: https://repo.eclipse.org/content/repositories/cbi-maven2/org/apache/maven/indexer/maven-indexer/7.1.6/maven-indexer-7.1.6.pom (15 kB at 331 kB/s)
[INFO] Downloading from tycho-snapshots: https://repo.eclipse.org/content/repositories/tycho-maven2-snapshots/org/apache/maven/maven-parent/44/maven-parent-44.pom
[INFO] Downloading from eclipse-snapshots: https://repo.eclipse.org/content/repositories/eclipse-maven2-snapshots/org/apache/maven/maven-parent/44/maven-parent-44.pom
[INFO] Downloading from eclipse-cbi: https://repo.eclipse.org/content/repositories/cbi-maven2/org/apache/maven/maven-parent/44/maven-parent-44.pom
[INFO] Downloaded from eclipse-cbi: https://repo.eclipse.org/content/repositories/cbi-maven2/org/apache/maven/maven-parent/44/maven-parent-44.pom (52 kB at 1.0 MB/s)
[INFO] Downloading from tycho-snapshots: https://repo.eclipse.org/content/repositories/tycho-maven2-snapshots/org/apache/apache/34/apache-34.pom
[INFO] Downloading from eclipse-snapshots: https://repo.eclipse.org/content/repositories/eclipse-maven2-snapshots/org/apache/apache/34/apache-34.pom
[INFO] Downloading from eclipse-cbi: https://repo.eclipse.org/content/repositories/cbi-maven2/org/apache/apache/34/apache-34.pom
[INFO] Downloaded from eclipse-cbi: https://repo.eclipse.org/content/repositories/cbi-maven2/org/apache/apache/34/apache-34.pom (24 kB at 622 kB/s)
[INFO] Downloading from tycho-snapshots: https://repo.eclipse.org/content/repositories/tycho-maven2-snapshots/org/junit/junit-bom/5.12.1/junit-bom-5.12.1.pom
[INFO] Downloading from eclipse-snapshots: https://repo.eclipse.org/content/repositories/eclipse-maven2-snapshots/org/junit/junit-bom/5.12.1/junit-bom-5.12.1.pom
[INFO] Downloading from eclipse-cbi: https://repo.eclipse.org/content/repositories/cbi-maven2/org/junit/junit-bom/5.12.1/junit-bom-5.12.1.pom
[INFO] Downloaded from eclipse-cbi: https://repo.eclipse.org/content/repositories/cbi-maven2/org/junit/junit-bom/5.12.1/junit-bom-5.12.1.pom (5.6 kB at 145 kB/s)
[INFO] Downloading from tycho-snapshots: https://repo.eclipse.org/content/repositories/tycho-maven2-snapshots/org/apache/maven/indexer/search-api/7.1.6/search-api-7.1.6.pom
[INFO] Downloading from eclipse-snapshots: https://repo.eclipse.org/content/repositories/eclipse-maven2-snapshots/org/apache/maven/indexer/search-api/7.1.6/search-api-7.1.6.pom
[INFO] Downloading from eclipse-cbi: https://repo.eclipse.org/content/repositories/cbi-maven2/org/apache/maven/indexer/search-api/7.1.6/search-api-7.1.6.pom
[INFO] Downloaded from eclipse-cbi: https://repo.eclipse.org/content/repositories/cbi-maven2/org/apache/maven/indexer/search-api/7.1.6/search-api-7.1.6.pom (1.8 kB at 41 kB/s)
[INFO] Downloading from tycho-snapshots: https://repo.eclipse.org/content/repositories/tycho-maven2-snapshots/com/google/code/gson/gson/2.13.1/gson-2.13.1.pom
[INFO] Downloading from eclipse-snapshots: https://repo.eclipse.org/content/repositories/eclipse-maven2-snapshots/com/google/code/gson/gson/2.13.1/gson-2.13.1.pom
[INFO] Downloading from eclipse-cbi: https://repo.eclipse.org/content/repositories/cbi-maven2/com/google/code/gson/gson/2.13.1/gson-2.13.1.pom
[INFO] Downloaded from eclipse-cbi: https://repo.eclipse.org/content/repositories/cbi-maven2/com/google/code/gson/gson/2.13.1/gson-2.13.1.pom (13 kB at 346 kB/s)
[INFO] Downloading from tycho-snapshots: https://repo.eclipse.org/content/repositories/tycho-maven2-snapshots/com/google/code/gson/gson-parent/2.13.1/gson-parent-2.13.1.pom
[INFO] Downloading from eclipse-snapshots: https://repo.eclipse.org/content/repositories/eclipse-maven2-snapshots/com/google/code/gson/gson-parent/2.13.1/gson-parent-2.13.1.pom
[INFO] Downloading from eclipse-cbi: https://repo.eclipse.org/content/repositories/cbi-maven2/com/google/code/gson/gson-parent/2.13.1/gson-parent-2.13.1.pom
[INFO] Downloaded from eclipse-cbi: https://repo.eclipse.org/content/repositories/cbi-maven2/com/google/code/gson/gson-parent/2.13.1/gson-parent-2.13.1.pom (27 kB at 488 kB/s)
[INFO] Downloading from tycho-snapshots: https://repo.eclipse.org/content/repositories/tycho-maven2-snapshots/com/google/errorprone/error_prone_annotations/2.38.0/error_prone_annotations-2.38.0.pom
[INFO] Downloading from eclipse-snapshots: https://repo.eclipse.org/content/repositories/eclipse-maven2-snapshots/com/google/errorprone/error_prone_annotations/2.38.0/error_prone_annotations-2.38.0.pom
[INFO] Downloading from eclipse-cbi: https://repo.eclipse.org/content/repositories/cbi-maven2/com/google/errorprone/error_prone_annotations/2.38.0/error_prone_annotations-2.38.0.pom
[INFO] Downloaded from eclipse-cbi: https://repo.eclipse.org/content/repositories/cbi-maven2/com/google/errorprone/error_prone_annotations/2.38.0/error_prone_annotations-2.38.0.pom (4.3 kB at 97 kB/s)
[INFO] Downloading from tycho-snapshots: https://repo.eclipse.org/content/repositories/tycho-maven2-snapshots/com/google/errorprone/error_prone_parent/2.38.0/error_prone_parent-2.38.0.pom
[INFO] Downloading from eclipse-snapshots: https://repo.eclipse.org/content/repositories/eclipse-maven2-snapshots/com/google/errorprone/error_prone_parent/2.38.0/error_prone_parent-2.38.0.pom
[INFO] Downloading from eclipse-cbi: https://repo.eclipse.org/content/repositories/cbi-maven2/com/google/errorprone/error_prone_parent/2.38.0/error_prone_parent-2.38.0.pom
[INFO] Downloaded from eclipse-cbi: https://repo.eclipse.org/content/repositories/cbi-maven2/com/google/errorprone/error_prone_parent/2.38.0/error_prone_parent-2.38.0.pom (16 kB at 419 kB/s)
[INFO] Downloading from tycho-snapshots: https://repo.eclipse.org/content/repositories/tycho-maven2-snapshots/org/sonatype/plexus/plexus-build-api/0.0.7/plexus-build-api-0.0.7.pom
[INFO] Downloading from eclipse-snapshots: https://repo.eclipse.org/content/repositories/eclipse-maven2-snapshots/org/sonatype/plexus/plexus-build-api/0.0.7/plexus-build-api-0.0.7.pom
[INFO] Downloading from eclipse-cbi: https://repo.eclipse.org/content/repositories/cbi-maven2/org/sonatype/plexus/plexus-build-api/0.0.7/plexus-build-api-0.0.7.pom
[INFO] Downloaded from eclipse-cbi: https://repo.eclipse.org/content/repositories/cbi-maven2/org/sonatype/plexus/plexus-build-api/0.0.7/plexus-build-api-0.0.7.pom (3.2 kB at 84 kB/s)
[INFO] Downloading from tycho-snapshots: https://repo.eclipse.org/content/repositories/tycho-maven2-snapshots/org/sonatype/spice/spice-parent/15/spice-parent-15.pom
[INFO] Downloading from eclipse-snapshots: https://repo.eclipse.org/content/repositories/eclipse-maven2-snapshots/org/sonatype/spice/spice-parent/15/spice-parent-15.pom
[INFO] Downloading from eclipse-cbi: https://repo.eclipse.org/content/repositories/cbi-maven2/org/sonatype/spice/spice-parent/15/spice-parent-15.pom
[INFO] Downloaded from eclipse-cbi: https://repo.eclipse.org/content/repositories/cbi-maven2/org/sonatype/spice/spice-parent/15/spice-parent-15.pom (8.4 kB at 220 kB/s)
[INFO] Downloading from tycho-snapshots: https://repo.eclipse.org/content/repositories/tycho-maven2-snapshots/org/sonatype/forge/forge-parent/5/forge-parent-5.pom
[INFO] Downloading from eclipse-snapshots: https://repo.eclipse.org/content/repositories/eclipse-maven2-snapshots/org/sonatype/forge/forge-parent/5/forge-parent-5.pom
[INFO] Downloading from eclipse-cbi: https://repo.eclipse.org/content/repositories/cbi-maven2/org/sonatype/forge/forge-parent/5/forge-parent-5.pom
[INFO] Downloaded from eclipse-cbi: https://repo.eclipse.org/content/repositories/cbi-maven2/org/sonatype/forge/forge-parent/5/forge-parent-5.pom (8.4 kB at 199 kB/s)
[INFO] Downloading from tycho-snapshots: https://repo.eclipse.org/content/repositories/tycho-maven2-snapshots/org/apache/maven/plugins/maven-source-plugin/3.4.0/maven-source-plugin-3.4.0.jar
[INFO] Downloading from tycho-snapshots: https://repo.eclipse.org/content/repositories/tycho-maven2-snapshots/org/apache/maven/maven-archiver/3.6.6/maven-archiver-3.6.6.jar
[INFO] Downloading from tycho-snapshots: https://repo.eclipse.org/content/repositories/tycho-maven2-snapshots/org/eclipse/tycho/tycho-packaging-plugin/5.0.3/tycho-packaging-plugin-5.0.3.jar
[INFO] Downloading from tycho-snapshots: https://repo.eclipse.org/content/repositories/tycho-maven2-snapshots/org/apache/maven/indexer/search-backend-smo/7.1.6/search-backend-smo-7.1.6.jar
[INFO] Downloading from tycho-snapshots: https://repo.eclipse.org/content/repositories/tycho-maven2-snapshots/org/apache/maven/indexer/search-api/7.1.6/search-api-7.1.6.jar
[INFO] Downloading from tycho-snapshots: https://repo.eclipse.org/content/repositories/tycho-maven2-snapshots/com/google/code/gson/gson/2.13.1/gson-2.13.1.jar
[INFO] Downloading from tycho-snapshots: https://repo.eclipse.org/content/repositories/tycho-maven2-snapshots/com/google/errorprone/error_prone_annotations/2.38.0/error_prone_annotations-2.38.0.jar
[INFO] Downloading from tycho-snapshots: https://repo.eclipse.org/content/repositories/tycho-maven2-snapshots/org/sonatype/plexus/plexus-build-api/0.0.7/plexus-build-api-0.0.7.jar
[INFO] Downloading from eclipse-snapshots: https://repo.eclipse.org/content/repositories/eclipse-maven2-snapshots/org/apache/maven/plugins/maven-source-plugin/3.4.0/maven-source-plugin-3.4.0.jar
[INFO] Downloading from eclipse-snapshots: https://repo.eclipse.org/content/repositories/eclipse-maven2-snapshots/org/apache/maven/maven-archiver/3.6.6/maven-archiver-3.6.6.jar
[INFO] Downloading from eclipse-snapshots: https://repo.eclipse.org/content/repositories/eclipse-maven2-snapshots/org/eclipse/tycho/tycho-packaging-plugin/5.0.3/tycho-packaging-plugin-5.0.3.jar
[INFO] Downloading from eclipse-snapshots: https://repo.eclipse.org/content/repositories/eclipse-maven2-snapshots/org/apache/maven/indexer/search-backend-smo/7.1.6/search-backend-smo-7.1.6.jar
[INFO] Downloading from eclipse-snapshots: https://repo.eclipse.org/content/repositories/eclipse-maven2-snapshots/org/apache/maven/indexer/search-api/7.1.6/search-api-7.1.6.jar
[INFO] Downloading from eclipse-snapshots: https://repo.eclipse.org/content/repositories/eclipse-maven2-snapshots/com/google/code/gson/gson/2.13.1/gson-2.13.1.jar
[INFO] Downloading from eclipse-snapshots: https://repo.eclipse.org/content/repositories/eclipse-maven2-snapshots/com/google/errorprone/error_prone_annotations/2.38.0/error_prone_annotations-2.38.0.jar
[INFO] Downloading from eclipse-snapshots: https://repo.eclipse.org/content/repositories/eclipse-maven2-snapshots/org/sonatype/plexus/plexus-build-api/0.0.7/plexus-build-api-0.0.7.jar
[INFO] Downloading from eclipse-cbi: https://repo.eclipse.org/content/repositories/cbi-maven2/org/apache/maven/plugins/maven-source-plugin/3.4.0/maven-source-plugin-3.4.0.jar
[INFO] Downloaded from eclipse-cbi: https://repo.eclipse.org/content/repositories/cbi-maven2/org/apache/maven/plugins/maven-source-plugin/3.4.0/maven-source-plugin-3.4.0.jar (33 kB at 540 kB/s)
[INFO] Downloading from eclipse-cbi: https://repo.eclipse.org/content/repositories/cbi-maven2/org/apache/maven/maven-archiver/3.6.6/maven-archiver-3.6.6.jar
[INFO] Downloading from eclipse-cbi: https://repo.eclipse.org/content/repositories/cbi-maven2/org/eclipse/tycho/tycho-packaging-plugin/5.0.3/tycho-packaging-plugin-5.0.3.jar
[INFO] Downloading from eclipse-cbi: https://repo.eclipse.org/content/repositories/cbi-maven2/org/apache/maven/indexer/search-backend-smo/7.1.6/search-backend-smo-7.1.6.jar
[INFO] Downloading from eclipse-cbi: https://repo.eclipse.org/content/repositories/cbi-maven2/org/apache/maven/indexer/search-api/7.1.6/search-api-7.1.6.jar
[INFO] Downloading from eclipse-cbi: https://repo.eclipse.org/content/repositories/cbi-maven2/com/google/code/gson/gson/2.13.1/gson-2.13.1.jar
[INFO] Downloaded from eclipse-cbi: https://repo.eclipse.org/content/repositories/cbi-maven2/org/apache/maven/indexer/search-backend-smo/7.1.6/search-backend-smo-7.1.6.jar (17 kB at 456 kB/s)
[INFO] Downloading from eclipse-cbi: https://repo.eclipse.org/content/repositories/cbi-maven2/com/google/errorprone/error_prone_annotations/2.38.0/error_prone_annotations-2.38.0.jar
[INFO] Downloaded from eclipse-cbi: https://repo.eclipse.org/content/repositories/cbi-maven2/org/apache/maven/maven-archiver/3.6.6/maven-archiver-3.6.6.jar (28 kB at 630 kB/s)
[INFO] Downloading from eclipse-cbi: https://repo.eclipse.org/content/repositories/cbi-maven2/org/sonatype/plexus/plexus-build-api/0.0.7/plexus-build-api-0.0.7.jar
[INFO] Downloaded from eclipse-cbi: https://repo.eclipse.org/content/repositories/cbi-maven2/org/apache/maven/indexer/search-api/7.1.6/search-api-7.1.6.jar (27 kB at 455 kB/s)
[INFO] Downloaded from eclipse-cbi: https://repo.eclipse.org/content/repositories/cbi-maven2/com/google/errorprone/error_prone_annotations/2.38.0/error_prone_annotations-2.38.0.jar (20 kB at 272 kB/s)
[INFO] Downloaded from eclipse-cbi: https://repo.eclipse.org/content/repositories/cbi-maven2/org/eclipse/tycho/tycho-packaging-plugin/5.0.3/tycho-packaging-plugin-5.0.3.jar (164 kB at 1.8 MB/s)
[INFO] Downloaded from eclipse-cbi: https://repo.eclipse.org/content/repositories/cbi-maven2/org/sonatype/plexus/plexus-build-api/0.0.7/plexus-build-api-0.0.7.jar (8.5 kB at 82 kB/s)
[INFO] Downloaded from eclipse-cbi: https://repo.eclipse.org/content/repositories/cbi-maven2/com/google/code/gson/gson/2.13.1/gson-2.13.1.jar (287 kB at 2.2 MB/s)
[INFO] Downloading from tycho-snapshots: https://repo.eclipse.org/content/repositories/tycho-maven2-snapshots/org/apache/maven/plugins/maven-resources-plugin/3.5.0/maven-resources-plugin-3.5.0.pom
[INFO] Downloading from eclipse-snapshots: https://repo.eclipse.org/content/repositories/eclipse-maven2-snapshots/org/apache/maven/plugins/maven-resources-plugin/3.5.0/maven-resources-plugin-3.5.0.pom
[INFO] Downloading from eclipse-cbi: https://repo.eclipse.org/content/repositories/cbi-maven2/org/apache/maven/plugins/maven-resources-plugin/3.5.0/maven-resources-plugin-3.5.0.pom
[INFO] Downloaded from eclipse-cbi: https://repo.eclipse.org/content/repositories/cbi-maven2/org/apache/maven/plugins/maven-resources-plugin/3.5.0/maven-resources-plugin-3.5.0.pom (7.7 kB at 201 kB/s)
[INFO] Downloading from tycho-snapshots: https://repo.eclipse.org/content/repositories/tycho-maven2-snapshots/org/apache/maven/plugins/maven-plugins/47/maven-plugins-47.pom
[INFO] Downloading from eclipse-snapshots: https://repo.eclipse.org/content/repositories/eclipse-maven2-snapshots/org/apache/maven/plugins/maven-plugins/47/maven-plugins-47.pom
[INFO] Downloading from eclipse-cbi: https://repo.eclipse.org/content/repositories/cbi-maven2/org/apache/maven/plugins/maven-plugins/47/maven-plugins-47.pom
[INFO] Downloaded from eclipse-cbi: https://repo.eclipse.org/content/repositories/cbi-maven2/org/apache/maven/plugins/maven-plugins/47/maven-plugins-47.pom (7.2 kB at 180 kB/s)
[INFO] Downloading from tycho-snapshots: https://repo.eclipse.org/content/repositories/tycho-maven2-snapshots/org/apache/maven/plugins/maven-resources-plugin/3.5.0/maven-resources-plugin-3.5.0.jar
[INFO] Downloading from eclipse-snapshots: https://repo.eclipse.org/content/repositories/eclipse-maven2-snapshots/org/apache/maven/plugins/maven-resources-plugin/3.5.0/maven-resources-plugin-3.5.0.jar
[INFO] Downloading from eclipse-cbi: https://repo.eclipse.org/content/repositories/cbi-maven2/org/apache/maven/plugins/maven-resources-plugin/3.5.0/maven-resources-plugin-3.5.0.jar
[INFO] Downloaded from eclipse-cbi: https://repo.eclipse.org/content/repositories/cbi-maven2/org/apache/maven/plugins/maven-resources-plugin/3.5.0/maven-resources-plugin-3.5.0.jar (32 kB at 803 kB/s)
[INFO] Downloading from tycho-snapshots: https://repo.eclipse.org/content/repositories/tycho-maven2-snapshots/org/eclipse/tycho/extras/tycho-p2-extras-plugin/5.0.3/tycho-p2-extras-plugin-5.0.3.pom
[INFO] Downloading from eclipse-snapshots: https://repo.eclipse.org/content/repositories/eclipse-maven2-snapshots/org/eclipse/tycho/extras/tycho-p2-extras-plugin/5.0.3/tycho-p2-extras-plugin-5.0.3.pom
[INFO] Downloading from eclipse-cbi: https://repo.eclipse.org/content/repositories/cbi-maven2/org/eclipse/tycho/extras/tycho-p2-extras-plugin/5.0.3/tycho-p2-extras-plugin-5.0.3.pom
[INFO] Downloaded from eclipse-cbi: https://repo.eclipse.org/content/repositories/cbi-maven2/org/eclipse/tycho/extras/tycho-p2-extras-plugin/5.0.3/tycho-p2-extras-plugin-5.0.3.pom (5.3 kB at 121 kB/s)
[INFO] Downloading from tycho-snapshots: https://repo.eclipse.org/content/repositories/tycho-maven2-snapshots/org/eclipse/tycho/extras/tycho-extras/5.0.3/tycho-extras-5.0.3.pom
[INFO] Downloading from eclipse-snapshots: https://repo.eclipse.org/content/repositories/eclipse-maven2-snapshots/org/eclipse/tycho/extras/tycho-extras/5.0.3/tycho-extras-5.0.3.pom
[INFO] Downloading from eclipse-cbi: https://repo.eclipse.org/content/repositories/cbi-maven2/org/eclipse/tycho/extras/tycho-extras/5.0.3/tycho-extras-5.0.3.pom
[INFO] Downloaded from eclipse-cbi: https://repo.eclipse.org/content/repositories/cbi-maven2/org/eclipse/tycho/extras/tycho-extras/5.0.3/tycho-extras-5.0.3.pom (5.7 kB at 153 kB/s)
[INFO] Downloading from tycho-snapshots: https://repo.eclipse.org/content/repositories/tycho-maven2-snapshots/org/eclipse/tycho/extras/tycho-p2-extras-plugin/5.0.3/tycho-p2-extras-plugin-5.0.3.jar
[INFO] Downloading from eclipse-snapshots: https://repo.eclipse.org/content/repositories/eclipse-maven2-snapshots/org/eclipse/tycho/extras/tycho-p2-extras-plugin/5.0.3/tycho-p2-extras-plugin-5.0.3.jar
[INFO] Downloading from eclipse-cbi: https://repo.eclipse.org/content/repositories/cbi-maven2/org/eclipse/tycho/extras/tycho-p2-extras-plugin/5.0.3/tycho-p2-extras-plugin-5.0.3.jar
[INFO] Downloaded from eclipse-cbi: https://repo.eclipse.org/content/repositories/cbi-maven2/org/eclipse/tycho/extras/tycho-p2-extras-plugin/5.0.3/tycho-p2-extras-plugin-5.0.3.jar (39 kB at 1.0 MB/s)
[INFO] Downloading from tycho-snapshots: https://repo.eclipse.org/content/repositories/tycho-maven2-snapshots/org/eclipse/tycho/tycho-artifactcomparator/5.0.3/tycho-artifactcomparator-5.0.3.pom
[INFO] Downloading from eclipse-snapshots: https://repo.eclipse.org/content/repositories/eclipse-maven2-snapshots/org/eclipse/tycho/tycho-artifactcomparator/5.0.3/tycho-artifactcomparator-5.0.3.pom
[INFO] Downloading from eclipse-cbi: https://repo.eclipse.org/content/repositories/cbi-maven2/org/eclipse/tycho/tycho-artifactcomparator/5.0.3/tycho-artifactcomparator-5.0.3.pom
[INFO] Downloaded from eclipse-cbi: https://repo.eclipse.org/content/repositories/cbi-maven2/org/eclipse/tycho/tycho-artifactcomparator/5.0.3/tycho-artifactcomparator-5.0.3.pom (3.0 kB at 71 kB/s)
[INFO] Downloading from tycho-snapshots: https://repo.eclipse.org/content/repositories/tycho-maven2-snapshots/org/ow2/asm/asm-tree/9.8/asm-tree-9.8.pom
[INFO] Downloading from eclipse-snapshots: https://repo.eclipse.org/content/repositories/eclipse-maven2-snapshots/org/ow2/asm/asm-tree/9.8/asm-tree-9.8.pom
[INFO] Downloading from eclipse-cbi: https://repo.eclipse.org/content/repositories/cbi-maven2/org/ow2/asm/asm-tree/9.8/asm-tree-9.8.pom
[INFO] Downloaded from eclipse-cbi: https://repo.eclipse.org/content/repositories/cbi-maven2/org/ow2/asm/asm-tree/9.8/asm-tree-9.8.pom (2.6 kB at 63 kB/s)
[INFO] Downloading from tycho-snapshots: https://repo.eclipse.org/content/repositories/tycho-maven2-snapshots/org/ow2/ow2/1.5.1/ow2-1.5.1.pom
[INFO] Downloading from eclipse-snapshots: https://repo.eclipse.org/content/repositories/eclipse-maven2-snapshots/org/ow2/ow2/1.5.1/ow2-1.5.1.pom
[INFO] Downloading from eclipse-cbi: https://repo.eclipse.org/content/repositories/cbi-maven2/org/ow2/ow2/1.5.1/ow2-1.5.1.pom
[INFO] Downloaded from eclipse-cbi: https://repo.eclipse.org/content/repositories/cbi-maven2/org/ow2/ow2/1.5.1/ow2-1.5.1.pom (11 kB at 297 kB/s)
[INFO] Downloading from tycho-snapshots: https://repo.eclipse.org/content/repositories/tycho-maven2-snapshots/org/ow2/asm/asm/9.8/asm-9.8.pom
[INFO] Downloading from eclipse-snapshots: https://repo.eclipse.org/content/repositories/eclipse-maven2-snapshots/org/ow2/asm/asm/9.8/asm-9.8.pom
[INFO] Downloading from eclipse-cbi: https://repo.eclipse.org/content/repositories/cbi-maven2/org/ow2/asm/asm/9.8/asm-9.8.pom
[INFO] Downloaded from eclipse-cbi: https://repo.eclipse.org/content/repositories/cbi-maven2/org/ow2/asm/asm/9.8/asm-9.8.pom (2.4 kB at 50 kB/s)
[INFO] Downloading from tycho-snapshots: https://repo.eclipse.org/content/repositories/tycho-maven2-snapshots/org/ow2/asm/asm-util/9.8/asm-util-9.8.pom
[INFO] Downloading from eclipse-snapshots: https://repo.eclipse.org/content/repositories/eclipse-maven2-snapshots/org/ow2/asm/asm-util/9.8/asm-util-9.8.pom
[INFO] Downloading from eclipse-cbi: https://repo.eclipse.org/content/repositories/cbi-maven2/org/ow2/asm/asm-util/9.8/asm-util-9.8.pom
[INFO] Downloaded from eclipse-cbi: https://repo.eclipse.org/content/repositories/cbi-maven2/org/ow2/asm/asm-util/9.8/asm-util-9.8.pom (2.9 kB at 79 kB/s)
[INFO] Downloading from tycho-snapshots: https://repo.eclipse.org/content/repositories/tycho-maven2-snapshots/org/ow2/asm/asm-analysis/9.8/asm-analysis-9.8.pom
[INFO] Downloading from eclipse-snapshots: https://repo.eclipse.org/content/repositories/eclipse-maven2-snapshots/org/ow2/asm/asm-analysis/9.8/asm-analysis-9.8.pom
[INFO] Downloading from eclipse-cbi: https://repo.eclipse.org/content/repositories/cbi-maven2/org/ow2/asm/asm-analysis/9.8/asm-analysis-9.8.pom
[INFO] Downloaded from eclipse-cbi: https://repo.eclipse.org/content/repositories/cbi-maven2/org/ow2/asm/asm-analysis/9.8/asm-analysis-9.8.pom (2.6 kB at 64 kB/s)
[INFO] Downloading from tycho-snapshots: https://repo.eclipse.org/content/repositories/tycho-maven2-snapshots/org/xmlunit/xmlunit-core/2.11.0/xmlunit-core-2.11.0.pom
[INFO] Downloading from eclipse-snapshots: https://repo.eclipse.org/content/repositories/eclipse-maven2-snapshots/org/xmlunit/xmlunit-core/2.11.0/xmlunit-core-2.11.0.pom
[INFO] Downloading from eclipse-cbi: https://repo.eclipse.org/content/repositories/cbi-maven2/org/xmlunit/xmlunit-core/2.11.0/xmlunit-core-2.11.0.pom
[INFO] Downloaded from eclipse-cbi: https://repo.eclipse.org/content/repositories/cbi-maven2/org/xmlunit/xmlunit-core/2.11.0/xmlunit-core-2.11.0.pom (2.8 kB at 61 kB/s)
[INFO] Downloading from tycho-snapshots: https://repo.eclipse.org/content/repositories/tycho-maven2-snapshots/org/xmlunit/xmlunit-parent/2.11.0/xmlunit-parent-2.11.0.pom
[INFO] Downloading from eclipse-snapshots: https://repo.eclipse.org/content/repositories/eclipse-maven2-snapshots/org/xmlunit/xmlunit-parent/2.11.0/xmlunit-parent-2.11.0.pom
[INFO] Downloading from eclipse-cbi: https://repo.eclipse.org/content/repositories/cbi-maven2/org/xmlunit/xmlunit-parent/2.11.0/xmlunit-parent-2.11.0.pom
[INFO] Downloaded from eclipse-cbi: https://repo.eclipse.org/content/repositories/cbi-maven2/org/xmlunit/xmlunit-parent/2.11.0/xmlunit-parent-2.11.0.pom (23 kB at 598 kB/s)
[INFO] Downloading from tycho-snapshots: https://repo.eclipse.org/content/repositories/tycho-maven2-snapshots/jakarta/xml/bind/jakarta.xml.bind-api/2.3.3/jakarta.xml.bind-api-2.3.3.pom
[INFO] Downloading from eclipse-snapshots: https://repo.eclipse.org/content/repositories/eclipse-maven2-snapshots/jakarta/xml/bind/jakarta.xml.bind-api/2.3.3/jakarta.xml.bind-api-2.3.3.pom
[INFO] Downloading from eclipse-cbi: https://repo.eclipse.org/content/repositories/cbi-maven2/jakarta/xml/bind/jakarta.xml.bind-api/2.3.3/jakarta.xml.bind-api-2.3.3.pom
[INFO] Downloaded from eclipse-cbi: https://repo.eclipse.org/content/repositories/cbi-maven2/jakarta/xml/bind/jakarta.xml.bind-api/2.3.3/jakarta.xml.bind-api-2.3.3.pom (13 kB at 263 kB/s)
[INFO] Downloading from tycho-snapshots: https://repo.eclipse.org/content/repositories/tycho-maven2-snapshots/jakarta/xml/bind/jakarta.xml.bind-api-parent/2.3.3/jakarta.xml.bind-api-parent-2.3.3.pom
[INFO] Downloading from eclipse-snapshots: https://repo.eclipse.org/content/repositories/eclipse-maven2-snapshots/jakarta/xml/bind/jakarta.xml.bind-api-parent/2.3.3/jakarta.xml.bind-api-parent-2.3.3.pom
[INFO] Downloading from eclipse-cbi: https://repo.eclipse.org/content/repositories/cbi-maven2/jakarta/xml/bind/jakarta.xml.bind-api-parent/2.3.3/jakarta.xml.bind-api-parent-2.3.3.pom
[INFO] Downloaded from eclipse-cbi: https://repo.eclipse.org/content/repositories/cbi-maven2/jakarta/xml/bind/jakarta.xml.bind-api-parent/2.3.3/jakarta.xml.bind-api-parent-2.3.3.pom (9.0 kB at 195 kB/s)
[INFO] Downloading from tycho-snapshots: https://repo.eclipse.org/content/repositories/tycho-maven2-snapshots/org/eclipse/ee4j/project/1.0.6/project-1.0.6.pom
[INFO] Downloading from eclipse-snapshots: https://repo.eclipse.org/content/repositories/eclipse-maven2-snapshots/org/eclipse/ee4j/project/1.0.6/project-1.0.6.pom
[INFO] Downloading from eclipse-cbi: https://repo.eclipse.org/content/repositories/cbi-maven2/org/eclipse/ee4j/project/1.0.6/project-1.0.6.pom
[INFO] Downloaded from eclipse-cbi: https://repo.eclipse.org/content/repositories/cbi-maven2/org/eclipse/ee4j/project/1.0.6/project-1.0.6.pom (13 kB at 317 kB/s)
[INFO] Downloading from tycho-snapshots: https://repo.eclipse.org/content/repositories/tycho-maven2-snapshots/jakarta/activation/jakarta.activation-api/1.2.2/jakarta.activation-api-1.2.2.pom
[INFO] Downloading from eclipse-snapshots: https://repo.eclipse.org/content/repositories/eclipse-maven2-snapshots/jakarta/activation/jakarta.activation-api/1.2.2/jakarta.activation-api-1.2.2.pom
[INFO] Downloading from eclipse-cbi: https://repo.eclipse.org/content/repositories/cbi-maven2/jakarta/activation/jakarta.activation-api/1.2.2/jakarta.activation-api-1.2.2.pom
[INFO] Downloaded from eclipse-cbi: https://repo.eclipse.org/content/repositories/cbi-maven2/jakarta/activation/jakarta.activation-api/1.2.2/jakarta.activation-api-1.2.2.pom (5.3 kB at 140 kB/s)
[INFO] Downloading from tycho-snapshots: https://repo.eclipse.org/content/repositories/tycho-maven2-snapshots/com/sun/activation/all/1.2.2/all-1.2.2.pom
[INFO] Downloading from eclipse-snapshots: https://repo.eclipse.org/content/repositories/eclipse-maven2-snapshots/com/sun/activation/all/1.2.2/all-1.2.2.pom
[INFO] Downloading from eclipse-cbi: https://repo.eclipse.org/content/repositories/cbi-maven2/com/sun/activation/all/1.2.2/all-1.2.2.pom
[INFO] Downloaded from eclipse-cbi: https://repo.eclipse.org/content/repositories/cbi-maven2/com/sun/activation/all/1.2.2/all-1.2.2.pom (15 kB at 345 kB/s)
[INFO] Downloading from tycho-snapshots: https://repo.eclipse.org/content/repositories/tycho-maven2-snapshots/io/github/java-diff-utils/java-diff-utils/4.17/java-diff-utils-4.17.pom
[INFO] Downloading from eclipse-snapshots: https://repo.eclipse.org/content/repositories/eclipse-maven2-snapshots/io/github/java-diff-utils/java-diff-utils/4.17/java-diff-utils-4.17.pom
[INFO] Downloading from eclipse-cbi: https://repo.eclipse.org/content/repositories/cbi-maven2/io/github/java-diff-utils/java-diff-utils/4.17/java-diff-utils-4.17.pom
[INFO] Downloaded from eclipse-cbi: https://repo.eclipse.org/content/repositories/cbi-maven2/io/github/java-diff-utils/java-diff-utils/4.17/java-diff-utils-4.17.pom (2.3 kB at 62 kB/s)
[INFO] Downloading from tycho-snapshots: https://repo.eclipse.org/content/repositories/tycho-maven2-snapshots/io/github/java-diff-utils/java-diff-utils-parent/4.17/java-diff-utils-parent-4.17.pom
[INFO] Downloading from eclipse-snapshots: https://repo.eclipse.org/content/repositories/eclipse-maven2-snapshots/io/github/java-diff-utils/java-diff-utils-parent/4.17/java-diff-utils-parent-4.17.pom
[INFO] Downloading from eclipse-cbi: https://repo.eclipse.org/content/repositories/cbi-maven2/io/github/java-diff-utils/java-diff-utils-parent/4.17/java-diff-utils-parent-4.17.pom
[INFO] Downloaded from eclipse-cbi: https://repo.eclipse.org/content/repositories/cbi-maven2/io/github/java-diff-utils/java-diff-utils-parent/4.17/java-diff-utils-parent-4.17.pom (9.2 kB at 85 kB/s)
[INFO] Downloading from tycho-snapshots: https://repo.eclipse.org/content/repositories/tycho-maven2-snapshots/ch/digitalfondue/jfiveparse/jfiveparse/2.0.0/jfiveparse-2.0.0.pom
[INFO] Downloading from eclipse-snapshots: https://repo.eclipse.org/content/repositories/eclipse-maven2-snapshots/ch/digitalfondue/jfiveparse/jfiveparse/2.0.0/jfiveparse-2.0.0.pom
[INFO] Downloading from eclipse-cbi: https://repo.eclipse.org/content/repositories/cbi-maven2/ch/digitalfondue/jfiveparse/jfiveparse/2.0.0/jfiveparse-2.0.0.pom
[INFO] Downloaded from eclipse-cbi: https://repo.eclipse.org/content/repositories/cbi-maven2/ch/digitalfondue/jfiveparse/jfiveparse/2.0.0/jfiveparse-2.0.0.pom (9.1 kB at 50 kB/s)
[INFO] Downloading from tycho-snapshots: https://repo.eclipse.org/content/repositories/tycho-maven2-snapshots/org/junit/junit-bom/5.12.2/junit-bom-5.12.2.pom
[INFO] Downloading from eclipse-snapshots: https://repo.eclipse.org/content/repositories/eclipse-maven2-snapshots/org/junit/junit-bom/5.12.2/junit-bom-5.12.2.pom
[INFO] Downloading from eclipse-cbi: https://repo.eclipse.org/content/repositories/cbi-maven2/org/junit/junit-bom/5.12.2/junit-bom-5.12.2.pom
[INFO] Downloaded from eclipse-cbi: https://repo.eclipse.org/content/repositories/cbi-maven2/org/junit/junit-bom/5.12.2/junit-bom-5.12.2.pom (5.6 kB at 126 kB/s)
[INFO] Downloading from tycho-snapshots: https://repo.eclipse.org/content/repositories/tycho-maven2-snapshots/org/eclipse/tycho/tycho-artifactcomparator/5.0.3/tycho-artifactcomparator-5.0.3.jar
[INFO] Downloading from tycho-snapshots: https://repo.eclipse.org/content/repositories/tycho-maven2-snapshots/org/ow2/asm/asm-tree/9.8/asm-tree-9.8.jar
[INFO] Downloading from tycho-snapshots: https://repo.eclipse.org/content/repositories/tycho-maven2-snapshots/org/ow2/asm/asm/9.8/asm-9.8.jar
[INFO] Downloading from tycho-snapshots: https://repo.eclipse.org/content/repositories/tycho-maven2-snapshots/org/ow2/asm/asm-util/9.8/asm-util-9.8.jar
[INFO] Downloading from tycho-snapshots: https://repo.eclipse.org/content/repositories/tycho-maven2-snapshots/org/ow2/asm/asm-analysis/9.8/asm-analysis-9.8.jar
[INFO] Downloading from tycho-snapshots: https://repo.eclipse.org/content/repositories/tycho-maven2-snapshots/org/xmlunit/xmlunit-core/2.11.0/xmlunit-core-2.11.0.jar
[INFO] Downloading from tycho-snapshots: https://repo.eclipse.org/content/repositories/tycho-maven2-snapshots/jakarta/xml/bind/jakarta.xml.bind-api/2.3.3/jakarta.xml.bind-api-2.3.3.jar
[INFO] Downloading from tycho-snapshots: https://repo.eclipse.org/content/repositories/tycho-maven2-snapshots/jakarta/activation/jakarta.activation-api/1.2.2/jakarta.activation-api-1.2.2.jar
[INFO] Downloading from tycho-snapshots: https://repo.eclipse.org/content/repositories/tycho-maven2-snapshots/io/github/java-diff-utils/java-diff-utils/4.17/java-diff-utils-4.17.jar
[INFO] Downloading from tycho-snapshots: https://repo.eclipse.org/content/repositories/tycho-maven2-snapshots/ch/digitalfondue/jfiveparse/jfiveparse/2.0.0/jfiveparse-2.0.0.jar
[INFO] Downloading from eclipse-snapshots: https://repo.eclipse.org/content/repositories/eclipse-maven2-snapshots/org/eclipse/tycho/tycho-artifactcomparator/5.0.3/tycho-artifactcomparator-5.0.3.jar
[INFO] Downloading from eclipse-snapshots: https://repo.eclipse.org/content/repositories/eclipse-maven2-snapshots/org/ow2/asm/asm-tree/9.8/asm-tree-9.8.jar
[INFO] Downloading from eclipse-snapshots: https://repo.eclipse.org/content/repositories/eclipse-maven2-snapshots/org/ow2/asm/asm/9.8/asm-9.8.jar
[INFO] Downloading from eclipse-snapshots: https://repo.eclipse.org/content/repositories/eclipse-maven2-snapshots/org/ow2/asm/asm-util/9.8/asm-util-9.8.jar
[INFO] Downloading from eclipse-snapshots: https://repo.eclipse.org/content/repositories/eclipse-maven2-snapshots/org/ow2/asm/asm-analysis/9.8/asm-analysis-9.8.jar
[INFO] Downloading from eclipse-snapshots: https://repo.eclipse.org/content/repositories/eclipse-maven2-snapshots/org/xmlunit/xmlunit-core/2.11.0/xmlunit-core-2.11.0.jar
[INFO] Downloading from eclipse-snapshots: https://repo.eclipse.org/content/repositories/eclipse-maven2-snapshots/jakarta/activation/jakarta.activation-api/1.2.2/jakarta.activation-api-1.2.2.jar
[INFO] Downloading from eclipse-snapshots: https://repo.eclipse.org/content/repositories/eclipse-maven2-snapshots/jakarta/xml/bind/jakarta.xml.bind-api/2.3.3/jakarta.xml.bind-api-2.3.3.jar
[INFO] Downloading from eclipse-snapshots: https://repo.eclipse.org/content/repositories/eclipse-maven2-snapshots/io/github/java-diff-utils/java-diff-utils/4.17/java-diff-utils-4.17.jar
[INFO] Downloading from eclipse-snapshots: https://repo.eclipse.org/content/repositories/eclipse-maven2-snapshots/ch/digitalfondue/jfiveparse/jfiveparse/2.0.0/jfiveparse-2.0.0.jar
[INFO] Downloading from eclipse-cbi: https://repo.eclipse.org/content/repositories/cbi-maven2/org/eclipse/tycho/tycho-artifactcomparator/5.0.3/tycho-artifactcomparator-5.0.3.jar
[INFO] Downloaded from eclipse-cbi: https://repo.eclipse.org/content/repositories/cbi-maven2/org/eclipse/tycho/tycho-artifactcomparator/5.0.3/tycho-artifactcomparator-5.0.3.jar (39 kB at 1.0 MB/s)
[INFO] Downloading from eclipse-cbi: https://repo.eclipse.org/content/repositories/cbi-maven2/org/ow2/asm/asm-tree/9.8/asm-tree-9.8.jar
[INFO] Downloading from eclipse-cbi: https://repo.eclipse.org/content/repositories/cbi-maven2/org/ow2/asm/asm/9.8/asm-9.8.jar
[INFO] Downloading from eclipse-cbi: https://repo.eclipse.org/content/repositories/cbi-maven2/org/ow2/asm/asm-util/9.8/asm-util-9.8.jar
[INFO] Downloading from eclipse-cbi: https://repo.eclipse.org/content/repositories/cbi-maven2/org/ow2/asm/asm-analysis/9.8/asm-analysis-9.8.jar
[INFO] Downloading from eclipse-cbi: https://repo.eclipse.org/content/repositories/cbi-maven2/org/xmlunit/xmlunit-core/2.11.0/xmlunit-core-2.11.0.jar
[INFO] Downloaded from eclipse-cbi: https://repo.eclipse.org/content/repositories/cbi-maven2/org/ow2/asm/asm-tree/9.8/asm-tree-9.8.jar (52 kB at 1.4 MB/s)
[INFO] Downloading from eclipse-cbi: https://repo.eclipse.org/content/repositories/cbi-maven2/jakarta/xml/bind/jakarta.xml.bind-api/2.3.3/jakarta.xml.bind-api-2.3.3.jar
[INFO] Downloaded from eclipse-cbi: https://repo.eclipse.org/content/repositories/cbi-maven2/org/ow2/asm/asm-analysis/9.8/asm-analysis-9.8.jar (35 kB at 586 kB/s)
[INFO] Downloading from eclipse-cbi: https://repo.eclipse.org/content/repositories/cbi-maven2/jakarta/activation/jakarta.activation-api/1.2.2/jakarta.activation-api-1.2.2.jar
[INFO] Downloaded from eclipse-cbi: https://repo.eclipse.org/content/repositories/cbi-maven2/org/ow2/asm/asm-util/9.8/asm-util-9.8.jar (95 kB at 1.3 MB/s)
[INFO] Downloading from eclipse-cbi: https://repo.eclipse.org/content/repositories/cbi-maven2/io/github/java-diff-utils/java-diff-utils/4.17/java-diff-utils-4.17.jar
[INFO] Downloaded from eclipse-cbi: https://repo.eclipse.org/content/repositories/cbi-maven2/jakarta/xml/bind/jakarta.xml.bind-api/2.3.3/jakarta.xml.bind-api-2.3.3.jar (116 kB at 1.6 MB/s)
[INFO] Downloading from eclipse-cbi: https://repo.eclipse.org/content/repositories/cbi-maven2/ch/digitalfondue/jfiveparse/jfiveparse/2.0.0/jfiveparse-2.0.0.jar
[INFO] Downloaded from eclipse-cbi: https://repo.eclipse.org/content/repositories/cbi-maven2/org/xmlunit/xmlunit-core/2.11.0/xmlunit-core-2.11.0.jar (178 kB at 1.9 MB/s)
[INFO] Downloaded from eclipse-cbi: https://repo.eclipse.org/content/repositories/cbi-maven2/org/ow2/asm/asm/9.8/asm-9.8.jar (126 kB at 1.3 MB/s)
[INFO] Downloaded from eclipse-cbi: https://repo.eclipse.org/content/repositories/cbi-maven2/io/github/java-diff-utils/java-diff-utils/4.17/java-diff-utils-4.17.jar (79 kB at 721 kB/s)
[INFO] Downloaded from eclipse-cbi: https://repo.eclipse.org/content/repositories/cbi-maven2/jakarta/activation/jakarta.activation-api/1.2.2/jakarta.activation-api-1.2.2.jar (47 kB at 402 kB/s)
[INFO] Downloaded from eclipse-cbi: https://repo.eclipse.org/content/repositories/cbi-maven2/ch/digitalfondue/jfiveparse/jfiveparse/2.0.0/jfiveparse-2.0.0.jar (176 kB at 1.5 MB/s)
[INFO] Downloading from tycho-snapshots: https://repo.eclipse.org/content/repositories/tycho-maven2-snapshots/org/eclipse/tycho/tycho-apitools-plugin/5.0.3/tycho-apitools-plugin-5.0.3.pom
[INFO] Downloading from eclipse-snapshots: https://repo.eclipse.org/content/repositories/eclipse-maven2-snapshots/org/eclipse/tycho/tycho-apitools-plugin/5.0.3/tycho-apitools-plugin-5.0.3.pom
[INFO] Downloading from eclipse-cbi: https://repo.eclipse.org/content/repositories/cbi-maven2/org/eclipse/tycho/tycho-apitools-plugin/5.0.3/tycho-apitools-plugin-5.0.3.pom
[INFO] Downloaded from eclipse-cbi: https://repo.eclipse.org/content/repositories/cbi-maven2/org/eclipse/tycho/tycho-apitools-plugin/5.0.3/tycho-apitools-plugin-5.0.3.pom (3.2 kB at 83 kB/s)
[INFO] Downloading from tycho-snapshots: https://repo.eclipse.org/content/repositories/tycho-maven2-snapshots/org/eclipse/tycho/tycho-apitools-plugin/5.0.3/tycho-apitools-plugin-5.0.3.jar
[INFO] Downloading from eclipse-snapshots: https://repo.eclipse.org/content/repositories/eclipse-maven2-snapshots/org/eclipse/tycho/tycho-apitools-plugin/5.0.3/tycho-apitools-plugin-5.0.3.jar
[INFO] Downloading from eclipse-cbi: https://repo.eclipse.org/content/repositories/cbi-maven2/org/eclipse/tycho/tycho-apitools-plugin/5.0.3/tycho-apitools-plugin-5.0.3.jar
[INFO] Downloaded from eclipse-cbi: https://repo.eclipse.org/content/repositories/cbi-maven2/org/eclipse/tycho/tycho-apitools-plugin/5.0.3/tycho-apitools-plugin-5.0.3.jar (49 kB at 1.3 MB/s)
[INFO] Downloading from tycho-snapshots: https://repo.eclipse.org/content/repositories/tycho-maven2-snapshots/org/eclipse/pde/org.eclipse.pde.api.tools/1.3.1100/org.eclipse.pde.api.tools-1.3.1100.pom
[INFO] Downloading from eclipse-snapshots: https://repo.eclipse.org/content/repositories/eclipse-maven2-snapshots/org/eclipse/pde/org.eclipse.pde.api.tools/1.3.1100/org.eclipse.pde.api.tools-1.3.1100.pom
[INFO] Downloading from eclipse-cbi: https://repo.eclipse.org/content/repositories/cbi-maven2/org/eclipse/pde/org.eclipse.pde.api.tools/1.3.1100/org.eclipse.pde.api.tools-1.3.1100.pom
[INFO] Downloaded from eclipse-cbi: https://repo.eclipse.org/content/repositories/cbi-maven2/org/eclipse/pde/org.eclipse.pde.api.tools/1.3.1100/org.eclipse.pde.api.tools-1.3.1100.pom (3.7 kB at 76 kB/s)
[INFO] Downloading from tycho-snapshots: https://repo.eclipse.org/content/repositories/tycho-maven2-snapshots/org/eclipse/pde/org.eclipse.pde.core/3.21.200/org.eclipse.pde.core-3.21.200.pom
[INFO] Downloading from eclipse-snapshots: https://repo.eclipse.org/content/repositories/eclipse-maven2-snapshots/org/eclipse/pde/org.eclipse.pde.core/3.21.200/org.eclipse.pde.core-3.21.200.pom
[INFO] Downloading from eclipse-cbi: https://repo.eclipse.org/content/repositories/cbi-maven2/org/eclipse/pde/org.eclipse.pde.core/3.21.200/org.eclipse.pde.core-3.21.200.pom
[INFO] Downloaded from eclipse-cbi: https://repo.eclipse.org/content/repositories/cbi-maven2/org/eclipse/pde/org.eclipse.pde.core/3.21.200/org.eclipse.pde.core-3.21.200.pom (8.1 kB at 184 kB/s)
[INFO] Downloading from tycho-snapshots: https://repo.eclipse.org/content/repositories/tycho-maven2-snapshots/org/eclipse/platform/org.eclipse.e4.core.contexts/1.13.200/org.eclipse.e4.core.contexts-1.13.200.pom
[INFO] Downloading from eclipse-snapshots: https://repo.eclipse.org/content/repositories/eclipse-maven2-snapshots/org/eclipse/platform/org.eclipse.e4.core.contexts/1.13.200/org.eclipse.e4.core.contexts-1.13.200.pom
[INFO] Downloading from eclipse-cbi: https://repo.eclipse.org/content/repositories/cbi-maven2/org/eclipse/platform/org.eclipse.e4.core.contexts/1.13.200/org.eclipse.e4.core.contexts-1.13.200.pom
[INFO] Downloaded from eclipse-cbi: https://repo.eclipse.org/content/repositories/cbi-maven2/org/eclipse/platform/org.eclipse.e4.core.contexts/1.13.200/org.eclipse.e4.core.contexts-1.13.200.pom (2.4 kB at 50 kB/s)
[INFO] Downloading from tycho-snapshots: https://repo.eclipse.org/content/repositories/tycho-maven2-snapshots/org/eclipse/platform/org.eclipse.e4.core.di/1.9.700/org.eclipse.e4.core.di-1.9.700.pom
[INFO] Downloading from eclipse-snapshots: https://repo.eclipse.org/content/repositories/eclipse-maven2-snapshots/org/eclipse/platform/org.eclipse.e4.core.di/1.9.700/org.eclipse.e4.core.di-1.9.700.pom
[INFO] Downloading from eclipse-cbi: https://repo.eclipse.org/content/repositories/cbi-maven2/org/eclipse/platform/org.eclipse.e4.core.di/1.9.700/org.eclipse.e4.core.di-1.9.700.pom
[INFO] Downloaded from eclipse-cbi: https://repo.eclipse.org/content/repositories/cbi-maven2/org/eclipse/platform/org.eclipse.e4.core.di/1.9.700/org.eclipse.e4.core.di-1.9.700.pom (2.4 kB at 64 kB/s)
[INFO] Downloading from tycho-snapshots: https://repo.eclipse.org/content/repositories/tycho-maven2-snapshots/org/eclipse/platform/org.eclipse.e4.core.di.annotations/1.8.400/org.eclipse.e4.core.di.annotations-1.8.400.pom
[INFO] Downloading from eclipse-snapshots: https://repo.eclipse.org/content/repositories/eclipse-maven2-snapshots/org/eclipse/platform/org.eclipse.e4.core.di.annotations/1.8.400/org.eclipse.e4.core.di.annotations-1.8.400.pom
[INFO] Downloading from eclipse-cbi: https://repo.eclipse.org/content/repositories/cbi-maven2/org/eclipse/platform/org.eclipse.e4.core.di.annotations/1.8.400/org.eclipse.e4.core.di.annotations-1.8.400.pom
[INFO] Downloaded from eclipse-cbi: https://repo.eclipse.org/content/repositories/cbi-maven2/org/eclipse/platform/org.eclipse.e4.core.di.annotations/1.8.400/org.eclipse.e4.core.di.annotations-1.8.400.pom (1.6 kB at 37 kB/s)
[INFO] Downloading from tycho-snapshots: https://repo.eclipse.org/content/repositories/tycho-maven2-snapshots/jakarta/inject/jakarta.inject-api/2.0.1/jakarta.inject-api-2.0.1.pom
[INFO] Downloading from eclipse-snapshots: https://repo.eclipse.org/content/repositories/eclipse-maven2-snapshots/jakarta/inject/jakarta.inject-api/2.0.1/jakarta.inject-api-2.0.1.pom
[INFO] Downloading from eclipse-cbi: https://repo.eclipse.org/content/repositories/cbi-maven2/jakarta/inject/jakarta.inject-api/2.0.1/jakarta.inject-api-2.0.1.pom
[INFO] Downloaded from eclipse-cbi: https://repo.eclipse.org/content/repositories/cbi-maven2/jakarta/inject/jakarta.inject-api/2.0.1/jakarta.inject-api-2.0.1.pom (5.9 kB at 152 kB/s)
[INFO] Downloading from tycho-snapshots: https://repo.eclipse.org/content/repositories/tycho-maven2-snapshots/jakarta/annotation/jakarta.annotation-api/2.1.1/jakarta.annotation-api-2.1.1.pom
[INFO] Downloading from eclipse-snapshots: https://repo.eclipse.org/content/repositories/eclipse-maven2-snapshots/jakarta/annotation/jakarta.annotation-api/2.1.1/jakarta.annotation-api-2.1.1.pom
[INFO] Downloading from eclipse-cbi: https://repo.eclipse.org/content/repositories/cbi-maven2/jakarta/annotation/jakarta.annotation-api/2.1.1/jakarta.annotation-api-2.1.1.pom
[INFO] Downloaded from eclipse-cbi: https://repo.eclipse.org/content/repositories/cbi-maven2/jakarta/annotation/jakarta.annotation-api/2.1.1/jakarta.annotation-api-2.1.1.pom (16 kB at 367 kB/s)
[INFO] Downloading from tycho-snapshots: https://repo.eclipse.org/content/repositories/tycho-maven2-snapshots/org/eclipse/ee4j/project/1.0.7/project-1.0.7.pom
[INFO] Downloading from eclipse-snapshots: https://repo.eclipse.org/content/repositories/eclipse-maven2-snapshots/org/eclipse/ee4j/project/1.0.7/project-1.0.7.pom
[INFO] Downloading from eclipse-cbi: https://repo.eclipse.org/content/repositories/cbi-maven2/org/eclipse/ee4j/project/1.0.7/project-1.0.7.pom
[INFO] Downloaded from eclipse-cbi: https://repo.eclipse.org/content/repositories/cbi-maven2/org/eclipse/ee4j/project/1.0.7/project-1.0.7.pom (14 kB at 322 kB/s)
[INFO] Downloading from tycho-snapshots: https://repo.eclipse.org/content/repositories/tycho-maven2-snapshots/org/osgi/org.osgi.service.event/1.4.1/org.osgi.service.event-1.4.1.pom
[INFO] Downloading from eclipse-snapshots: https://repo.eclipse.org/content/repositories/eclipse-maven2-snapshots/org/osgi/org.osgi.service.event/1.4.1/org.osgi.service.event-1.4.1.pom
[INFO] Downloading from eclipse-cbi: https://repo.eclipse.org/content/repositories/cbi-maven2/org/osgi/org.osgi.service.event/1.4.1/org.osgi.service.event-1.4.1.pom
[INFO] Downloaded from eclipse-cbi: https://repo.eclipse.org/content/repositories/cbi-maven2/org/osgi/org.osgi.service.event/1.4.1/org.osgi.service.event-1.4.1.pom (2.3 kB at 63 kB/s)
[INFO] Downloading from tycho-snapshots: https://repo.eclipse.org/content/repositories/tycho-maven2-snapshots/org/osgi/org.osgi.namespace.implementation/1.0.0/org.osgi.namespace.implementation-1.0.0.pom
[INFO] Downloading from eclipse-snapshots: https://repo.eclipse.org/content/repositories/eclipse-maven2-snapshots/org/osgi/org.osgi.namespace.implementation/1.0.0/org.osgi.namespace.implementation-1.0.0.pom
[INFO] Downloading from eclipse-cbi: https://repo.eclipse.org/content/repositories/cbi-maven2/org/osgi/org.osgi.namespace.implementation/1.0.0/org.osgi.namespace.implementation-1.0.0.pom
[INFO] Downloaded from eclipse-cbi: https://repo.eclipse.org/content/repositories/cbi-maven2/org/osgi/org.osgi.namespace.implementation/1.0.0/org.osgi.namespace.implementation-1.0.0.pom (1.3 kB at 36 kB/s)
[INFO] Downloading from tycho-snapshots: https://repo.eclipse.org/content/repositories/tycho-maven2-snapshots/org/bndtools/org.bndtools.versioncontrol.ignores.manager/7.2.1/org.bndtools.versioncontrol.ignores.manager-7.2.1.pom
[INFO] Downloading from eclipse-snapshots: https://repo.eclipse.org/content/repositories/eclipse-maven2-snapshots/org/bndtools/org.bndtools.versioncontrol.ignores.manager/7.2.1/org.bndtools.versioncontrol.ignores.manager-7.2.1.pom
[INFO] Downloading from eclipse-cbi: https://repo.eclipse.org/content/repositories/cbi-maven2/org/bndtools/org.bndtools.versioncontrol.ignores.manager/7.2.1/org.bndtools.versioncontrol.ignores.manager-7.2.1.pom
[INFO] Downloaded from eclipse-cbi: https://repo.eclipse.org/content/repositories/cbi-maven2/org/bndtools/org.bndtools.versioncontrol.ignores.manager/7.2.1/org.bndtools.versioncontrol.ignores.manager-7.2.1.pom (3.9 kB at 88 kB/s)
[INFO] Downloading from tycho-snapshots: https://repo.eclipse.org/content/repositories/tycho-maven2-snapshots/org/bndtools/bndtools.api/7.2.1/bndtools.api-7.2.1.pom
[INFO] Downloading from eclipse-snapshots: https://repo.eclipse.org/content/repositories/eclipse-maven2-snapshots/org/bndtools/bndtools.api/7.2.1/bndtools.api-7.2.1.pom
[INFO] Downloading from eclipse-cbi: https://repo.eclipse.org/content/repositories/cbi-maven2/org/bndtools/bndtools.api/7.2.1/bndtools.api-7.2.1.pom
[INFO] Downloaded from eclipse-cbi: https://repo.eclipse.org/content/repositories/cbi-maven2/org/bndtools/bndtools.api/7.2.1/bndtools.api-7.2.1.pom (3.9 kB at 106 kB/s)
[INFO] Downloading from tycho-snapshots: https://repo.eclipse.org/content/repositories/tycho-maven2-snapshots/biz/aQute/bnd/biz.aQute.bnd.util/7.2.1/biz.aQute.bnd.util-7.2.1.pom
[INFO] Downloading from eclipse-snapshots: https://repo.eclipse.org/content/repositories/eclipse-maven2-snapshots/biz/aQute/bnd/biz.aQute.bnd.util/7.2.1/biz.aQute.bnd.util-7.2.1.pom
[INFO] Downloading from eclipse-cbi: https://repo.eclipse.org/content/repositories/cbi-maven2/biz/aQute/bnd/biz.aQute.bnd.util/7.2.1/biz.aQute.bnd.util-7.2.1.pom
[INFO] Downloaded from eclipse-cbi: https://repo.eclipse.org/content/repositories/cbi-maven2/biz/aQute/bnd/biz.aQute.bnd.util/7.2.1/biz.aQute.bnd.util-7.2.1.pom (3.4 kB at 92 kB/s)
[INFO] Downloading from tycho-snapshots: https://repo.eclipse.org/content/repositories/tycho-maven2-snapshots/org/eclipse/platform/org.eclipse.team.core/3.10.1000/org.eclipse.team.core-3.10.1000.pom
[INFO] Downloading from eclipse-snapshots: https://repo.eclipse.org/content/repositories/eclipse-maven2-snapshots/org/eclipse/platform/org.eclipse.team.core/3.10.1000/org.eclipse.team.core-3.10.1000.pom
[INFO] Downloading from eclipse-cbi: https://repo.eclipse.org/content/repositories/cbi-maven2/org/eclipse/platform/org.eclipse.team.core/3.10.1000/org.eclipse.team.core-3.10.1000.pom
[INFO] Downloaded from eclipse-cbi: https://repo.eclipse.org/content/repositories/cbi-maven2/org/eclipse/platform/org.eclipse.team.core/3.10.1000/org.eclipse.team.core-3.10.1000.pom (2.4 kB at 59 kB/s)
[INFO] Downloading from tycho-snapshots: https://repo.eclipse.org/content/repositories/tycho-maven2-snapshots/org/eclipse/platform/org.eclipse.compare.core/3.8.800/org.eclipse.compare.core-3.8.800.pom
[INFO] Downloading from eclipse-snapshots: https://repo.eclipse.org/content/repositories/eclipse-maven2-snapshots/org/eclipse/platform/org.eclipse.compare.core/3.8.800/org.eclipse.compare.core-3.8.800.pom
[INFO] Downloading from eclipse-cbi: https://repo.eclipse.org/content/repositories/cbi-maven2/org/eclipse/platform/org.eclipse.compare.core/3.8.800/org.eclipse.compare.core-3.8.800.pom
[INFO] Downloaded from eclipse-cbi: https://repo.eclipse.org/content/repositories/cbi-maven2/org/eclipse/platform/org.eclipse.compare.core/3.8.800/org.eclipse.compare.core-3.8.800.pom (1.8 kB at 40 kB/s)
[INFO] Downloading from tycho-snapshots: https://repo.eclipse.org/content/repositories/tycho-maven2-snapshots/org/eclipse/jdt/org.eclipse.jdt.launching/3.24.100/org.eclipse.jdt.launching-3.24.100.pom
[INFO] Downloading from eclipse-snapshots: https://repo.eclipse.org/content/repositories/eclipse-maven2-snapshots/org/eclipse/jdt/org.eclipse.jdt.launching/3.24.100/org.eclipse.jdt.launching-3.24.100.pom
[INFO] Downloading from eclipse-cbi: https://repo.eclipse.org/content/repositories/cbi-maven2/org/eclipse/jdt/org.eclipse.jdt.launching/3.24.100/org.eclipse.jdt.launching-3.24.100.pom
[INFO] Downloaded from eclipse-cbi: https://repo.eclipse.org/content/repositories/cbi-maven2/org/eclipse/jdt/org.eclipse.jdt.launching/3.24.100/org.eclipse.jdt.launching-3.24.100.pom (3.4 kB at 82 kB/s)
[INFO] Downloading from tycho-snapshots: https://repo.eclipse.org/content/repositories/tycho-maven2-snapshots/org/eclipse/platform/org.eclipse.core.variables/3.6.700/org.eclipse.core.variables-3.6.700.pom
[INFO] Downloading from eclipse-snapshots: https://repo.eclipse.org/content/repositories/eclipse-maven2-snapshots/org/eclipse/platform/org.eclipse.core.variables/3.6.700/org.eclipse.core.variables-3.6.700.pom
[INFO] Downloading from eclipse-cbi: https://repo.eclipse.org/content/repositories/cbi-maven2/org/eclipse/platform/org.eclipse.core.variables/3.6.700/org.eclipse.core.variables-3.6.700.pom
[INFO] Downloaded from eclipse-cbi: https://repo.eclipse.org/content/repositories/cbi-maven2/org/eclipse/platform/org.eclipse.core.variables/3.6.700/org.eclipse.core.variables-3.6.700.pom (1.8 kB at 40 kB/s)
[INFO] Downloading from tycho-snapshots: https://repo.eclipse.org/content/repositories/tycho-maven2-snapshots/org/eclipse/platform/org.eclipse.debug.core/3.23.200/org.eclipse.debug.core-3.23.200.pom
[INFO] Downloading from eclipse-snapshots: https://repo.eclipse.org/content/repositories/eclipse-maven2-snapshots/org/eclipse/platform/org.eclipse.debug.core/3.23.200/org.eclipse.debug.core-3.23.200.pom
[INFO] Downloading from eclipse-cbi: https://repo.eclipse.org/content/repositories/cbi-maven2/org/eclipse/platform/org.eclipse.debug.core/3.23.200/org.eclipse.debug.core-3.23.200.pom
[INFO] Downloaded from eclipse-cbi: https://repo.eclipse.org/content/repositories/cbi-maven2/org/eclipse/platform/org.eclipse.debug.core/3.23.200/org.eclipse.debug.core-3.23.200.pom (2.6 kB at 61 kB/s)
[INFO] Downloading from tycho-snapshots: https://repo.eclipse.org/content/repositories/tycho-maven2-snapshots/org/eclipse/platform/org.eclipse.core.resources/3.23.100/org.eclipse.core.resources-3.23.100.pom
[INFO] Downloading from eclipse-snapshots: https://repo.eclipse.org/content/repositories/eclipse-maven2-snapshots/org/eclipse/platform/org.eclipse.core.resources/3.23.100/org.eclipse.core.resources-3.23.100.pom
[INFO] Downloading from eclipse-cbi: https://repo.eclipse.org/content/repositories/cbi-maven2/org/eclipse/platform/org.eclipse.core.resources/3.23.100/org.eclipse.core.resources-3.23.100.pom
[INFO] Downloaded from eclipse-cbi: https://repo.eclipse.org/content/repositories/cbi-maven2/org/eclipse/platform/org.eclipse.core.resources/3.23.100/org.eclipse.core.resources-3.23.100.pom (2.8 kB at 77 kB/s)
[INFO] Downloading from tycho-snapshots: https://repo.eclipse.org/content/repositories/tycho-maven2-snapshots/org/eclipse/jdt/org.eclipse.jdt.launching.macosx/3.6.400/org.eclipse.jdt.launching.macosx-3.6.400.pom
[INFO] Downloading from eclipse-snapshots: https://repo.eclipse.org/content/repositories/eclipse-maven2-snapshots/org/eclipse/jdt/org.eclipse.jdt.launching.macosx/3.6.400/org.eclipse.jdt.launching.macosx-3.6.400.pom
[INFO] Downloading from eclipse-cbi: https://repo.eclipse.org/content/repositories/cbi-maven2/org/eclipse/jdt/org.eclipse.jdt.launching.macosx/3.6.400/org.eclipse.jdt.launching.macosx-3.6.400.pom
[INFO] Downloaded from eclipse-cbi: https://repo.eclipse.org/content/repositories/cbi-maven2/org/eclipse/jdt/org.eclipse.jdt.launching.macosx/3.6.400/org.eclipse.jdt.launching.macosx-3.6.400.pom (2.6 kB at 72 kB/s)
[INFO] Downloading from tycho-snapshots: https://repo.eclipse.org/content/repositories/tycho-maven2-snapshots/org/eclipse/jdt/org.eclipse.jdt.debug/3.25.100/org.eclipse.jdt.debug-3.25.100.pom
[INFO] Downloading from eclipse-snapshots: https://repo.eclipse.org/content/repositories/eclipse-maven2-snapshots/org/eclipse/jdt/org.eclipse.jdt.debug/3.25.100/org.eclipse.jdt.debug-3.25.100.pom
[INFO] Downloading from eclipse-cbi: https://repo.eclipse.org/content/repositories/cbi-maven2/org/eclipse/jdt/org.eclipse.jdt.debug/3.25.100/org.eclipse.jdt.debug-3.25.100.pom
[INFO] Downloaded from eclipse-cbi: https://repo.eclipse.org/content/repositories/cbi-maven2/org/eclipse/jdt/org.eclipse.jdt.debug/3.25.100/org.eclipse.jdt.debug-3.25.100.pom (2.6 kB at 59 kB/s)
[INFO] Downloading from tycho-snapshots: https://repo.eclipse.org/content/repositories/tycho-maven2-snapshots/org/eclipse/pde/org.eclipse.pde.build/3.12.900/org.eclipse.pde.build-3.12.900.pom
[INFO] Downloading from eclipse-snapshots: https://repo.eclipse.org/content/repositories/eclipse-maven2-snapshots/org/eclipse/pde/org.eclipse.pde.build/3.12.900/org.eclipse.pde.build-3.12.900.pom
[INFO] Downloading from eclipse-cbi: https://repo.eclipse.org/content/repositories/cbi-maven2/org/eclipse/pde/org.eclipse.pde.build/3.12.900/org.eclipse.pde.build-3.12.900.pom
[INFO] Downloaded from eclipse-cbi: https://repo.eclipse.org/content/repositories/cbi-maven2/org/eclipse/pde/org.eclipse.pde.build/3.12.900/org.eclipse.pde.build-3.12.900.pom (4.7 kB at 125 kB/s)
[INFO] Downloading from tycho-snapshots: https://repo.eclipse.org/content/repositories/tycho-maven2-snapshots/org/eclipse/platform/org.eclipse.ant.core/3.7.800/org.eclipse.ant.core-3.7.800.pom
[INFO] Downloading from eclipse-snapshots: https://repo.eclipse.org/content/repositories/eclipse-maven2-snapshots/org/eclipse/platform/org.eclipse.ant.core/3.7.800/org.eclipse.ant.core-3.7.800.pom
[INFO] Downloading from eclipse-cbi: https://repo.eclipse.org/content/repositories/cbi-maven2/org/eclipse/platform/org.eclipse.ant.core/3.7.800/org.eclipse.ant.core-3.7.800.pom
[INFO] Downloaded from eclipse-cbi: https://repo.eclipse.org/content/repositories/cbi-maven2/org/eclipse/platform/org.eclipse.ant.core/3.7.800/org.eclipse.ant.core-3.7.800.pom (2.0 kB at 46 kB/s)
[INFO] Downloading from tycho-snapshots: https://repo.eclipse.org/content/repositories/tycho-maven2-snapshots/org/eclipse/platform/org.eclipse.e4.core.services/2.5.300/org.eclipse.e4.core.services-2.5.300.pom
[INFO] Downloading from eclipse-snapshots: https://repo.eclipse.org/content/repositories/eclipse-maven2-snapshots/org/eclipse/platform/org.eclipse.e4.core.services/2.5.300/org.eclipse.e4.core.services-2.5.300.pom
[INFO] Downloading from eclipse-cbi: https://repo.eclipse.org/content/repositories/cbi-maven2/org/eclipse/platform/org.eclipse.e4.core.services/2.5.300/org.eclipse.e4.core.services-2.5.300.pom
[INFO] Downloaded from eclipse-cbi: https://repo.eclipse.org/content/repositories/cbi-maven2/org/eclipse/platform/org.eclipse.e4.core.services/2.5.300/org.eclipse.e4.core.services-2.5.300.pom (3.4 kB at 77 kB/s)
[INFO] Downloading from tycho-snapshots: https://repo.eclipse.org/content/repositories/tycho-maven2-snapshots/org/eclipse/platform/org.eclipse.core.filebuffers/3.8.500/org.eclipse.core.filebuffers-3.8.500.pom
[INFO] Downloading from eclipse-snapshots: https://repo.eclipse.org/content/repositories/eclipse-maven2-snapshots/org/eclipse/platform/org.eclipse.core.filebuffers/3.8.500/org.eclipse.core.filebuffers-3.8.500.pom
[INFO] Downloading from eclipse-cbi: https://repo.eclipse.org/content/repositories/cbi-maven2/org/eclipse/platform/org.eclipse.core.filebuffers/3.8.500/org.eclipse.core.filebuffers-3.8.500.pom
[INFO] Downloaded from eclipse-cbi: https://repo.eclipse.org/content/repositories/cbi-maven2/org/eclipse/platform/org.eclipse.core.filebuffers/3.8.500/org.eclipse.core.filebuffers-3.8.500.pom (2.4 kB at 66 kB/s)
[INFO] Downloading from tycho-snapshots: https://repo.eclipse.org/content/repositories/tycho-maven2-snapshots/org/eclipse/platform/org.eclipse.text/3.14.500/org.eclipse.text-3.14.500.pom
[INFO] Downloading from eclipse-snapshots: https://repo.eclipse.org/content/repositories/eclipse-maven2-snapshots/org/eclipse/platform/org.eclipse.text/3.14.500/org.eclipse.text-3.14.500.pom
[INFO] Downloading from eclipse-cbi: https://repo.eclipse.org/content/repositories/cbi-maven2/org/eclipse/platform/org.eclipse.text/3.14.500/org.eclipse.text-3.14.500.pom
[INFO] Downloaded from eclipse-cbi: https://repo.eclipse.org/content/repositories/cbi-maven2/org/eclipse/platform/org.eclipse.text/3.14.500/org.eclipse.text-3.14.500.pom (2.4 kB at 58 kB/s)
[INFO] Downloading from tycho-snapshots: https://repo.eclipse.org/content/repositories/tycho-maven2-snapshots/org/ow2/asm/asm/9.9.1/asm-9.9.1.pom
[INFO] Downloading from eclipse-snapshots: https://repo.eclipse.org/content/repositories/eclipse-maven2-snapshots/org/ow2/asm/asm/9.9.1/asm-9.9.1.pom
[INFO] Downloading from eclipse-cbi: https://repo.eclipse.org/content/repositories/cbi-maven2/org/ow2/asm/asm/9.9.1/asm-9.9.1.pom
[INFO] Downloaded from eclipse-cbi: https://repo.eclipse.org/content/repositories/cbi-maven2/org/ow2/asm/asm/9.9.1/asm-9.9.1.pom (2.4 kB at 64 kB/s)
[INFO] Downloading from tycho-snapshots: https://repo.eclipse.org/content/repositories/tycho-maven2-snapshots/org/ow2/asm/asm-tree/9.9.1/asm-tree-9.9.1.pom
[INFO] Downloading from eclipse-snapshots: https://repo.eclipse.org/content/repositories/eclipse-maven2-snapshots/org/ow2/asm/asm-tree/9.9.1/asm-tree-9.9.1.pom
[INFO] Downloading from eclipse-cbi: https://repo.eclipse.org/content/repositories/cbi-maven2/org/ow2/asm/asm-tree/9.9.1/asm-tree-9.9.1.pom
[INFO] Downloaded from eclipse-cbi: https://repo.eclipse.org/content/repositories/cbi-maven2/org/ow2/asm/asm-tree/9.9.1/asm-tree-9.9.1.pom (2.6 kB at 70 kB/s)
[INFO] Downloading from tycho-snapshots: https://repo.eclipse.org/content/repositories/tycho-maven2-snapshots/org/ow2/asm/asm/9.10/asm-9.10.pom
[INFO] Downloading from eclipse-snapshots: https://repo.eclipse.org/content/repositories/eclipse-maven2-snapshots/org/ow2/asm/asm/9.10/asm-9.10.pom
[INFO] Downloading from eclipse-cbi: https://repo.eclipse.org/content/repositories/cbi-maven2/org/ow2/asm/asm/9.10/asm-9.10.pom
[INFO] Downloaded from eclipse-cbi: https://repo.eclipse.org/content/repositories/cbi-maven2/org/ow2/asm/asm/9.10/asm-9.10.pom (2.4 kB at 56 kB/s)
[INFO] Downloading from tycho-snapshots: https://repo.eclipse.org/content/repositories/tycho-maven2-snapshots/org/ow2/asm/asm-tree/9.10/asm-tree-9.10.pom
[INFO] Downloading from eclipse-snapshots: https://repo.eclipse.org/content/repositories/eclipse-maven2-snapshots/org/ow2/asm/asm-tree/9.10/asm-tree-9.10.pom
[INFO] Downloading from eclipse-cbi: https://repo.eclipse.org/content/repositories/cbi-maven2/org/ow2/asm/asm-tree/9.10/asm-tree-9.10.pom
[INFO] Downloaded from eclipse-cbi: https://repo.eclipse.org/content/repositories/cbi-maven2/org/ow2/asm/asm-tree/9.10/asm-tree-9.10.pom (2.6 kB at 63 kB/s)
[INFO] Downloading from tycho-snapshots: https://repo.eclipse.org/content/repositories/tycho-maven2-snapshots/org/ow2/asm/asm-util/9.10/asm-util-9.10.pom
[INFO] Downloading from eclipse-snapshots: https://repo.eclipse.org/content/repositories/eclipse-maven2-snapshots/org/ow2/asm/asm-util/9.10/asm-util-9.10.pom
[INFO] Downloading from eclipse-cbi: https://repo.eclipse.org/content/repositories/cbi-maven2/org/ow2/asm/asm-util/9.10/asm-util-9.10.pom
[INFO] Downloaded from eclipse-cbi: https://repo.eclipse.org/content/repositories/cbi-maven2/org/ow2/asm/asm-util/9.10/asm-util-9.10.pom (2.9 kB at 80 kB/s)
[INFO] Downloading from tycho-snapshots: https://repo.eclipse.org/content/repositories/tycho-maven2-snapshots/org/ow2/asm/asm-analysis/9.10/asm-analysis-9.10.pom
[INFO] Downloading from eclipse-snapshots: https://repo.eclipse.org/content/repositories/eclipse-maven2-snapshots/org/ow2/asm/asm-analysis/9.10/asm-analysis-9.10.pom
[INFO] Downloading from eclipse-cbi: https://repo.eclipse.org/content/repositories/cbi-maven2/org/ow2/asm/asm-analysis/9.10/asm-analysis-9.10.pom
[INFO] Downloaded from eclipse-cbi: https://repo.eclipse.org/content/repositories/cbi-maven2/org/ow2/asm/asm-analysis/9.10/asm-analysis-9.10.pom (2.6 kB at 73 kB/s)
[INFO] Downloading from tycho-snapshots: https://repo.eclipse.org/content/repositories/tycho-maven2-snapshots/org/eclipse/pde/org.eclipse.pde.api.tools/1.3.1100/org.eclipse.pde.api.tools-1.3.1100.jar
[INFO] Downloading from tycho-snapshots: https://repo.eclipse.org/content/repositories/tycho-maven2-snapshots/org/eclipse/platform/org.eclipse.core.filebuffers/3.8.500/org.eclipse.core.filebuffers-3.8.500.jar
[INFO] Downloading from tycho-snapshots: https://repo.eclipse.org/content/repositories/tycho-maven2-snapshots/org/eclipse/platform/org.eclipse.core.variables/3.6.700/org.eclipse.core.variables-3.6.700.jar
[INFO] Downloading from tycho-snapshots: https://repo.eclipse.org/content/repositories/tycho-maven2-snapshots/org/eclipse/pde/org.eclipse.pde.core/3.21.200/org.eclipse.pde.core-3.21.200.jar
[INFO] Downloading from tycho-snapshots: https://repo.eclipse.org/content/repositories/tycho-maven2-snapshots/org/eclipse/jdt/org.eclipse.jdt.launching/3.24.100/org.eclipse.jdt.launching-3.24.100.jar
[INFO] Downloading from tycho-snapshots: https://repo.eclipse.org/content/repositories/tycho-maven2-snapshots/org/eclipse/platform/org.eclipse.debug.core/3.23.200/org.eclipse.debug.core-3.23.200.jar
[INFO] Downloading from tycho-snapshots: https://repo.eclipse.org/content/repositories/tycho-maven2-snapshots/org/eclipse/jdt/org.eclipse.jdt.launching.macosx/3.6.400/org.eclipse.jdt.launching.macosx-3.6.400.jar
[INFO] Downloading from tycho-snapshots: https://repo.eclipse.org/content/repositories/tycho-maven2-snapshots/org/eclipse/jdt/org.eclipse.jdt.debug/3.25.100/org.eclipse.jdt.debug-3.25.100.jar
[INFO] Downloading from tycho-snapshots: https://repo.eclipse.org/content/repositories/tycho-maven2-snapshots/org/ow2/asm/asm/9.10/asm-9.10.jar
[INFO] Downloading from tycho-snapshots: https://repo.eclipse.org/content/repositories/tycho-maven2-snapshots/org/ow2/asm/asm-tree/9.10/asm-tree-9.10.jar
[INFO] Downloading from tycho-snapshots: https://repo.eclipse.org/content/repositories/tycho-maven2-snapshots/org/ow2/asm/asm-util/9.10/asm-util-9.10.jar
[INFO] Downloading from tycho-snapshots: https://repo.eclipse.org/content/repositories/tycho-maven2-snapshots/org/ow2/asm/asm-analysis/9.10/asm-analysis-9.10.jar
[INFO] Downloading from eclipse-snapshots: https://repo.eclipse.org/content/repositories/eclipse-maven2-snapshots/org/eclipse/pde/org.eclipse.pde.api.tools/1.3.1100/org.eclipse.pde.api.tools-1.3.1100.jar
[INFO] Downloading from eclipse-snapshots: https://repo.eclipse.org/content/repositories/eclipse-maven2-snapshots/org/eclipse/platform/org.eclipse.core.filebuffers/3.8.500/org.eclipse.core.filebuffers-3.8.500.jar
[INFO] Downloading from eclipse-snapshots: https://repo.eclipse.org/content/repositories/eclipse-maven2-snapshots/org/eclipse/platform/org.eclipse.core.variables/3.6.700/org.eclipse.core.variables-3.6.700.jar
[INFO] Downloading from eclipse-snapshots: https://repo.eclipse.org/content/repositories/eclipse-maven2-snapshots/org/eclipse/pde/org.eclipse.pde.core/3.21.200/org.eclipse.pde.core-3.21.200.jar
[INFO] Downloading from eclipse-snapshots: https://repo.eclipse.org/content/repositories/eclipse-maven2-snapshots/org/eclipse/jdt/org.eclipse.jdt.launching/3.24.100/org.eclipse.jdt.launching-3.24.100.jar
[INFO] Downloading from eclipse-snapshots: https://repo.eclipse.org/content/repositories/eclipse-maven2-snapshots/org/eclipse/platform/org.eclipse.debug.core/3.23.200/org.eclipse.debug.core-3.23.200.jar
[INFO] Downloading from eclipse-snapshots: https://repo.eclipse.org/content/repositories/eclipse-maven2-snapshots/org/eclipse/jdt/org.eclipse.jdt.launching.macosx/3.6.400/org.eclipse.jdt.launching.macosx-3.6.400.jar
[INFO] Downloading from eclipse-snapshots: https://repo.eclipse.org/content/repositories/eclipse-maven2-snapshots/org/eclipse/jdt/org.eclipse.jdt.debug/3.25.100/org.eclipse.jdt.debug-3.25.100.jar
[INFO] Downloading from eclipse-snapshots: https://repo.eclipse.org/content/repositories/eclipse-maven2-snapshots/org/ow2/asm/asm/9.10/asm-9.10.jar
[INFO] Downloading from eclipse-snapshots: https://repo.eclipse.org/content/repositories/eclipse-maven2-snapshots/org/ow2/asm/asm-tree/9.10/asm-tree-9.10.jar
[INFO] Downloading from eclipse-snapshots: https://repo.eclipse.org/content/repositories/eclipse-maven2-snapshots/org/ow2/asm/asm-util/9.10/asm-util-9.10.jar
[INFO] Downloading from eclipse-snapshots: https://repo.eclipse.org/content/repositories/eclipse-maven2-snapshots/org/ow2/asm/asm-analysis/9.10/asm-analysis-9.10.jar
[INFO] Downloading from eclipse-cbi: https://repo.eclipse.org/content/repositories/cbi-maven2/org/eclipse/pde/org.eclipse.pde.api.tools/1.3.1100/org.eclipse.pde.api.tools-1.3.1100.jar
[INFO] Downloaded from eclipse-cbi: https://repo.eclipse.org/content/repositories/cbi-maven2/org/eclipse/pde/org.eclipse.pde.api.tools/1.3.1100/org.eclipse.pde.api.tools-1.3.1100.jar (956 kB at 6.6 MB/s)
[INFO] Downloading from eclipse-cbi: https://repo.eclipse.org/content/repositories/cbi-maven2/org/eclipse/platform/org.eclipse.core.filebuffers/3.8.500/org.eclipse.core.filebuffers-3.8.500.jar
[INFO] Downloading from eclipse-cbi: https://repo.eclipse.org/content/repositories/cbi-maven2/org/eclipse/platform/org.eclipse.core.variables/3.6.700/org.eclipse.core.variables-3.6.700.jar
[INFO] Downloading from eclipse-cbi: https://repo.eclipse.org/content/repositories/cbi-maven2/org/eclipse/pde/org.eclipse.pde.core/3.21.200/org.eclipse.pde.core-3.21.200.jar
[INFO] Downloading from eclipse-cbi: https://repo.eclipse.org/content/repositories/cbi-maven2/org/eclipse/jdt/org.eclipse.jdt.launching/3.24.100/org.eclipse.jdt.launching-3.24.100.jar
[INFO] Downloading from eclipse-cbi: https://repo.eclipse.org/content/repositories/cbi-maven2/org/eclipse/platform/org.eclipse.debug.core/3.23.200/org.eclipse.debug.core-3.23.200.jar
[INFO] Downloaded from eclipse-cbi: https://repo.eclipse.org/content/repositories/cbi-maven2/org/eclipse/platform/org.eclipse.core.variables/3.6.700/org.eclipse.core.variables-3.6.700.jar (40 kB at 915 kB/s)
[INFO] Downloading from eclipse-cbi: https://repo.eclipse.org/content/repositories/cbi-maven2/org/eclipse/jdt/org.eclipse.jdt.launching.macosx/3.6.400/org.eclipse.jdt.launching.macosx-3.6.400.jar
[INFO] Downloaded from eclipse-cbi: https://repo.eclipse.org/content/repositories/cbi-maven2/org/eclipse/platform/org.eclipse.core.filebuffers/3.8.500/org.eclipse.core.filebuffers-3.8.500.jar (122 kB at 2.8 MB/s)
[INFO] Downloading from eclipse-cbi: https://repo.eclipse.org/content/repositories/cbi-maven2/org/eclipse/jdt/org.eclipse.jdt.debug/3.25.100/org.eclipse.jdt.debug-3.25.100.jar
[INFO] Downloaded from eclipse-cbi: https://repo.eclipse.org/content/repositories/cbi-maven2/org/eclipse/jdt/org.eclipse.jdt.launching.macosx/3.6.400/org.eclipse.jdt.launching.macosx-3.6.400.jar (22 kB at 279 kB/s)
[INFO] Downloading from eclipse-cbi: https://repo.eclipse.org/content/repositories/cbi-maven2/org/ow2/asm/asm/9.10/asm-9.10.jar
[INFO] Downloaded from eclipse-cbi: https://repo.eclipse.org/content/repositories/cbi-maven2/org/eclipse/jdt/org.eclipse.jdt.debug/3.25.100/org.eclipse.jdt.debug-3.25.100.jar (963 kB at 9.8 MB/s)
[INFO] Downloading from eclipse-cbi: https://repo.eclipse.org/content/repositories/cbi-maven2/org/ow2/asm/asm-tree/9.10/asm-tree-9.10.jar
[INFO] Downloaded from eclipse-cbi: https://repo.eclipse.org/content/repositories/cbi-maven2/org/eclipse/platform/org.eclipse.debug.core/3.23.200/org.eclipse.debug.core-3.23.200.jar (419 kB at 3.6 MB/s)
[INFO] Downloading from eclipse-cbi: https://repo.eclipse.org/content/repositories/cbi-maven2/org/ow2/asm/asm-util/9.10/asm-util-9.10.jar
[INFO] Downloaded from eclipse-cbi: https://repo.eclipse.org/content/repositories/cbi-maven2/org/ow2/asm/asm/9.10/asm-9.10.jar (126 kB at 1.1 MB/s)
[INFO] Downloading from eclipse-cbi: https://repo.eclipse.org/content/repositories/cbi-maven2/org/ow2/asm/asm-analysis/9.10/asm-analysis-9.10.jar
[INFO] Downloaded from eclipse-cbi: https://repo.eclipse.org/content/repositories/cbi-maven2/org/ow2/asm/asm-tree/9.10/asm-tree-9.10.jar (52 kB at 388 kB/s)
[INFO] Downloaded from eclipse-cbi: https://repo.eclipse.org/content/repositories/cbi-maven2/org/eclipse/jdt/org.eclipse.jdt.launching/3.24.100/org.eclipse.jdt.launching-3.24.100.jar (609 kB at 4.3 MB/s)
[INFO] Downloaded from eclipse-cbi: https://repo.eclipse.org/content/repositories/cbi-maven2/org/eclipse/pde/org.eclipse.pde.core/3.21.200/org.eclipse.pde.core-3.21.200.jar (1.6 MB at 11 MB/s)
[INFO] Downloaded from eclipse-cbi: https://repo.eclipse.org/content/repositories/cbi-maven2/org/ow2/asm/asm-util/9.10/asm-util-9.10.jar (96 kB at 610 kB/s)
[INFO] Downloaded from eclipse-cbi: https://repo.eclipse.org/content/repositories/cbi-maven2/org/ow2/asm/asm-analysis/9.10/asm-analysis-9.10.jar (35 kB at 221 kB/s)
[INFO] Downloading from tycho-snapshots: https://repo.eclipse.org/content/repositories/tycho-maven2-snapshots/org/codehaus/mojo/build-helper-maven-plugin/3.6.1/build-helper-maven-plugin-3.6.1.pom
[INFO] Downloading from tycho-snapshots: https://repo.eclipse.org/content/repositories/tycho-maven2-snapshots/org/apache/maven/plugins/maven-clean-plugin/3.5.0/maven-clean-plugin-3.5.0.pom
[INFO] Downloading from tycho-snapshots: https://repo.eclipse.org/content/repositories/tycho-maven2-snapshots/org/apache/maven/plugins/maven-antrun-plugin/3.2.0/maven-antrun-plugin-3.2.0.pom
[INFO] Downloading from eclipse-snapshots: https://repo.eclipse.org/content/repositories/eclipse-maven2-snapshots/org/codehaus/mojo/build-helper-maven-plugin/3.6.1/build-helper-maven-plugin-3.6.1.pom
[INFO] Downloading from eclipse-snapshots: https://repo.eclipse.org/content/repositories/eclipse-maven2-snapshots/org/apache/maven/plugins/maven-clean-plugin/3.5.0/maven-clean-plugin-3.5.0.pom
[INFO] Downloading from eclipse-snapshots: https://repo.eclipse.org/content/repositories/eclipse-maven2-snapshots/org/apache/maven/plugins/maven-antrun-plugin/3.2.0/maven-antrun-plugin-3.2.0.pom
[INFO] Downloading from eclipse-cbi: https://repo.eclipse.org/content/repositories/cbi-maven2/org/apache/maven/plugins/maven-clean-plugin/3.5.0/maven-clean-plugin-3.5.0.pom
[INFO] Downloading from eclipse-cbi: https://repo.eclipse.org/content/repositories/cbi-maven2/org/apache/maven/plugins/maven-antrun-plugin/3.2.0/maven-antrun-plugin-3.2.0.pom
[INFO] Downloading from eclipse-cbi: https://repo.eclipse.org/content/repositories/cbi-maven2/org/codehaus/mojo/build-helper-maven-plugin/3.6.1/build-helper-maven-plugin-3.6.1.pom
[INFO] Downloaded from eclipse-cbi: https://repo.eclipse.org/content/repositories/cbi-maven2/org/apache/maven/plugins/maven-clean-plugin/3.5.0/maven-clean-plugin-3.5.0.pom (5.7 kB at 142 kB/s)
[INFO] Downloaded from eclipse-cbi: https://repo.eclipse.org/content/repositories/cbi-maven2/org/apache/maven/plugins/maven-antrun-plugin/3.2.0/maven-antrun-plugin-3.2.0.pom (7.7 kB at 194 kB/s)
[INFO] Downloading from tycho-snapshots: https://repo.eclipse.org/content/repositories/tycho-maven2-snapshots/org/apache/maven/plugins/maven-plugins/44/maven-plugins-44.pom
[INFO] Downloading from tycho-snapshots: https://repo.eclipse.org/content/repositories/tycho-maven2-snapshots/org/apache/maven/plugins/maven-antrun-plugin/3.2.0/maven-antrun-plugin-3.2.0.jar
[INFO] Downloaded from eclipse-cbi: https://repo.eclipse.org/content/repositories/cbi-maven2/org/codehaus/mojo/build-helper-maven-plugin/3.6.1/build-helper-maven-plugin-3.6.1.pom (8.1 kB at 166 kB/s)
[INFO] Downloading from tycho-snapshots: https://repo.eclipse.org/content/repositories/tycho-maven2-snapshots/org/codehaus/mojo/mojo-parent/91/mojo-parent-91.pom
[INFO] Downloading from eclipse-snapshots: https://repo.eclipse.org/content/repositories/eclipse-maven2-snapshots/org/apache/maven/plugins/maven-plugins/44/maven-plugins-44.pom
[INFO] Downloading from eclipse-snapshots: https://repo.eclipse.org/content/repositories/eclipse-maven2-snapshots/org/apache/maven/plugins/maven-antrun-plugin/3.2.0/maven-antrun-plugin-3.2.0.jar
[INFO] Downloading from eclipse-snapshots: https://repo.eclipse.org/content/repositories/eclipse-maven2-snapshots/org/codehaus/mojo/mojo-parent/91/mojo-parent-91.pom
[INFO] Downloading from eclipse-cbi: https://repo.eclipse.org/content/repositories/cbi-maven2/org/apache/maven/plugins/maven-plugins/44/maven-plugins-44.pom
[INFO] Downloading from eclipse-cbi: https://repo.eclipse.org/content/repositories/cbi-maven2/org/apache/maven/plugins/maven-antrun-plugin/3.2.0/maven-antrun-plugin-3.2.0.jar
[INFO] Downloading from eclipse-cbi: https://repo.eclipse.org/content/repositories/cbi-maven2/org/codehaus/mojo/mojo-parent/91/mojo-parent-91.pom
[INFO] Downloaded from eclipse-cbi: https://repo.eclipse.org/content/repositories/cbi-maven2/org/apache/maven/plugins/maven-plugins/44/maven-plugins-44.pom (8.4 kB at 199 kB/s)
[INFO] Downloading from tycho-snapshots: https://repo.eclipse.org/content/repositories/tycho-maven2-snapshots/org/apache/maven/plugins/maven-clean-plugin/3.5.0/maven-clean-plugin-3.5.0.jar
[INFO] Downloaded from eclipse-cbi: https://repo.eclipse.org/content/repositories/cbi-maven2/org/apache/maven/plugins/maven-antrun-plugin/3.2.0/maven-antrun-plugin-3.2.0.jar (41 kB at 896 kB/s)
[INFO] Downloading from tycho-snapshots: https://repo.eclipse.org/content/repositories/tycho-maven2-snapshots/org/eclipse/tycho/tycho-surefire-plugin/5.0.3/tycho-surefire-plugin-5.0.3.pom
[INFO] Downloaded from eclipse-cbi: https://repo.eclipse.org/content/repositories/cbi-maven2/org/codehaus/mojo/mojo-parent/91/mojo-parent-91.pom (38 kB at 994 kB/s)
[INFO] Downloading from tycho-snapshots: https://repo.eclipse.org/content/repositories/tycho-maven2-snapshots/org/junit/junit-bom/5.13.0/junit-bom-5.13.0.pom
[INFO] Downloading from eclipse-snapshots: https://repo.eclipse.org/content/repositories/eclipse-maven2-snapshots/org/apache/maven/plugins/maven-clean-plugin/3.5.0/maven-clean-plugin-3.5.0.jar
[INFO] Downloading from eclipse-snapshots: https://repo.eclipse.org/content/repositories/eclipse-maven2-snapshots/org/eclipse/tycho/tycho-surefire-plugin/5.0.3/tycho-surefire-plugin-5.0.3.pom
[INFO] Downloading from eclipse-snapshots: https://repo.eclipse.org/content/repositories/eclipse-maven2-snapshots/org/junit/junit-bom/5.13.0/junit-bom-5.13.0.pom
[INFO] Downloading from eclipse-cbi: https://repo.eclipse.org/content/repositories/cbi-maven2/org/apache/maven/plugins/maven-clean-plugin/3.5.0/maven-clean-plugin-3.5.0.jar
[INFO] Downloading from eclipse-cbi: https://repo.eclipse.org/content/repositories/cbi-maven2/org/eclipse/tycho/tycho-surefire-plugin/5.0.3/tycho-surefire-plugin-5.0.3.pom
[INFO] Downloading from eclipse-cbi: https://repo.eclipse.org/content/repositories/cbi-maven2/org/junit/junit-bom/5.13.0/junit-bom-5.13.0.pom
[INFO] Downloaded from eclipse-cbi: https://repo.eclipse.org/content/repositories/cbi-maven2/org/apache/maven/plugins/maven-clean-plugin/3.5.0/maven-clean-plugin-3.5.0.jar (37 kB at 1.0 MB/s)
[INFO] Downloading from tycho-snapshots: https://repo.eclipse.org/content/repositories/tycho-maven2-snapshots/org/apache/maven/plugins/maven-install-plugin/3.1.4/maven-install-plugin-3.1.4.pom
[INFO] Downloaded from eclipse-cbi: https://repo.eclipse.org/content/repositories/cbi-maven2/org/eclipse/tycho/tycho-surefire-plugin/5.0.3/tycho-surefire-plugin-5.0.3.pom (6.3 kB at 165 kB/s)
[INFO] Downloading from tycho-snapshots: https://repo.eclipse.org/content/repositories/tycho-maven2-snapshots/org/eclipse/tycho/tycho-buildtimestamp-jgit/5.0.3/tycho-buildtimestamp-jgit-5.0.3.pom
[INFO] Downloading from tycho-snapshots: https://repo.eclipse.org/content/repositories/tycho-maven2-snapshots/org/eclipse/tycho/tycho-surefire-plugin/5.0.3/tycho-surefire-plugin-5.0.3.jar
[INFO] Downloading from eclipse-snapshots: https://repo.eclipse.org/content/repositories/eclipse-maven2-snapshots/org/apache/maven/plugins/maven-install-plugin/3.1.4/maven-install-plugin-3.1.4.pom
[INFO] Downloaded from eclipse-cbi: https://repo.eclipse.org/content/repositories/cbi-maven2/org/junit/junit-bom/5.13.0/junit-bom-5.13.0.pom (5.6 kB at 134 kB/s)
[INFO] Downloading from tycho-snapshots: https://repo.eclipse.org/content/repositories/tycho-maven2-snapshots/org/codehaus/mojo/build-helper-maven-plugin/3.6.1/build-helper-maven-plugin-3.6.1.jar
[INFO] Downloading from eclipse-snapshots: https://repo.eclipse.org/content/repositories/eclipse-maven2-snapshots/org/eclipse/tycho/tycho-surefire-plugin/5.0.3/tycho-surefire-plugin-5.0.3.jar
[INFO] Downloading from eclipse-cbi: https://repo.eclipse.org/content/repositories/cbi-maven2/org/apache/maven/plugins/maven-install-plugin/3.1.4/maven-install-plugin-3.1.4.pom
[INFO] Downloading from eclipse-snapshots: https://repo.eclipse.org/content/repositories/eclipse-maven2-snapshots/org/eclipse/tycho/tycho-buildtimestamp-jgit/5.0.3/tycho-buildtimestamp-jgit-5.0.3.pom
[INFO] Downloading from eclipse-snapshots: https://repo.eclipse.org/content/repositories/eclipse-maven2-snapshots/org/codehaus/mojo/build-helper-maven-plugin/3.6.1/build-helper-maven-plugin-3.6.1.jar
[INFO] Downloading from eclipse-cbi: https://repo.eclipse.org/content/repositories/cbi-maven2/org/eclipse/tycho/tycho-surefire-plugin/5.0.3/tycho-surefire-plugin-5.0.3.jar
[INFO] Downloading from eclipse-cbi: https://repo.eclipse.org/content/repositories/cbi-maven2/org/eclipse/tycho/tycho-buildtimestamp-jgit/5.0.3/tycho-buildtimestamp-jgit-5.0.3.pom
[INFO] Downloading from eclipse-cbi: https://repo.eclipse.org/content/repositories/cbi-maven2/org/codehaus/mojo/build-helper-maven-plugin/3.6.1/build-helper-maven-plugin-3.6.1.jar
[INFO] Downloaded from eclipse-cbi: https://repo.eclipse.org/content/repositories/cbi-maven2/org/apache/maven/plugins/maven-install-plugin/3.1.4/maven-install-plugin-3.1.4.pom (8.1 kB at 213 kB/s)
[INFO] Downloading from tycho-snapshots: https://repo.eclipse.org/content/repositories/tycho-maven2-snapshots/org/apache/maven/plugins/maven-plugins/43/maven-plugins-43.pom
[INFO] Downloaded from eclipse-cbi: https://repo.eclipse.org/content/repositories/cbi-maven2/org/eclipse/tycho/tycho-surefire-plugin/5.0.3/tycho-surefire-plugin-5.0.3.jar (122 kB at 2.8 MB/s)
[INFO] Downloading from eclipse-snapshots: https://repo.eclipse.org/content/repositories/eclipse-maven2-snapshots/org/apache/maven/plugins/maven-plugins/43/maven-plugins-43.pom
[INFO] Downloaded from eclipse-cbi: https://repo.eclipse.org/content/repositories/cbi-maven2/org/eclipse/tycho/tycho-buildtimestamp-jgit/5.0.3/tycho-buildtimestamp-jgit-5.0.3.pom (2.0 kB at 53 kB/s)
[INFO] Downloading from tycho-snapshots: https://repo.eclipse.org/content/repositories/tycho-maven2-snapshots/org/eclipse/jgit/org.eclipse.jgit/7.6.0.202603022253-r/org.eclipse.jgit-7.6.0.202603022253-r.pom
[INFO] Downloading from tycho-snapshots: https://repo.eclipse.org/content/repositories/tycho-maven2-snapshots/org/eclipse/tycho/org.eclipse.tycho.surefire.osgibooter/5.0.3/org.eclipse.tycho.surefire.osgibooter-5.0.3.pom
[INFO] Downloaded from eclipse-cbi: https://repo.eclipse.org/content/repositories/cbi-maven2/org/codehaus/mojo/build-helper-maven-plugin/3.6.1/build-helper-maven-plugin-3.6.1.jar (72 kB at 1.4 MB/s)
[INFO] Downloading from eclipse-cbi: https://repo.eclipse.org/content/repositories/cbi-maven2/org/apache/maven/plugins/maven-plugins/43/maven-plugins-43.pom
[INFO] Downloading from eclipse-snapshots: https://repo.eclipse.org/content/repositories/eclipse-maven2-snapshots/org/eclipse/jgit/org.eclipse.jgit/7.6.0.202603022253-r/org.eclipse.jgit-7.6.0.202603022253-r.pom
[INFO] Downloading from eclipse-snapshots: https://repo.eclipse.org/content/repositories/eclipse-maven2-snapshots/org/eclipse/tycho/org.eclipse.tycho.surefire.osgibooter/5.0.3/org.eclipse.tycho.surefire.osgibooter-5.0.3.pom
[INFO] Downloading from eclipse-cbi: https://repo.eclipse.org/content/repositories/cbi-maven2/org/eclipse/jgit/org.eclipse.jgit/7.6.0.202603022253-r/org.eclipse.jgit-7.6.0.202603022253-r.pom
[INFO] Downloading from eclipse-cbi: https://repo.eclipse.org/content/repositories/cbi-maven2/org/eclipse/tycho/org.eclipse.tycho.surefire.osgibooter/5.0.3/org.eclipse.tycho.surefire.osgibooter-5.0.3.pom
[INFO] Downloaded from eclipse-cbi: https://repo.eclipse.org/content/repositories/cbi-maven2/org/apache/maven/plugins/maven-plugins/43/maven-plugins-43.pom (7.5 kB at 196 kB/s)
[INFO] Downloading from tycho-snapshots: https://repo.eclipse.org/content/repositories/tycho-maven2-snapshots/org/apache/maven/plugins/maven-install-plugin/3.1.4/maven-install-plugin-3.1.4.jar
[INFO] Downloaded from eclipse-cbi: https://repo.eclipse.org/content/repositories/cbi-maven2/org/eclipse/jgit/org.eclipse.jgit/7.6.0.202603022253-r/org.eclipse.jgit-7.6.0.202603022253-r.pom (7.7 kB at 202 kB/s)
[INFO] Downloaded from eclipse-cbi: https://repo.eclipse.org/content/repositories/cbi-maven2/org/eclipse/tycho/org.eclipse.tycho.surefire.osgibooter/5.0.3/org.eclipse.tycho.surefire.osgibooter-5.0.3.pom (5.8 kB at 144 kB/s)
[INFO] Downloading from eclipse-snapshots: https://repo.eclipse.org/content/repositories/eclipse-maven2-snapshots/org/apache/maven/plugins/maven-install-plugin/3.1.4/maven-install-plugin-3.1.4.jar
[INFO] Downloading from tycho-snapshots: https://repo.eclipse.org/content/repositories/tycho-maven2-snapshots/org/eclipse/tycho/tycho-surefire/5.0.3/tycho-surefire-5.0.3.pom
[INFO] Downloading from tycho-snapshots: https://repo.eclipse.org/content/repositories/tycho-maven2-snapshots/org/eclipse/jgit/org.eclipse.jgit-parent/7.6.0.202603022253-r/org.eclipse.jgit-parent-7.6.0.202603022253-r.pom
[INFO] Downloading from eclipse-snapshots: https://repo.eclipse.org/content/repositories/eclipse-maven2-snapshots/org/eclipse/tycho/tycho-surefire/5.0.3/tycho-surefire-5.0.3.pom
[INFO] Downloading from eclipse-cbi: https://repo.eclipse.org/content/repositories/cbi-maven2/org/apache/maven/plugins/maven-install-plugin/3.1.4/maven-install-plugin-3.1.4.jar
[INFO] Downloading from eclipse-snapshots: https://repo.eclipse.org/content/repositories/eclipse-maven2-snapshots/org/eclipse/jgit/org.eclipse.jgit-parent/7.6.0.202603022253-r/org.eclipse.jgit-parent-7.6.0.202603022253-r.pom
[INFO] Downloading from eclipse-cbi: https://repo.eclipse.org/content/repositories/cbi-maven2/org/eclipse/jgit/org.eclipse.jgit-parent/7.6.0.202603022253-r/org.eclipse.jgit-parent-7.6.0.202603022253-r.pom
[INFO] Downloading from eclipse-cbi: https://repo.eclipse.org/content/repositories/cbi-maven2/org/eclipse/tycho/tycho-surefire/5.0.3/tycho-surefire-5.0.3.pom
[INFO] Downloaded from eclipse-cbi: https://repo.eclipse.org/content/repositories/cbi-maven2/org/apache/maven/plugins/maven-install-plugin/3.1.4/maven-install-plugin-3.1.4.jar (33 kB at 858 kB/s)
[INFO] Downloading from tycho-snapshots: https://repo.eclipse.org/content/repositories/tycho-maven2-snapshots/org/apache/maven/plugins/maven-deploy-plugin/3.1.4/maven-deploy-plugin-3.1.4.pom
[INFO] Downloaded from eclipse-cbi: https://repo.eclipse.org/content/repositories/cbi-maven2/org/eclipse/jgit/org.eclipse.jgit-parent/7.6.0.202603022253-r/org.eclipse.jgit-parent-7.6.0.202603022253-r.pom (43 kB at 945 kB/s)
[INFO] Downloading from eclipse-snapshots: https://repo.eclipse.org/content/repositories/eclipse-maven2-snapshots/org/apache/maven/plugins/maven-deploy-plugin/3.1.4/maven-deploy-plugin-3.1.4.pom
[INFO] Downloading from tycho-snapshots: https://repo.eclipse.org/content/repositories/tycho-maven2-snapshots/org/slf4j/slf4j-api/2.0.17/slf4j-api-2.0.17.pom
[INFO] Downloaded from eclipse-cbi: https://repo.eclipse.org/content/repositories/cbi-maven2/org/eclipse/tycho/tycho-surefire/5.0.3/tycho-surefire-5.0.3.pom (3.1 kB at 55 kB/s)
[INFO] Downloading from tycho-snapshots: https://repo.eclipse.org/content/repositories/tycho-maven2-snapshots/org/eclipse/tycho/org.eclipse.tycho.surefire.junit4/5.0.3/org.eclipse.tycho.surefire.junit4-5.0.3.pom
[INFO] Downloading from eclipse-cbi: https://repo.eclipse.org/content/repositories/cbi-maven2/org/apache/maven/plugins/maven-deploy-plugin/3.1.4/maven-deploy-plugin-3.1.4.pom
[INFO] Downloading from eclipse-snapshots: https://repo.eclipse.org/content/repositories/eclipse-maven2-snapshots/org/slf4j/slf4j-api/2.0.17/slf4j-api-2.0.17.pom
[INFO] Downloading from eclipse-snapshots: https://repo.eclipse.org/content/repositories/eclipse-maven2-snapshots/org/eclipse/tycho/org.eclipse.tycho.surefire.junit4/5.0.3/org.eclipse.tycho.surefire.junit4-5.0.3.pom
[INFO] Downloading from eclipse-cbi: https://repo.eclipse.org/content/repositories/cbi-maven2/org/slf4j/slf4j-api/2.0.17/slf4j-api-2.0.17.pom
[INFO] Downloading from eclipse-cbi: https://repo.eclipse.org/content/repositories/cbi-maven2/org/eclipse/tycho/org.eclipse.tycho.surefire.junit4/5.0.3/org.eclipse.tycho.surefire.junit4-5.0.3.pom
[INFO] Downloaded from eclipse-cbi: https://repo.eclipse.org/content/repositories/cbi-maven2/org/apache/maven/plugins/maven-deploy-plugin/3.1.4/maven-deploy-plugin-3.1.4.pom (9.2 kB at 214 kB/s)
[INFO] Downloading from tycho-snapshots: https://repo.eclipse.org/content/repositories/tycho-maven2-snapshots/org/apache/maven/plugins/maven-deploy-plugin/3.1.4/maven-deploy-plugin-3.1.4.jar
[INFO] Downloaded from eclipse-cbi: https://repo.eclipse.org/content/repositories/cbi-maven2/org/slf4j/slf4j-api/2.0.17/slf4j-api-2.0.17.pom (2.8 kB at 74 kB/s)
[INFO] Downloading from tycho-snapshots: https://repo.eclipse.org/content/repositories/tycho-maven2-snapshots/org/slf4j/slf4j-parent/2.0.17/slf4j-parent-2.0.17.pom
[INFO] Downloading from eclipse-snapshots: https://repo.eclipse.org/content/repositories/eclipse-maven2-snapshots/org/apache/maven/plugins/maven-deploy-plugin/3.1.4/maven-deploy-plugin-3.1.4.jar
[INFO] Downloading from eclipse-snapshots: https://repo.eclipse.org/content/repositories/eclipse-maven2-snapshots/org/slf4j/slf4j-parent/2.0.17/slf4j-parent-2.0.17.pom
[INFO] Downloading from eclipse-cbi: https://repo.eclipse.org/content/repositories/cbi-maven2/org/apache/maven/plugins/maven-deploy-plugin/3.1.4/maven-deploy-plugin-3.1.4.jar
[INFO] Downloaded from eclipse-cbi: https://repo.eclipse.org/content/repositories/cbi-maven2/org/eclipse/tycho/org.eclipse.tycho.surefire.junit4/5.0.3/org.eclipse.tycho.surefire.junit4-5.0.3.pom (2.7 kB at 55 kB/s)
[INFO] Downloading from tycho-snapshots: https://repo.eclipse.org/content/repositories/tycho-maven2-snapshots/org/eclipse/tycho/org.eclipse.tycho.surefire.junit5/5.0.3/org.eclipse.tycho.surefire.junit5-5.0.3.pom
[INFO] Downloading from eclipse-cbi: https://repo.eclipse.org/content/repositories/cbi-maven2/org/slf4j/slf4j-parent/2.0.17/slf4j-parent-2.0.17.pom
[INFO] Downloading from eclipse-snapshots: https://repo.eclipse.org/content/repositories/eclipse-maven2-snapshots/org/eclipse/tycho/org.eclipse.tycho.surefire.junit5/5.0.3/org.eclipse.tycho.surefire.junit5-5.0.3.pom
[INFO] Downloaded from eclipse-cbi: https://repo.eclipse.org/content/repositories/cbi-maven2/org/apache/maven/plugins/maven-deploy-plugin/3.1.4/maven-deploy-plugin-3.1.4.jar (40 kB at 1.1 MB/s)
[INFO] Downloading from tycho-snapshots: https://repo.eclipse.org/content/repositories/tycho-maven2-snapshots/org/apache/maven/plugins/maven-site-plugin/3.12.1/maven-site-plugin-3.12.1.pom
[INFO] Downloading from eclipse-cbi: https://repo.eclipse.org/content/repositories/cbi-maven2/org/eclipse/tycho/org.eclipse.tycho.surefire.junit5/5.0.3/org.eclipse.tycho.surefire.junit5-5.0.3.pom
[INFO] Downloading from eclipse-snapshots: https://repo.eclipse.org/content/repositories/eclipse-maven2-snapshots/org/apache/maven/plugins/maven-site-plugin/3.12.1/maven-site-plugin-3.12.1.pom
[INFO] Downloaded from eclipse-cbi: https://repo.eclipse.org/content/repositories/cbi-maven2/org/slf4j/slf4j-parent/2.0.17/slf4j-parent-2.0.17.pom (13 kB at 326 kB/s)
[INFO] Downloading from tycho-snapshots: https://repo.eclipse.org/content/repositories/tycho-maven2-snapshots/org/slf4j/slf4j-bom/2.0.17/slf4j-bom-2.0.17.pom
[INFO] Downloading from eclipse-cbi: https://repo.eclipse.org/content/repositories/cbi-maven2/org/apache/maven/plugins/maven-site-plugin/3.12.1/maven-site-plugin-3.12.1.pom
[INFO] Downloading from eclipse-snapshots: https://repo.eclipse.org/content/repositories/eclipse-maven2-snapshots/org/slf4j/slf4j-bom/2.0.17/slf4j-bom-2.0.17.pom
[INFO] Downloaded from eclipse-cbi: https://repo.eclipse.org/content/repositories/cbi-maven2/org/eclipse/tycho/org.eclipse.tycho.surefire.junit5/5.0.3/org.eclipse.tycho.surefire.junit5-5.0.3.pom (2.0 kB at 51 kB/s)
[INFO] Downloading from tycho-snapshots: https://repo.eclipse.org/content/repositories/tycho-maven2-snapshots/org/eclipse/tycho/org.eclipse.tycho.surefire.junit6/5.0.3/org.eclipse.tycho.surefire.junit6-5.0.3.pom
[INFO] Downloading from eclipse-cbi: https://repo.eclipse.org/content/repositories/cbi-maven2/org/slf4j/slf4j-bom/2.0.17/slf4j-bom-2.0.17.pom
[INFO] Downloading from eclipse-snapshots: https://repo.eclipse.org/content/repositories/eclipse-maven2-snapshots/org/eclipse/tycho/org.eclipse.tycho.surefire.junit6/5.0.3/org.eclipse.tycho.surefire.junit6-5.0.3.pom
[INFO] Downloaded from eclipse-cbi: https://repo.eclipse.org/content/repositories/cbi-maven2/org/apache/maven/plugins/maven-site-plugin/3.12.1/maven-site-plugin-3.12.1.pom (20 kB at 414 kB/s)
[INFO] Downloading from tycho-snapshots: https://repo.eclipse.org/content/repositories/tycho-maven2-snapshots/org/apache/maven/plugins/maven-plugins/36/maven-plugins-36.pom
[INFO] Downloaded from eclipse-cbi: https://repo.eclipse.org/content/repositories/cbi-maven2/org/slf4j/slf4j-bom/2.0.17/slf4j-bom-2.0.17.pom (7.3 kB at 198 kB/s)
[INFO] Downloading from eclipse-cbi: https://repo.eclipse.org/content/repositories/cbi-maven2/org/eclipse/tycho/org.eclipse.tycho.surefire.junit6/5.0.3/org.eclipse.tycho.surefire.junit6-5.0.3.pom
[INFO] Downloading from tycho-snapshots: https://repo.eclipse.org/content/repositories/tycho-maven2-snapshots/commons-codec/commons-codec/1.21.0/commons-codec-1.21.0.pom
[INFO] Downloading from eclipse-snapshots: https://repo.eclipse.org/content/repositories/eclipse-maven2-snapshots/org/apache/maven/plugins/maven-plugins/36/maven-plugins-36.pom
[INFO] Downloading from eclipse-snapshots: https://repo.eclipse.org/content/repositories/eclipse-maven2-snapshots/commons-codec/commons-codec/1.21.0/commons-codec-1.21.0.pom
[INFO] Downloading from eclipse-cbi: https://repo.eclipse.org/content/repositories/cbi-maven2/org/apache/maven/plugins/maven-plugins/36/maven-plugins-36.pom
[INFO] Downloading from eclipse-cbi: https://repo.eclipse.org/content/repositories/cbi-maven2/commons-codec/commons-codec/1.21.0/commons-codec-1.21.0.pom
[INFO] Downloaded from eclipse-cbi: https://repo.eclipse.org/content/repositories/cbi-maven2/org/eclipse/tycho/org.eclipse.tycho.surefire.junit6/5.0.3/org.eclipse.tycho.surefire.junit6-5.0.3.pom (2.1 kB at 48 kB/s)
[INFO] Downloading from tycho-snapshots: https://repo.eclipse.org/content/repositories/tycho-maven2-snapshots/org/eclipse/tycho/org.eclipse.tycho.surefire.junit5.vintage/5.0.3/org.eclipse.tycho.surefire.junit5.vintage-5.0.3.pom
[INFO] Downloading from eclipse-snapshots: https://repo.eclipse.org/content/repositories/eclipse-maven2-snapshots/org/eclipse/tycho/org.eclipse.tycho.surefire.junit5.vintage/5.0.3/org.eclipse.tycho.surefire.junit5.vintage-5.0.3.pom
[INFO] Downloaded from eclipse-cbi: https://repo.eclipse.org/content/repositories/cbi-maven2/org/apache/maven/plugins/maven-plugins/36/maven-plugins-36.pom (9.9 kB at 261 kB/s)
[INFO] Downloading from tycho-snapshots: https://repo.eclipse.org/content/repositories/tycho-maven2-snapshots/org/apache/maven/maven-parent/36/maven-parent-36.pom
[INFO] Downloaded from eclipse-cbi: https://repo.eclipse.org/content/repositories/cbi-maven2/commons-codec/commons-codec/1.21.0/commons-codec-1.21.0.pom (19 kB at 497 kB/s)
[INFO] Downloading from tycho-snapshots: https://repo.eclipse.org/content/repositories/tycho-maven2-snapshots/org/apache/commons/commons-parent/96/commons-parent-96.pom
[INFO] Downloading from eclipse-cbi: https://repo.eclipse.org/content/repositories/cbi-maven2/org/eclipse/tycho/org.eclipse.tycho.surefire.junit5.vintage/5.0.3/org.eclipse.tycho.surefire.junit5.vintage-5.0.3.pom
[INFO] Downloading from eclipse-snapshots: https://repo.eclipse.org/content/repositories/eclipse-maven2-snapshots/org/apache/maven/maven-parent/36/maven-parent-36.pom
[INFO] Downloading from eclipse-snapshots: https://repo.eclipse.org/content/repositories/eclipse-maven2-snapshots/org/apache/commons/commons-parent/96/commons-parent-96.pom
[INFO] Downloading from eclipse-cbi: https://repo.eclipse.org/content/repositories/cbi-maven2/org/apache/maven/maven-parent/36/maven-parent-36.pom
[INFO] Downloading from eclipse-cbi: https://repo.eclipse.org/content/repositories/cbi-maven2/org/apache/commons/commons-parent/96/commons-parent-96.pom
[INFO] Downloaded from eclipse-cbi: https://repo.eclipse.org/content/repositories/cbi-maven2/org/eclipse/tycho/org.eclipse.tycho.surefire.junit5.vintage/5.0.3/org.eclipse.tycho.surefire.junit5.vintage-5.0.3.pom (1.1 kB at 21 kB/s)
[INFO] Downloading from tycho-snapshots: https://repo.eclipse.org/content/repositories/tycho-maven2-snapshots/org/eclipse/tycho/org.eclipse.tycho.surefire.junit5.vintage.internal/5.0.3/org.eclipse.tycho.surefire.junit5.vintage.internal-5.0.3.pom
[INFO] Downloaded from eclipse-cbi: https://repo.eclipse.org/content/repositories/cbi-maven2/org/apache/maven/maven-parent/36/maven-parent-36.pom (45 kB at 1.1 MB/s)
[INFO] Downloading from tycho-snapshots: https://repo.eclipse.org/content/repositories/tycho-maven2-snapshots/org/apache/apache/26/apache-26.pom
[INFO] Downloaded from eclipse-cbi: https://repo.eclipse.org/content/repositories/cbi-maven2/org/apache/commons/commons-parent/96/commons-parent-96.pom (80 kB at 2.0 MB/s)
[INFO] Downloading from tycho-snapshots: https://repo.eclipse.org/content/repositories/tycho-maven2-snapshots/org/eclipse/tycho/extras/tycho-sourceref-jgit/5.0.3/tycho-sourceref-jgit-5.0.3.pom
[INFO] Downloading from eclipse-snapshots: https://repo.eclipse.org/content/repositories/eclipse-maven2-snapshots/org/apache/apache/26/apache-26.pom
[INFO] Downloading from eclipse-snapshots: https://repo.eclipse.org/content/repositories/eclipse-maven2-snapshots/org/eclipse/tycho/org.eclipse.tycho.surefire.junit5.vintage.internal/5.0.3/org.eclipse.tycho.surefire.junit5.vintage.internal-5.0.3.pom
[INFO] Downloading from eclipse-snapshots: https://repo.eclipse.org/content/repositories/eclipse-maven2-snapshots/org/eclipse/tycho/extras/tycho-sourceref-jgit/5.0.3/tycho-sourceref-jgit-5.0.3.pom
[INFO] Downloading from eclipse-cbi: https://repo.eclipse.org/content/repositories/cbi-maven2/org/apache/apache/26/apache-26.pom
[INFO] Downloading from eclipse-cbi: https://repo.eclipse.org/content/repositories/cbi-maven2/org/eclipse/tycho/org.eclipse.tycho.surefire.junit5.vintage.internal/5.0.3/org.eclipse.tycho.surefire.junit5.vintage.internal-5.0.3.pom
[INFO] Downloading from eclipse-cbi: https://repo.eclipse.org/content/repositories/cbi-maven2/org/eclipse/tycho/extras/tycho-sourceref-jgit/5.0.3/tycho-sourceref-jgit-5.0.3.pom
[INFO] Downloaded from eclipse-cbi: https://repo.eclipse.org/content/repositories/cbi-maven2/org/eclipse/tycho/extras/tycho-sourceref-jgit/5.0.3/tycho-sourceref-jgit-5.0.3.pom (1.9 kB at 49 kB/s)
[INFO] Downloaded from eclipse-cbi: https://repo.eclipse.org/content/repositories/cbi-maven2/org/apache/apache/26/apache-26.pom (21 kB at 411 kB/s)
[INFO] Downloaded from eclipse-cbi: https://repo.eclipse.org/content/repositories/cbi-maven2/org/eclipse/tycho/org.eclipse.tycho.surefire.junit5.vintage.internal/5.0.3/org.eclipse.tycho.surefire.junit5.vintage.internal-5.0.3.pom (1.1 kB at 23 kB/s)
[INFO] Downloading from tycho-snapshots: https://repo.eclipse.org/content/repositories/tycho-maven2-snapshots/org/eclipse/tycho/org.eclipse.tycho.surefire.testng/5.0.3/org.eclipse.tycho.surefire.testng-5.0.3.pom
[INFO] Downloading from tycho-snapshots: https://repo.eclipse.org/content/repositories/tycho-maven2-snapshots/org/apache/maven/plugins/maven-site-plugin/3.12.1/maven-site-plugin-3.12.1.jar
[INFO] Downloading from tycho-snapshots: https://repo.eclipse.org/content/repositories/tycho-maven2-snapshots/org/eclipse/tycho/tycho-buildtimestamp-jgit/5.0.3/tycho-buildtimestamp-jgit-5.0.3.jar
[INFO] Downloading from eclipse-snapshots: https://repo.eclipse.org/content/repositories/eclipse-maven2-snapshots/org/apache/maven/plugins/maven-site-plugin/3.12.1/maven-site-plugin-3.12.1.jar
[INFO] Downloading from eclipse-snapshots: https://repo.eclipse.org/content/repositories/eclipse-maven2-snapshots/org/eclipse/tycho/org.eclipse.tycho.surefire.testng/5.0.3/org.eclipse.tycho.surefire.testng-5.0.3.pom
[INFO] Downloading from tycho-snapshots: https://repo.eclipse.org/content/repositories/tycho-maven2-snapshots/org/eclipse/jgit/org.eclipse.jgit/7.6.0.202603022253-r/org.eclipse.jgit-7.6.0.202603022253-r.jar
[INFO] Downloading from tycho-snapshots: https://repo.eclipse.org/content/repositories/tycho-maven2-snapshots/org/eclipse/tycho/extras/tycho-sourceref-jgit/5.0.3/tycho-sourceref-jgit-5.0.3.jar
[INFO] Downloading from eclipse-cbi: https://repo.eclipse.org/content/repositories/cbi-maven2/org/eclipse/tycho/org.eclipse.tycho.surefire.testng/5.0.3/org.eclipse.tycho.surefire.testng-5.0.3.pom
[INFO] Downloading from eclipse-cbi: https://repo.eclipse.org/content/repositories/cbi-maven2/org/apache/maven/plugins/maven-site-plugin/3.12.1/maven-site-plugin-3.12.1.jar
[INFO] Downloading from eclipse-snapshots: https://repo.eclipse.org/content/repositories/eclipse-maven2-snapshots/org/eclipse/tycho/tycho-buildtimestamp-jgit/5.0.3/tycho-buildtimestamp-jgit-5.0.3.jar
[INFO] Downloaded from eclipse-cbi: https://repo.eclipse.org/content/repositories/cbi-maven2/org/eclipse/tycho/org.eclipse.tycho.surefire.testng/5.0.3/org.eclipse.tycho.surefire.testng-5.0.3.pom (2.4 kB at 65 kB/s)
[INFO] Downloading from tycho-snapshots: https://repo.eclipse.org/content/repositories/tycho-maven2-snapshots/org/eclipse/tycho/org.eclipse.tycho.surefire.testng.fixup/5.0.3/org.eclipse.tycho.surefire.testng.fixup-5.0.3.pom
[INFO] Downloading from eclipse-snapshots: https://repo.eclipse.org/content/repositories/eclipse-maven2-snapshots/org/eclipse/jgit/org.eclipse.jgit/7.6.0.202603022253-r/org.eclipse.jgit-7.6.0.202603022253-r.jar
[INFO] Downloading from eclipse-snapshots: https://repo.eclipse.org/content/repositories/eclipse-maven2-snapshots/org/eclipse/tycho/extras/tycho-sourceref-jgit/5.0.3/tycho-sourceref-jgit-5.0.3.jar
[INFO] Downloaded from eclipse-cbi: https://repo.eclipse.org/content/repositories/cbi-maven2/org/apache/maven/plugins/maven-site-plugin/3.12.1/maven-site-plugin-3.12.1.jar (119 kB at 3.0 MB/s)
[INFO] Downloading from tycho-snapshots: https://repo.eclipse.org/content/repositories/tycho-maven2-snapshots/org/eclipse/tycho/tycho-compiler-plugin/5.0.3/tycho-compiler-plugin-5.0.3.pom
[INFO] Downloading from eclipse-snapshots: https://repo.eclipse.org/content/repositories/eclipse-maven2-snapshots/org/eclipse/tycho/org.eclipse.tycho.surefire.testng.fixup/5.0.3/org.eclipse.tycho.surefire.testng.fixup-5.0.3.pom
[INFO] Downloading from eclipse-cbi: https://repo.eclipse.org/content/repositories/cbi-maven2/org/eclipse/tycho/tycho-buildtimestamp-jgit/5.0.3/tycho-buildtimestamp-jgit-5.0.3.jar
[INFO] Downloading from eclipse-snapshots: https://repo.eclipse.org/content/repositories/eclipse-maven2-snapshots/org/eclipse/tycho/tycho-compiler-plugin/5.0.3/tycho-compiler-plugin-5.0.3.pom
[INFO] Downloading from eclipse-cbi: https://repo.eclipse.org/content/repositories/cbi-maven2/org/eclipse/tycho/org.eclipse.tycho.surefire.testng.fixup/5.0.3/org.eclipse.tycho.surefire.testng.fixup-5.0.3.pom
[INFO] Downloading from eclipse-cbi: https://repo.eclipse.org/content/repositories/cbi-maven2/org/eclipse/tycho/tycho-compiler-plugin/5.0.3/tycho-compiler-plugin-5.0.3.pom
[INFO] Downloaded from eclipse-cbi: https://repo.eclipse.org/content/repositories/cbi-maven2/org/eclipse/tycho/tycho-buildtimestamp-jgit/5.0.3/tycho-buildtimestamp-jgit-5.0.3.jar (12 kB at 329 kB/s)
[INFO] Downloading from eclipse-cbi: https://repo.eclipse.org/content/repositories/cbi-maven2/org/eclipse/jgit/org.eclipse.jgit/7.6.0.202603022253-r/org.eclipse.jgit-7.6.0.202603022253-r.jar
[INFO] Downloading from eclipse-cbi: https://repo.eclipse.org/content/repositories/cbi-maven2/org/eclipse/tycho/extras/tycho-sourceref-jgit/5.0.3/tycho-sourceref-jgit-5.0.3.jar
[INFO] Downloaded from eclipse-cbi: https://repo.eclipse.org/content/repositories/cbi-maven2/org/eclipse/tycho/org.eclipse.tycho.surefire.testng.fixup/5.0.3/org.eclipse.tycho.surefire.testng.fixup-5.0.3.pom (640 B at 17 kB/s)
[INFO] Downloading from tycho-snapshots: https://repo.eclipse.org/content/repositories/tycho-maven2-snapshots/org/apache/maven/plugins/maven-failsafe-plugin/3.5.5/maven-failsafe-plugin-3.5.5.pom
[INFO] Downloaded from eclipse-cbi: https://repo.eclipse.org/content/repositories/cbi-maven2/org/eclipse/tycho/tycho-compiler-plugin/5.0.3/tycho-compiler-plugin-5.0.3.pom (3.6 kB at 80 kB/s)
[INFO] Downloading from tycho-snapshots: https://repo.eclipse.org/content/repositories/tycho-maven2-snapshots/org/eclipse/tycho/tycho-compiler-plugin/5.0.3/tycho-compiler-plugin-5.0.3.jar
[INFO] Downloading from eclipse-snapshots: https://repo.eclipse.org/content/repositories/eclipse-maven2-snapshots/org/apache/maven/plugins/maven-failsafe-plugin/3.5.5/maven-failsafe-plugin-3.5.5.pom
[INFO] Downloading from eclipse-snapshots: https://repo.eclipse.org/content/repositories/eclipse-maven2-snapshots/org/eclipse/tycho/tycho-compiler-plugin/5.0.3/tycho-compiler-plugin-5.0.3.jar
[INFO] Downloaded from eclipse-cbi: https://repo.eclipse.org/content/repositories/cbi-maven2/org/eclipse/tycho/extras/tycho-sourceref-jgit/5.0.3/tycho-sourceref-jgit-5.0.3.jar (6.1 kB at 105 kB/s)
[INFO] Downloading from eclipse-cbi: https://repo.eclipse.org/content/repositories/cbi-maven2/org/apache/maven/plugins/maven-failsafe-plugin/3.5.5/maven-failsafe-plugin-3.5.5.pom
[INFO] Downloading from eclipse-cbi: https://repo.eclipse.org/content/repositories/cbi-maven2/org/eclipse/tycho/tycho-compiler-plugin/5.0.3/tycho-compiler-plugin-5.0.3.jar
[INFO] Downloaded from eclipse-cbi: https://repo.eclipse.org/content/repositories/cbi-maven2/org/eclipse/jgit/org.eclipse.jgit/7.6.0.202603022253-r/org.eclipse.jgit-7.6.0.202603022253-r.jar (3.4 MB at 42 MB/s)
[INFO] Downloaded from eclipse-cbi: https://repo.eclipse.org/content/repositories/cbi-maven2/org/apache/maven/plugins/maven-failsafe-plugin/3.5.5/maven-failsafe-plugin-3.5.5.pom (11 kB at 195 kB/s)
[INFO] Downloaded from eclipse-cbi: https://repo.eclipse.org/content/repositories/cbi-maven2/org/eclipse/tycho/tycho-compiler-plugin/5.0.3/tycho-compiler-plugin-5.0.3.jar (55 kB at 1.3 MB/s)
[INFO] Downloading from tycho-snapshots: https://repo.eclipse.org/content/repositories/tycho-maven2-snapshots/org/apache/maven/surefire/surefire/3.5.5/surefire-3.5.5.pom
[INFO] Downloading from tycho-snapshots: https://repo.eclipse.org/content/repositories/tycho-maven2-snapshots/org/eclipse/jdt/ecj/3.46.100/ecj-3.46.100.pom
[INFO] Downloading from eclipse-snapshots: https://repo.eclipse.org/content/repositories/eclipse-maven2-snapshots/org/apache/maven/surefire/surefire/3.5.5/surefire-3.5.5.pom
[INFO] Downloading from eclipse-snapshots: https://repo.eclipse.org/content/repositories/eclipse-maven2-snapshots/org/eclipse/jdt/ecj/3.46.100/ecj-3.46.100.pom
[INFO] Downloading from eclipse-cbi: https://repo.eclipse.org/content/repositories/cbi-maven2/org/apache/maven/surefire/surefire/3.5.5/surefire-3.5.5.pom
[INFO] Downloading from eclipse-cbi: https://repo.eclipse.org/content/repositories/cbi-maven2/org/eclipse/jdt/ecj/3.46.100/ecj-3.46.100.pom
[INFO] Downloaded from eclipse-cbi: https://repo.eclipse.org/content/repositories/cbi-maven2/org/eclipse/jdt/ecj/3.46.100/ecj-3.46.100.pom (1.6 kB at 41 kB/s)
[INFO] Downloading from tycho-snapshots: https://repo.eclipse.org/content/repositories/tycho-maven2-snapshots/org/codehaus/plexus/plexus-compiler-manager/2.16.2/plexus-compiler-manager-2.16.2.pom
[INFO] Downloaded from eclipse-cbi: https://repo.eclipse.org/content/repositories/cbi-maven2/org/apache/maven/surefire/surefire/3.5.5/surefire-3.5.5.pom (19 kB at 417 kB/s)
[INFO] Downloading from tycho-snapshots: https://repo.eclipse.org/content/repositories/tycho-maven2-snapshots/org/apache/maven/surefire/surefire-api/3.5.5/surefire-api-3.5.5.pom
[INFO] Downloading from eclipse-snapshots: https://repo.eclipse.org/content/repositories/eclipse-maven2-snapshots/org/codehaus/plexus/plexus-compiler-manager/2.16.2/plexus-compiler-manager-2.16.2.pom
[INFO] Downloading from eclipse-snapshots: https://repo.eclipse.org/content/repositories/eclipse-maven2-snapshots/org/apache/maven/surefire/surefire-api/3.5.5/surefire-api-3.5.5.pom
[INFO] Downloading from eclipse-cbi: https://repo.eclipse.org/content/repositories/cbi-maven2/org/codehaus/plexus/plexus-compiler-manager/2.16.2/plexus-compiler-manager-2.16.2.pom
[INFO] Downloading from eclipse-cbi: https://repo.eclipse.org/content/repositories/cbi-maven2/org/apache/maven/surefire/surefire-api/3.5.5/surefire-api-3.5.5.pom
[INFO] Downloaded from eclipse-cbi: https://repo.eclipse.org/content/repositories/cbi-maven2/org/apache/maven/surefire/surefire-api/3.5.5/surefire-api-3.5.5.pom (3.7 kB at 95 kB/s)
[INFO] Downloading from tycho-snapshots: https://repo.eclipse.org/content/repositories/tycho-maven2-snapshots/org/apache/maven/surefire/surefire-logger-api/3.5.5/surefire-logger-api-3.5.5.pom
[INFO] Downloaded from eclipse-cbi: https://repo.eclipse.org/content/repositories/cbi-maven2/org/codehaus/plexus/plexus-compiler-manager/2.16.2/plexus-compiler-manager-2.16.2.pom (1.3 kB at 27 kB/s)
[INFO] Downloading from tycho-snapshots: https://repo.eclipse.org/content/repositories/tycho-maven2-snapshots/org/codehaus/plexus/plexus-compiler/2.16.2/plexus-compiler-2.16.2.pom
[INFO] Downloading from tycho-snapshots: https://repo.eclipse.org/content/repositories/tycho-maven2-snapshots/org/eclipse/tycho/tycho-p2-plugin/5.0.3/tycho-p2-plugin-5.0.3.pom
[INFO] Downloading from eclipse-snapshots: https://repo.eclipse.org/content/repositories/eclipse-maven2-snapshots/org/apache/maven/surefire/surefire-logger-api/3.5.5/surefire-logger-api-3.5.5.pom
[INFO] Downloading from eclipse-snapshots: https://repo.eclipse.org/content/repositories/eclipse-maven2-snapshots/org/codehaus/plexus/plexus-compiler/2.16.2/plexus-compiler-2.16.2.pom
[INFO] Downloading from eclipse-snapshots: https://repo.eclipse.org/content/repositories/eclipse-maven2-snapshots/org/eclipse/tycho/tycho-p2-plugin/5.0.3/tycho-p2-plugin-5.0.3.pom
[INFO] Downloading from eclipse-cbi: https://repo.eclipse.org/content/repositories/cbi-maven2/org/codehaus/plexus/plexus-compiler/2.16.2/plexus-compiler-2.16.2.pom
[INFO] Downloading from eclipse-cbi: https://repo.eclipse.org/content/repositories/cbi-maven2/org/apache/maven/surefire/surefire-logger-api/3.5.5/surefire-logger-api-3.5.5.pom
[INFO] Downloading from eclipse-cbi: https://repo.eclipse.org/content/repositories/cbi-maven2/org/eclipse/tycho/tycho-p2-plugin/5.0.3/tycho-p2-plugin-5.0.3.pom
[INFO] Downloaded from eclipse-cbi: https://repo.eclipse.org/content/repositories/cbi-maven2/org/codehaus/plexus/plexus-compiler/2.16.2/plexus-compiler-2.16.2.pom (7.5 kB at 154 kB/s)
[INFO] Downloading from tycho-snapshots: https://repo.eclipse.org/content/repositories/tycho-maven2-snapshots/org/codehaus/plexus/plexus-compiler-api/2.16.2/plexus-compiler-api-2.16.2.pom
[INFO] Downloaded from eclipse-cbi: https://repo.eclipse.org/content/repositories/cbi-maven2/org/eclipse/tycho/tycho-p2-plugin/5.0.3/tycho-p2-plugin-5.0.3.pom (2.7 kB at 61 kB/s)
[INFO] Downloading from tycho-snapshots: https://repo.eclipse.org/content/repositories/tycho-maven2-snapshots/org/eclipse/tycho/tycho-p2-plugin/5.0.3/tycho-p2-plugin-5.0.3.jar
[INFO] Downloaded from eclipse-cbi: https://repo.eclipse.org/content/repositories/cbi-maven2/org/apache/maven/surefire/surefire-logger-api/3.5.5/surefire-logger-api-3.5.5.pom (3.5 kB at 62 kB/s)
[INFO] Downloading from tycho-snapshots: https://repo.eclipse.org/content/repositories/tycho-maven2-snapshots/org/apache/maven/surefire/surefire-shared-utils/3.5.5/surefire-shared-utils-3.5.5.pom
[INFO] Downloading from eclipse-snapshots: https://repo.eclipse.org/content/repositories/eclipse-maven2-snapshots/org/codehaus/plexus/plexus-compiler-api/2.16.2/plexus-compiler-api-2.16.2.pom
[INFO] Downloading from eclipse-snapshots: https://repo.eclipse.org/content/repositories/eclipse-maven2-snapshots/org/eclipse/tycho/tycho-p2-plugin/5.0.3/tycho-p2-plugin-5.0.3.jar
[INFO] Downloading from eclipse-snapshots: https://repo.eclipse.org/content/repositories/eclipse-maven2-snapshots/org/apache/maven/surefire/surefire-shared-utils/3.5.5/surefire-shared-utils-3.5.5.pom
[INFO] Downloading from eclipse-cbi: https://repo.eclipse.org/content/repositories/cbi-maven2/org/codehaus/plexus/plexus-compiler-api/2.16.2/plexus-compiler-api-2.16.2.pom
[INFO] Downloading from eclipse-cbi: https://repo.eclipse.org/content/repositories/cbi-maven2/org/eclipse/tycho/tycho-p2-plugin/5.0.3/tycho-p2-plugin-5.0.3.jar
[INFO] Downloading from eclipse-cbi: https://repo.eclipse.org/content/repositories/cbi-maven2/org/apache/maven/surefire/surefire-shared-utils/3.5.5/surefire-shared-utils-3.5.5.pom
[INFO] Downloaded from eclipse-cbi: https://repo.eclipse.org/content/repositories/cbi-maven2/org/codehaus/plexus/plexus-compiler-api/2.16.2/plexus-compiler-api-2.16.2.pom (1.4 kB at 36 kB/s)
[INFO] Downloading from tycho-snapshots: https://repo.eclipse.org/content/repositories/tycho-maven2-snapshots/org/eclipse/tycho/tycho-compiler-jdt/5.0.3/tycho-compiler-jdt-5.0.3.pom
[INFO] Downloaded from eclipse-cbi: https://repo.eclipse.org/content/repositories/cbi-maven2/org/apache/maven/surefire/surefire-shared-utils/3.5.5/surefire-shared-utils-3.5.5.pom (4.0 kB at 104 kB/s)
[INFO] Downloading from tycho-snapshots: https://repo.eclipse.org/content/repositories/tycho-maven2-snapshots/org/apache/maven/surefire/surefire-booter/3.5.5/surefire-booter-3.5.5.pom
[INFO] Downloading from eclipse-snapshots: https://repo.eclipse.org/content/repositories/eclipse-maven2-snapshots/org/eclipse/tycho/tycho-compiler-jdt/5.0.3/tycho-compiler-jdt-5.0.3.pom
[INFO] Downloaded from eclipse-cbi: https://repo.eclipse.org/content/repositories/cbi-maven2/org/eclipse/tycho/tycho-p2-plugin/5.0.3/tycho-p2-plugin-5.0.3.jar (38 kB at 636 kB/s)
[INFO] Downloading from eclipse-snapshots: https://repo.eclipse.org/content/repositories/eclipse-maven2-snapshots/org/apache/maven/surefire/surefire-booter/3.5.5/surefire-booter-3.5.5.pom
[INFO] Downloading from eclipse-cbi: https://repo.eclipse.org/content/repositories/cbi-maven2/org/eclipse/tycho/tycho-compiler-jdt/5.0.3/tycho-compiler-jdt-5.0.3.pom
[INFO] Downloading from eclipse-cbi: https://repo.eclipse.org/content/repositories/cbi-maven2/org/apache/maven/surefire/surefire-booter/3.5.5/surefire-booter-3.5.5.pom
[INFO] Downloaded from eclipse-cbi: https://repo.eclipse.org/content/repositories/cbi-maven2/org/eclipse/tycho/tycho-compiler-jdt/5.0.3/tycho-compiler-jdt-5.0.3.pom (2.4 kB at 58 kB/s)
[INFO] Downloading from tycho-snapshots: https://repo.eclipse.org/content/repositories/tycho-maven2-snapshots/org/eclipse/tycho/tycho-lib-detector/5.0.3/tycho-lib-detector-5.0.3.pom
[INFO] Downloaded from eclipse-cbi: https://repo.eclipse.org/content/repositories/cbi-maven2/org/apache/maven/surefire/surefire-booter/3.5.5/surefire-booter-3.5.5.pom (5.1 kB at 138 kB/s)
[INFO] Downloading from tycho-snapshots: https://repo.eclipse.org/content/repositories/tycho-maven2-snapshots/org/apache/maven/surefire/surefire-extensions-spi/3.5.5/surefire-extensions-spi-3.5.5.pom
[INFO] Downloading from eclipse-snapshots: https://repo.eclipse.org/content/repositories/eclipse-maven2-snapshots/org/eclipse/tycho/tycho-lib-detector/5.0.3/tycho-lib-detector-5.0.3.pom
[INFO] Downloading from eclipse-snapshots: https://repo.eclipse.org/content/repositories/eclipse-maven2-snapshots/org/apache/maven/surefire/surefire-extensions-spi/3.5.5/surefire-extensions-spi-3.5.5.pom
[INFO] Downloading from eclipse-cbi: https://repo.eclipse.org/content/repositories/cbi-maven2/org/eclipse/tycho/tycho-lib-detector/5.0.3/tycho-lib-detector-5.0.3.pom
[INFO] Downloading from eclipse-cbi: https://repo.eclipse.org/content/repositories/cbi-maven2/org/apache/maven/surefire/surefire-extensions-spi/3.5.5/surefire-extensions-spi-3.5.5.pom
[INFO] Downloaded from eclipse-cbi: https://repo.eclipse.org/content/repositories/cbi-maven2/org/eclipse/tycho/tycho-lib-detector/5.0.3/tycho-lib-detector-5.0.3.pom (1.6 kB at 39 kB/s)
[INFO] Downloading from tycho-snapshots: https://repo.eclipse.org/content/repositories/tycho-maven2-snapshots/org/codehaus/plexus/plexus-compiler-javac/2.16.2/plexus-compiler-javac-2.16.2.pom
[INFO] Downloaded from eclipse-cbi: https://repo.eclipse.org/content/repositories/cbi-maven2/org/apache/maven/surefire/surefire-extensions-spi/3.5.5/surefire-extensions-spi-3.5.5.pom (1.7 kB at 46 kB/s)
[INFO] Downloading from tycho-snapshots: https://repo.eclipse.org/content/repositories/tycho-maven2-snapshots/org/apache/maven/surefire/surefire-extensions-api/3.5.5/surefire-extensions-api-3.5.5.pom
[INFO] Downloading from eclipse-snapshots: https://repo.eclipse.org/content/repositories/eclipse-maven2-snapshots/org/codehaus/plexus/plexus-compiler-javac/2.16.2/plexus-compiler-javac-2.16.2.pom
[INFO] Downloading from eclipse-snapshots: https://repo.eclipse.org/content/repositories/eclipse-maven2-snapshots/org/apache/maven/surefire/surefire-extensions-api/3.5.5/surefire-extensions-api-3.5.5.pom
[INFO] Downloading from eclipse-cbi: https://repo.eclipse.org/content/repositories/cbi-maven2/org/codehaus/plexus/plexus-compiler-javac/2.16.2/plexus-compiler-javac-2.16.2.pom
[INFO] Downloading from eclipse-cbi: https://repo.eclipse.org/content/repositories/cbi-maven2/org/apache/maven/surefire/surefire-extensions-api/3.5.5/surefire-extensions-api-3.5.5.pom
[INFO] Downloaded from eclipse-cbi: https://repo.eclipse.org/content/repositories/cbi-maven2/org/codehaus/plexus/plexus-compiler-javac/2.16.2/plexus-compiler-javac-2.16.2.pom (1.3 kB at 35 kB/s)
[INFO] Downloading from tycho-snapshots: https://repo.eclipse.org/content/repositories/tycho-maven2-snapshots/org/codehaus/plexus/plexus-compilers/2.16.2/plexus-compilers-2.16.2.pom
[INFO] Downloaded from eclipse-cbi: https://repo.eclipse.org/content/repositories/cbi-maven2/org/apache/maven/surefire/surefire-extensions-api/3.5.5/surefire-extensions-api-3.5.5.pom (3.6 kB at 81 kB/s)
[INFO] Downloading from tycho-snapshots: https://repo.eclipse.org/content/repositories/tycho-maven2-snapshots/org/apache/maven/surefire/maven-surefire-common/3.5.5/maven-surefire-common-3.5.5.pom
[INFO] Downloading from eclipse-snapshots: https://repo.eclipse.org/content/repositories/eclipse-maven2-snapshots/org/codehaus/plexus/plexus-compilers/2.16.2/plexus-compilers-2.16.2.pom
[INFO] Downloading from eclipse-snapshots: https://repo.eclipse.org/content/repositories/eclipse-maven2-snapshots/org/apache/maven/surefire/maven-surefire-common/3.5.5/maven-surefire-common-3.5.5.pom
[INFO] Downloading from eclipse-cbi: https://repo.eclipse.org/content/repositories/cbi-maven2/org/codehaus/plexus/plexus-compilers/2.16.2/plexus-compilers-2.16.2.pom
[INFO] Downloading from eclipse-cbi: https://repo.eclipse.org/content/repositories/cbi-maven2/org/apache/maven/surefire/maven-surefire-common/3.5.5/maven-surefire-common-3.5.5.pom
[INFO] Downloaded from eclipse-cbi: https://repo.eclipse.org/content/repositories/cbi-maven2/org/codehaus/plexus/plexus-compilers/2.16.2/plexus-compilers-2.16.2.pom (1.6 kB at 36 kB/s)
[INFO] Downloading from tycho-snapshots: https://repo.eclipse.org/content/repositories/tycho-maven2-snapshots/org/eclipse/jdt/ecj/3.46.100/ecj-3.46.100.jar
[INFO] Downloaded from eclipse-cbi: https://repo.eclipse.org/content/repositories/cbi-maven2/org/apache/maven/surefire/maven-surefire-common/3.5.5/maven-surefire-common-3.5.5.pom (7.3 kB at 169 kB/s)
[INFO] Downloading from tycho-snapshots: https://repo.eclipse.org/content/repositories/tycho-maven2-snapshots/org/apache/maven/resolver/maven-resolver-util/1.4.1/maven-resolver-util-1.4.1.pom
[INFO] Downloading from tycho-snapshots: https://repo.eclipse.org/content/repositories/tycho-maven2-snapshots/org/codehaus/plexus/plexus-compiler-manager/2.16.2/plexus-compiler-manager-2.16.2.jar
[INFO] Downloading from tycho-snapshots: https://repo.eclipse.org/content/repositories/tycho-maven2-snapshots/org/slf4j/slf4j-api/1.7.36/slf4j-api-1.7.36.jar
[INFO] Downloading from tycho-snapshots: https://repo.eclipse.org/content/repositories/tycho-maven2-snapshots/org/codehaus/plexus/plexus-compiler-api/2.16.2/plexus-compiler-api-2.16.2.jar
[INFO] Downloading from tycho-snapshots: https://repo.eclipse.org/content/repositories/tycho-maven2-snapshots/org/eclipse/tycho/tycho-compiler-jdt/5.0.3/tycho-compiler-jdt-5.0.3.jar
[INFO] Downloading from tycho-snapshots: https://repo.eclipse.org/content/repositories/tycho-maven2-snapshots/org/eclipse/tycho/tycho-lib-detector/5.0.3/tycho-lib-detector-5.0.3.jar
[INFO] Downloading from eclipse-snapshots: https://repo.eclipse.org/content/repositories/eclipse-maven2-snapshots/org/apache/maven/resolver/maven-resolver-util/1.4.1/maven-resolver-util-1.4.1.pom
[INFO] Downloading from tycho-snapshots: https://repo.eclipse.org/content/repositories/tycho-maven2-snapshots/org/codehaus/plexus/plexus-compiler-javac/2.16.2/plexus-compiler-javac-2.16.2.jar
[INFO] Downloading from eclipse-cbi: https://repo.eclipse.org/content/repositories/cbi-maven2/org/apache/maven/resolver/maven-resolver-util/1.4.1/maven-resolver-util-1.4.1.pom
[INFO] Downloaded from eclipse-cbi: https://repo.eclipse.org/content/repositories/cbi-maven2/org/apache/maven/resolver/maven-resolver-util/1.4.1/maven-resolver-util-1.4.1.pom (2.8 kB at 56 kB/s)
[INFO] Downloading from tycho-snapshots: https://repo.eclipse.org/content/repositories/tycho-maven2-snapshots/org/apache/maven/resolver/maven-resolver/1.4.1/maven-resolver-1.4.1.pom
[INFO] Downloading from eclipse-snapshots: https://repo.eclipse.org/content/repositories/eclipse-maven2-snapshots/org/apache/maven/resolver/maven-resolver/1.4.1/maven-resolver-1.4.1.pom
[INFO] Downloading from eclipse-snapshots: https://repo.eclipse.org/content/repositories/eclipse-maven2-snapshots/org/eclipse/jdt/ecj/3.46.100/ecj-3.46.100.jar
[INFO] Downloading from eclipse-cbi: https://repo.eclipse.org/content/repositories/cbi-maven2/org/apache/maven/resolver/maven-resolver/1.4.1/maven-resolver-1.4.1.pom
[INFO] Downloading from eclipse-snapshots: https://repo.eclipse.org/content/repositories/eclipse-maven2-snapshots/org/codehaus/plexus/plexus-compiler-manager/2.16.2/plexus-compiler-manager-2.16.2.jar
[INFO] Downloading from eclipse-snapshots: https://repo.eclipse.org/content/repositories/eclipse-maven2-snapshots/org/slf4j/slf4j-api/1.7.36/slf4j-api-1.7.36.jar
[INFO] Downloading from eclipse-snapshots: https://repo.eclipse.org/content/repositories/eclipse-maven2-snapshots/org/codehaus/plexus/plexus-compiler-api/2.16.2/plexus-compiler-api-2.16.2.jar
[INFO] Downloading from eclipse-snapshots: https://repo.eclipse.org/content/repositories/eclipse-maven2-snapshots/org/eclipse/tycho/tycho-compiler-jdt/5.0.3/tycho-compiler-jdt-5.0.3.jar
[INFO] Downloading from eclipse-snapshots: https://repo.eclipse.org/content/repositories/eclipse-maven2-snapshots/org/eclipse/tycho/tycho-lib-detector/5.0.3/tycho-lib-detector-5.0.3.jar
[INFO] Downloading from eclipse-snapshots: https://repo.eclipse.org/content/repositories/eclipse-maven2-snapshots/org/codehaus/plexus/plexus-compiler-javac/2.16.2/plexus-compiler-javac-2.16.2.jar
[INFO] Downloading from eclipse-cbi: https://repo.eclipse.org/content/repositories/cbi-maven2/org/eclipse/jdt/ecj/3.46.100/ecj-3.46.100.jar
[INFO] Downloaded from eclipse-cbi: https://repo.eclipse.org/content/repositories/cbi-maven2/org/apache/maven/resolver/maven-resolver/1.4.1/maven-resolver-1.4.1.pom (18 kB at 413 kB/s)
[INFO] Downloading from tycho-snapshots: https://repo.eclipse.org/content/repositories/tycho-maven2-snapshots/org/apache/maven/maven-parent/33/maven-parent-33.pom
[INFO] Downloading from eclipse-snapshots: https://repo.eclipse.org/content/repositories/eclipse-maven2-snapshots/org/apache/maven/maven-parent/33/maven-parent-33.pom
[INFO] Downloading from eclipse-cbi: https://repo.eclipse.org/content/repositories/cbi-maven2/org/apache/maven/maven-parent/33/maven-parent-33.pom
[INFO] Downloaded from eclipse-cbi: https://repo.eclipse.org/content/repositories/cbi-maven2/org/eclipse/jdt/ecj/3.46.100/ecj-3.46.100.jar (3.4 MB at 55 MB/s)
[INFO] Downloading from eclipse-cbi: https://repo.eclipse.org/content/repositories/cbi-maven2/org/codehaus/plexus/plexus-compiler-manager/2.16.2/plexus-compiler-manager-2.16.2.jar
[INFO] Downloading from eclipse-cbi: https://repo.eclipse.org/content/repositories/cbi-maven2/org/slf4j/slf4j-api/1.7.36/slf4j-api-1.7.36.jar
[INFO] Downloading from eclipse-cbi: https://repo.eclipse.org/content/repositories/cbi-maven2/org/codehaus/plexus/plexus-compiler-api/2.16.2/plexus-compiler-api-2.16.2.jar
[INFO] Downloading from eclipse-cbi: https://repo.eclipse.org/content/repositories/cbi-maven2/org/eclipse/tycho/tycho-compiler-jdt/5.0.3/tycho-compiler-jdt-5.0.3.jar
[INFO] Downloading from eclipse-cbi: https://repo.eclipse.org/content/repositories/cbi-maven2/org/eclipse/tycho/tycho-lib-detector/5.0.3/tycho-lib-detector-5.0.3.jar
[INFO] Downloaded from eclipse-cbi: https://repo.eclipse.org/content/repositories/cbi-maven2/org/apache/maven/maven-parent/33/maven-parent-33.pom (44 kB at 1.1 MB/s)
[INFO] Downloading from tycho-snapshots: https://repo.eclipse.org/content/repositories/tycho-maven2-snapshots/org/apache/apache/21/apache-21.pom
[INFO] Downloaded from eclipse-cbi: https://repo.eclipse.org/content/repositories/cbi-maven2/org/eclipse/tycho/tycho-lib-detector/5.0.3/tycho-lib-detector-5.0.3.jar (3.6 kB at 96 kB/s)
[INFO] Downloading from eclipse-cbi: https://repo.eclipse.org/content/repositories/cbi-maven2/org/codehaus/plexus/plexus-compiler-javac/2.16.2/plexus-compiler-javac-2.16.2.jar
[INFO] Downloading from eclipse-snapshots: https://repo.eclipse.org/content/repositories/eclipse-maven2-snapshots/org/apache/apache/21/apache-21.pom
[INFO] Downloaded from eclipse-cbi: https://repo.eclipse.org/content/repositories/cbi-maven2/org/eclipse/tycho/tycho-compiler-jdt/5.0.3/tycho-compiler-jdt-5.0.3.jar (20 kB at 537 kB/s)
[INFO] Downloaded from eclipse-cbi: https://repo.eclipse.org/content/repositories/cbi-maven2/org/codehaus/plexus/plexus-compiler-manager/2.16.2/plexus-compiler-manager-2.16.2.jar (5.2 kB at 109 kB/s)
[INFO] Downloading from eclipse-cbi: https://repo.eclipse.org/content/repositories/cbi-maven2/org/apache/apache/21/apache-21.pom
[INFO] Downloaded from eclipse-cbi: https://repo.eclipse.org/content/repositories/cbi-maven2/org/slf4j/slf4j-api/1.7.36/slf4j-api-1.7.36.jar (41 kB at 438 kB/s)
[INFO] Downloaded from eclipse-cbi: https://repo.eclipse.org/content/repositories/cbi-maven2/org/codehaus/plexus/plexus-compiler-api/2.16.2/plexus-compiler-api-2.16.2.jar (29 kB at 300 kB/s)
[INFO] Downloaded from eclipse-cbi: https://repo.eclipse.org/content/repositories/cbi-maven2/org/codehaus/plexus/plexus-compiler-javac/2.16.2/plexus-compiler-javac-2.16.2.jar (30 kB at 302 kB/s)
[INFO] Downloaded from eclipse-cbi: https://repo.eclipse.org/content/repositories/cbi-maven2/org/apache/apache/21/apache-21.pom (17 kB at 349 kB/s)
[INFO] Downloading from tycho-snapshots: https://repo.eclipse.org/content/repositories/tycho-maven2-snapshots/org/apache/maven/resolver/maven-resolver-api/1.4.1/maven-resolver-api-1.4.1.pom
[INFO] Downloading from eclipse-snapshots: https://repo.eclipse.org/content/repositories/eclipse-maven2-snapshots/org/apache/maven/resolver/maven-resolver-api/1.4.1/maven-resolver-api-1.4.1.pom
[INFO] Downloading from eclipse-cbi: https://repo.eclipse.org/content/repositories/cbi-maven2/org/apache/maven/resolver/maven-resolver-api/1.4.1/maven-resolver-api-1.4.1.pom
[INFO] Downloaded from eclipse-cbi: https://repo.eclipse.org/content/repositories/cbi-maven2/org/apache/maven/resolver/maven-resolver-api/1.4.1/maven-resolver-api-1.4.1.pom (2.6 kB at 37 kB/s)
[INFO] Downloading from tycho-snapshots: https://repo.eclipse.org/content/repositories/tycho-maven2-snapshots/org/apache/maven/shared/maven-common-artifact-filters/3.4.0/maven-common-artifact-filters-3.4.0.pom
[INFO] Downloading from eclipse-snapshots: https://repo.eclipse.org/content/repositories/eclipse-maven2-snapshots/org/apache/maven/shared/maven-common-artifact-filters/3.4.0/maven-common-artifact-filters-3.4.0.pom
[INFO] Downloading from eclipse-cbi: https://repo.eclipse.org/content/repositories/cbi-maven2/org/apache/maven/shared/maven-common-artifact-filters/3.4.0/maven-common-artifact-filters-3.4.0.pom
[INFO] Downloaded from eclipse-cbi: https://repo.eclipse.org/content/repositories/cbi-maven2/org/apache/maven/shared/maven-common-artifact-filters/3.4.0/maven-common-artifact-filters-3.4.0.pom (5.4 kB at 131 kB/s)
[INFO] Downloading from tycho-snapshots: https://repo.eclipse.org/content/repositories/tycho-maven2-snapshots/org/apache/maven/shared/maven-shared-components/42/maven-shared-components-42.pom
[INFO] Downloading from eclipse-snapshots: https://repo.eclipse.org/content/repositories/eclipse-maven2-snapshots/org/apache/maven/shared/maven-shared-components/42/maven-shared-components-42.pom
[INFO] Downloading from eclipse-cbi: https://repo.eclipse.org/content/repositories/cbi-maven2/org/apache/maven/shared/maven-shared-components/42/maven-shared-components-42.pom
[INFO] Downloaded from eclipse-cbi: https://repo.eclipse.org/content/repositories/cbi-maven2/org/apache/maven/shared/maven-shared-components/42/maven-shared-components-42.pom (3.8 kB at 86 kB/s)
[INFO] Downloading from tycho-snapshots: https://repo.eclipse.org/content/repositories/tycho-maven2-snapshots/org/apache/maven/maven-parent/42/maven-parent-42.pom
[INFO] Downloading from eclipse-snapshots: https://repo.eclipse.org/content/repositories/eclipse-maven2-snapshots/org/apache/maven/maven-parent/42/maven-parent-42.pom
[INFO] Downloading from eclipse-cbi: https://repo.eclipse.org/content/repositories/cbi-maven2/org/apache/maven/maven-parent/42/maven-parent-42.pom
[INFO] Downloaded from eclipse-cbi: https://repo.eclipse.org/content/repositories/cbi-maven2/org/apache/maven/maven-parent/42/maven-parent-42.pom (50 kB at 1.2 MB/s)
[INFO] Downloading from tycho-snapshots: https://repo.eclipse.org/content/repositories/tycho-maven2-snapshots/org/apache/apache/32/apache-32.pom
[INFO] Downloading from eclipse-snapshots: https://repo.eclipse.org/content/repositories/eclipse-maven2-snapshots/org/apache/apache/32/apache-32.pom
[INFO] Downloading from eclipse-cbi: https://repo.eclipse.org/content/repositories/cbi-maven2/org/apache/apache/32/apache-32.pom
[INFO] Downloaded from eclipse-cbi: https://repo.eclipse.org/content/repositories/cbi-maven2/org/apache/apache/32/apache-32.pom (24 kB at 620 kB/s)
[INFO] Downloading from tycho-snapshots: https://repo.eclipse.org/content/repositories/tycho-maven2-snapshots/org/junit/junit-bom/5.10.2/junit-bom-5.10.2.pom
[INFO] Downloading from eclipse-snapshots: https://repo.eclipse.org/content/repositories/eclipse-maven2-snapshots/org/junit/junit-bom/5.10.2/junit-bom-5.10.2.pom
[INFO] Downloading from eclipse-cbi: https://repo.eclipse.org/content/repositories/cbi-maven2/org/junit/junit-bom/5.10.2/junit-bom-5.10.2.pom
[INFO] Downloaded from eclipse-cbi: https://repo.eclipse.org/content/repositories/cbi-maven2/org/junit/junit-bom/5.10.2/junit-bom-5.10.2.pom (5.6 kB at 149 kB/s)
[INFO] Downloading from tycho-snapshots: https://repo.eclipse.org/content/repositories/tycho-maven2-snapshots/org/codehaus/plexus/plexus-java/1.5.2/plexus-java-1.5.2.pom
[INFO] Downloading from eclipse-snapshots: https://repo.eclipse.org/content/repositories/eclipse-maven2-snapshots/org/codehaus/plexus/plexus-java/1.5.2/plexus-java-1.5.2.pom
[INFO] Downloading from eclipse-cbi: https://repo.eclipse.org/content/repositories/cbi-maven2/org/codehaus/plexus/plexus-java/1.5.2/plexus-java-1.5.2.pom
[INFO] Downloaded from eclipse-cbi: https://repo.eclipse.org/content/repositories/cbi-maven2/org/codehaus/plexus/plexus-java/1.5.2/plexus-java-1.5.2.pom (4.1 kB at 107 kB/s)
[INFO] Downloading from tycho-snapshots: https://repo.eclipse.org/content/repositories/tycho-maven2-snapshots/org/codehaus/plexus/plexus-languages/1.5.2/plexus-languages-1.5.2.pom
[INFO] Downloading from eclipse-snapshots: https://repo.eclipse.org/content/repositories/eclipse-maven2-snapshots/org/codehaus/plexus/plexus-languages/1.5.2/plexus-languages-1.5.2.pom
[INFO] Downloading from eclipse-cbi: https://repo.eclipse.org/content/repositories/cbi-maven2/org/codehaus/plexus/plexus-languages/1.5.2/plexus-languages-1.5.2.pom
[INFO] Downloaded from eclipse-cbi: https://repo.eclipse.org/content/repositories/cbi-maven2/org/codehaus/plexus/plexus-languages/1.5.2/plexus-languages-1.5.2.pom (3.9 kB at 99 kB/s)
[INFO] Downloading from tycho-snapshots: https://repo.eclipse.org/content/repositories/tycho-maven2-snapshots/com/thoughtworks/qdox/qdox/2.2.0/qdox-2.2.0.pom
[INFO] Downloading from eclipse-snapshots: https://repo.eclipse.org/content/repositories/eclipse-maven2-snapshots/com/thoughtworks/qdox/qdox/2.2.0/qdox-2.2.0.pom
[INFO] Downloading from eclipse-cbi: https://repo.eclipse.org/content/repositories/cbi-maven2/com/thoughtworks/qdox/qdox/2.2.0/qdox-2.2.0.pom
[INFO] Downloaded from eclipse-cbi: https://repo.eclipse.org/content/repositories/cbi-maven2/com/thoughtworks/qdox/qdox/2.2.0/qdox-2.2.0.pom (18 kB at 453 kB/s)
[INFO] Downloading from tycho-snapshots: https://repo.eclipse.org/content/repositories/tycho-maven2-snapshots/org/sonatype/oss/oss-parent/9/oss-parent-9.pom
[INFO] Downloading from eclipse-snapshots: https://repo.eclipse.org/content/repositories/eclipse-maven2-snapshots/org/sonatype/oss/oss-parent/9/oss-parent-9.pom
[INFO] Downloading from eclipse-cbi: https://repo.eclipse.org/content/repositories/cbi-maven2/org/sonatype/oss/oss-parent/9/oss-parent-9.pom
[INFO] Downloaded from eclipse-cbi: https://repo.eclipse.org/content/repositories/cbi-maven2/org/sonatype/oss/oss-parent/9/oss-parent-9.pom (6.6 kB at 168 kB/s)
[INFO] Downloading from tycho-snapshots: https://repo.eclipse.org/content/repositories/tycho-maven2-snapshots/biz/aQute/bnd/biz.aQute.bnd.maven/7.2.3/biz.aQute.bnd.maven-7.2.3.pom
[INFO] Downloading from eclipse-snapshots: https://repo.eclipse.org/content/repositories/eclipse-maven2-snapshots/biz/aQute/bnd/biz.aQute.bnd.maven/7.2.3/biz.aQute.bnd.maven-7.2.3.pom
[INFO] Downloading from eclipse-cbi: https://repo.eclipse.org/content/repositories/cbi-maven2/biz/aQute/bnd/biz.aQute.bnd.maven/7.2.3/biz.aQute.bnd.maven-7.2.3.pom
[INFO] Downloaded from eclipse-cbi: https://repo.eclipse.org/content/repositories/cbi-maven2/biz/aQute/bnd/biz.aQute.bnd.maven/7.2.3/biz.aQute.bnd.maven-7.2.3.pom (6.9 kB at 182 kB/s)
[INFO] Downloading from tycho-snapshots: https://repo.eclipse.org/content/repositories/tycho-maven2-snapshots/org/osgi/org.osgi.dto/1.0.0/org.osgi.dto-1.0.0.pom
[INFO] Downloading from eclipse-snapshots: https://repo.eclipse.org/content/repositories/eclipse-maven2-snapshots/org/osgi/org.osgi.dto/1.0.0/org.osgi.dto-1.0.0.pom
[INFO] Downloading from eclipse-cbi: https://repo.eclipse.org/content/repositories/cbi-maven2/org/osgi/org.osgi.dto/1.0.0/org.osgi.dto-1.0.0.pom
[INFO] Downloaded from eclipse-cbi: https://repo.eclipse.org/content/repositories/cbi-maven2/org/osgi/org.osgi.dto/1.0.0/org.osgi.dto-1.0.0.pom (1.3 kB at 29 kB/s)
[INFO] Downloading from tycho-snapshots: https://repo.eclipse.org/content/repositories/tycho-maven2-snapshots/org/osgi/org.osgi.resource/1.0.0/org.osgi.resource-1.0.0.pom
[INFO] Downloading from eclipse-snapshots: https://repo.eclipse.org/content/repositories/eclipse-maven2-snapshots/org/osgi/org.osgi.resource/1.0.0/org.osgi.resource-1.0.0.pom
[INFO] Downloading from eclipse-cbi: https://repo.eclipse.org/content/repositories/cbi-maven2/org/osgi/org.osgi.resource/1.0.0/org.osgi.resource-1.0.0.pom
[INFO] Downloaded from eclipse-cbi: https://repo.eclipse.org/content/repositories/cbi-maven2/org/osgi/org.osgi.resource/1.0.0/org.osgi.resource-1.0.0.pom (1.3 kB at 34 kB/s)
[INFO] Downloading from tycho-snapshots: https://repo.eclipse.org/content/repositories/tycho-maven2-snapshots/org/osgi/org.osgi.framework/1.8.0/org.osgi.framework-1.8.0.pom
[INFO] Downloading from eclipse-snapshots: https://repo.eclipse.org/content/repositories/eclipse-maven2-snapshots/org/osgi/org.osgi.framework/1.8.0/org.osgi.framework-1.8.0.pom
[INFO] Downloading from eclipse-cbi: https://repo.eclipse.org/content/repositories/cbi-maven2/org/osgi/org.osgi.framework/1.8.0/org.osgi.framework-1.8.0.pom
[INFO] Downloaded from eclipse-cbi: https://repo.eclipse.org/content/repositories/cbi-maven2/org/osgi/org.osgi.framework/1.8.0/org.osgi.framework-1.8.0.pom (1.3 kB at 34 kB/s)
[INFO] Downloading from tycho-snapshots: https://repo.eclipse.org/content/repositories/tycho-maven2-snapshots/biz/aQute/bnd/biz.aQute.resolve/7.2.3/biz.aQute.resolve-7.2.3.pom
[INFO] Downloading from eclipse-snapshots: https://repo.eclipse.org/content/repositories/eclipse-maven2-snapshots/biz/aQute/bnd/biz.aQute.resolve/7.2.3/biz.aQute.resolve-7.2.3.pom
[INFO] Downloading from eclipse-cbi: https://repo.eclipse.org/content/repositories/cbi-maven2/biz/aQute/bnd/biz.aQute.resolve/7.2.3/biz.aQute.resolve-7.2.3.pom
[INFO] Downloaded from eclipse-cbi: https://repo.eclipse.org/content/repositories/cbi-maven2/biz/aQute/bnd/biz.aQute.resolve/7.2.3/biz.aQute.resolve-7.2.3.pom (6.1 kB at 146 kB/s)
[INFO] Downloading from tycho-snapshots: https://repo.eclipse.org/content/repositories/tycho-maven2-snapshots/org/osgi/org.osgi.service.log/1.3.0/org.osgi.service.log-1.3.0.pom
[INFO] Downloading from eclipse-snapshots: https://repo.eclipse.org/content/repositories/eclipse-maven2-snapshots/org/osgi/org.osgi.service.log/1.3.0/org.osgi.service.log-1.3.0.pom
[INFO] Downloading from eclipse-cbi: https://repo.eclipse.org/content/repositories/cbi-maven2/org/osgi/org.osgi.service.log/1.3.0/org.osgi.service.log-1.3.0.pom
[INFO] Downloaded from eclipse-cbi: https://repo.eclipse.org/content/repositories/cbi-maven2/org/osgi/org.osgi.service.log/1.3.0/org.osgi.service.log-1.3.0.pom (1.3 kB at 35 kB/s)
[INFO] Downloading from tycho-snapshots: https://repo.eclipse.org/content/repositories/tycho-maven2-snapshots/org/osgi/org.osgi.service.resolver/1.1.1/org.osgi.service.resolver-1.1.1.pom
[INFO] Downloading from eclipse-snapshots: https://repo.eclipse.org/content/repositories/eclipse-maven2-snapshots/org/osgi/org.osgi.service.resolver/1.1.1/org.osgi.service.resolver-1.1.1.pom
[INFO] Downloading from eclipse-cbi: https://repo.eclipse.org/content/repositories/cbi-maven2/org/osgi/org.osgi.service.resolver/1.1.1/org.osgi.service.resolver-1.1.1.pom
[INFO] Downloaded from eclipse-cbi: https://repo.eclipse.org/content/repositories/cbi-maven2/org/osgi/org.osgi.service.resolver/1.1.1/org.osgi.service.resolver-1.1.1.pom (1.8 kB at 47 kB/s)
[INFO] Downloading from tycho-snapshots: https://repo.eclipse.org/content/repositories/tycho-maven2-snapshots/org/osgi/org.osgi.service.coordinator/1.0.2/org.osgi.service.coordinator-1.0.2.pom
[INFO] Downloading from eclipse-snapshots: https://repo.eclipse.org/content/repositories/eclipse-maven2-snapshots/org/osgi/org.osgi.service.coordinator/1.0.2/org.osgi.service.coordinator-1.0.2.pom
[INFO] Downloading from eclipse-cbi: https://repo.eclipse.org/content/repositories/cbi-maven2/org/osgi/org.osgi.service.coordinator/1.0.2/org.osgi.service.coordinator-1.0.2.pom
[INFO] Downloaded from eclipse-cbi: https://repo.eclipse.org/content/repositories/cbi-maven2/org/osgi/org.osgi.service.coordinator/1.0.2/org.osgi.service.coordinator-1.0.2.pom (1.3 kB at 27 kB/s)
[INFO] Downloading from tycho-snapshots: https://repo.eclipse.org/content/repositories/tycho-maven2-snapshots/org/eclipse/tycho/org.eclipse.tycho.surefire.osgibooter/5.0.3/org.eclipse.tycho.surefire.osgibooter-5.0.3.jar
[INFO] Downloading from tycho-snapshots: https://repo.eclipse.org/content/repositories/tycho-maven2-snapshots/org/eclipse/tycho/org.eclipse.tycho.surefire.junit4/5.0.3/org.eclipse.tycho.surefire.junit4-5.0.3.jar
[INFO] Downloading from tycho-snapshots: https://repo.eclipse.org/content/repositories/tycho-maven2-snapshots/org/eclipse/tycho/org.eclipse.tycho.surefire.junit5/5.0.3/org.eclipse.tycho.surefire.junit5-5.0.3.jar
[INFO] Downloading from tycho-snapshots: https://repo.eclipse.org/content/repositories/tycho-maven2-snapshots/org/eclipse/tycho/org.eclipse.tycho.surefire.junit6/5.0.3/org.eclipse.tycho.surefire.junit6-5.0.3.jar
[INFO] Downloading from tycho-snapshots: https://repo.eclipse.org/content/repositories/tycho-maven2-snapshots/org/eclipse/tycho/org.eclipse.tycho.surefire.junit5.vintage/5.0.3/org.eclipse.tycho.surefire.junit5.vintage-5.0.3.jar
[INFO] Downloading from tycho-snapshots: https://repo.eclipse.org/content/repositories/tycho-maven2-snapshots/org/eclipse/tycho/org.eclipse.tycho.surefire.junit5.vintage.internal/5.0.3/org.eclipse.tycho.surefire.junit5.vintage.internal-5.0.3.jar
[INFO] Downloading from tycho-snapshots: https://repo.eclipse.org/content/repositories/tycho-maven2-snapshots/org/eclipse/tycho/org.eclipse.tycho.surefire.testng/5.0.3/org.eclipse.tycho.surefire.testng-5.0.3.jar
[INFO] Downloading from tycho-snapshots: https://repo.eclipse.org/content/repositories/tycho-maven2-snapshots/org/eclipse/tycho/org.eclipse.tycho.surefire.testng.fixup/5.0.3/org.eclipse.tycho.surefire.testng.fixup-5.0.3.jar
[INFO] Downloading from tycho-snapshots: https://repo.eclipse.org/content/repositories/tycho-maven2-snapshots/org/apache/maven/plugins/maven-failsafe-plugin/3.5.5/maven-failsafe-plugin-3.5.5.jar
[INFO] Downloading from tycho-snapshots: https://repo.eclipse.org/content/repositories/tycho-maven2-snapshots/org/apache/maven/surefire/surefire-booter/3.5.5/surefire-booter-3.5.5.jar
[INFO] Downloading from tycho-snapshots: https://repo.eclipse.org/content/repositories/tycho-maven2-snapshots/org/apache/maven/surefire/surefire-extensions-spi/3.5.5/surefire-extensions-spi-3.5.5.jar
[INFO] Downloading from tycho-snapshots: https://repo.eclipse.org/content/repositories/tycho-maven2-snapshots/org/apache/maven/surefire/surefire-extensions-api/3.5.5/surefire-extensions-api-3.5.5.jar
[INFO] Downloading from tycho-snapshots: https://repo.eclipse.org/content/repositories/tycho-maven2-snapshots/org/apache/maven/surefire/surefire-shared-utils/3.5.5/surefire-shared-utils-3.5.5.jar
[INFO] Downloading from tycho-snapshots: https://repo.eclipse.org/content/repositories/tycho-maven2-snapshots/org/apache/maven/surefire/surefire-api/3.5.5/surefire-api-3.5.5.jar
[INFO] Downloading from tycho-snapshots: https://repo.eclipse.org/content/repositories/tycho-maven2-snapshots/org/apache/maven/surefire/surefire-logger-api/3.5.5/surefire-logger-api-3.5.5.jar
[INFO] Downloading from tycho-snapshots: https://repo.eclipse.org/content/repositories/tycho-maven2-snapshots/org/apache/maven/surefire/maven-surefire-common/3.5.5/maven-surefire-common-3.5.5.jar
[INFO] Downloading from tycho-snapshots: https://repo.eclipse.org/content/repositories/tycho-maven2-snapshots/org/apache/maven/shared/maven-common-artifact-filters/3.4.0/maven-common-artifact-filters-3.4.0.jar
[INFO] Downloading from tycho-snapshots: https://repo.eclipse.org/content/repositories/tycho-maven2-snapshots/org/codehaus/plexus/plexus-java/1.5.2/plexus-java-1.5.2.jar
[INFO] Downloading from tycho-snapshots: https://repo.eclipse.org/content/repositories/tycho-maven2-snapshots/org/ow2/asm/asm/9.9.1/asm-9.9.1.jar
[INFO] Downloading from tycho-snapshots: https://repo.eclipse.org/content/repositories/tycho-maven2-snapshots/com/thoughtworks/qdox/qdox/2.2.0/qdox-2.2.0.jar
[INFO] Downloading from tycho-snapshots: https://repo.eclipse.org/content/repositories/tycho-maven2-snapshots/biz/aQute/bnd/biz.aQute.bnd.maven/7.2.3/biz.aQute.bnd.maven-7.2.3.jar
[INFO] Downloading from tycho-snapshots: https://repo.eclipse.org/content/repositories/tycho-maven2-snapshots/org/osgi/org.osgi.dto/1.0.0/org.osgi.dto-1.0.0.jar
[INFO] Downloading from tycho-snapshots: https://repo.eclipse.org/content/repositories/tycho-maven2-snapshots/org/osgi/org.osgi.resource/1.0.0/org.osgi.resource-1.0.0.jar
[INFO] Downloading from tycho-snapshots: https://repo.eclipse.org/content/repositories/tycho-maven2-snapshots/org/osgi/org.osgi.framework/1.8.0/org.osgi.framework-1.8.0.jar
[INFO] Downloading from tycho-snapshots: https://repo.eclipse.org/content/repositories/tycho-maven2-snapshots/biz/aQute/bnd/biz.aQute.resolve/7.2.3/biz.aQute.resolve-7.2.3.jar
[INFO] Downloading from tycho-snapshots: https://repo.eclipse.org/content/repositories/tycho-maven2-snapshots/org/osgi/org.osgi.service.log/1.3.0/org.osgi.service.log-1.3.0.jar
[INFO] Downloading from tycho-snapshots: https://repo.eclipse.org/content/repositories/tycho-maven2-snapshots/org/osgi/org.osgi.service.resolver/1.1.1/org.osgi.service.resolver-1.1.1.jar
[INFO] Downloading from tycho-snapshots: https://repo.eclipse.org/content/repositories/tycho-maven2-snapshots/org/osgi/org.osgi.service.coordinator/1.0.2/org.osgi.service.coordinator-1.0.2.jar
[INFO] Downloading from eclipse-snapshots: https://repo.eclipse.org/content/repositories/eclipse-maven2-snapshots/org/eclipse/tycho/org.eclipse.tycho.surefire.osgibooter/5.0.3/org.eclipse.tycho.surefire.osgibooter-5.0.3.jar
[INFO] Downloading from eclipse-snapshots: https://repo.eclipse.org/content/repositories/eclipse-maven2-snapshots/org/eclipse/tycho/org.eclipse.tycho.surefire.junit4/5.0.3/org.eclipse.tycho.surefire.junit4-5.0.3.jar
[INFO] Downloading from eclipse-snapshots: https://repo.eclipse.org/content/repositories/eclipse-maven2-snapshots/org/eclipse/tycho/org.eclipse.tycho.surefire.junit5/5.0.3/org.eclipse.tycho.surefire.junit5-5.0.3.jar
[INFO] Downloading from eclipse-snapshots: https://repo.eclipse.org/content/repositories/eclipse-maven2-snapshots/org/eclipse/tycho/org.eclipse.tycho.surefire.junit6/5.0.3/org.eclipse.tycho.surefire.junit6-5.0.3.jar
[INFO] Downloading from eclipse-snapshots: https://repo.eclipse.org/content/repositories/eclipse-maven2-snapshots/org/eclipse/tycho/org.eclipse.tycho.surefire.junit5.vintage/5.0.3/org.eclipse.tycho.surefire.junit5.vintage-5.0.3.jar
[INFO] Downloading from eclipse-snapshots: https://repo.eclipse.org/content/repositories/eclipse-maven2-snapshots/org/eclipse/tycho/org.eclipse.tycho.surefire.junit5.vintage.internal/5.0.3/org.eclipse.tycho.surefire.junit5.vintage.internal-5.0.3.jar
[INFO] Downloading from eclipse-snapshots: https://repo.eclipse.org/content/repositories/eclipse-maven2-snapshots/org/eclipse/tycho/org.eclipse.tycho.surefire.testng/5.0.3/org.eclipse.tycho.surefire.testng-5.0.3.jar
[INFO] Downloading from eclipse-snapshots: https://repo.eclipse.org/content/repositories/eclipse-maven2-snapshots/org/eclipse/tycho/org.eclipse.tycho.surefire.testng.fixup/5.0.3/org.eclipse.tycho.surefire.testng.fixup-5.0.3.jar
[INFO] Downloading from eclipse-snapshots: https://repo.eclipse.org/content/repositories/eclipse-maven2-snapshots/org/apache/maven/plugins/maven-failsafe-plugin/3.5.5/maven-failsafe-plugin-3.5.5.jar
[INFO] Downloading from eclipse-snapshots: https://repo.eclipse.org/content/repositories/eclipse-maven2-snapshots/org/apache/maven/surefire/surefire-booter/3.5.5/surefire-booter-3.5.5.jar
[INFO] Downloading from eclipse-snapshots: https://repo.eclipse.org/content/repositories/eclipse-maven2-snapshots/org/apache/maven/surefire/surefire-extensions-spi/3.5.5/surefire-extensions-spi-3.5.5.jar
[INFO] Downloading from eclipse-snapshots: https://repo.eclipse.org/content/repositories/eclipse-maven2-snapshots/org/apache/maven/surefire/surefire-extensions-api/3.5.5/surefire-extensions-api-3.5.5.jar
[INFO] Downloading from eclipse-snapshots: https://repo.eclipse.org/content/repositories/eclipse-maven2-snapshots/org/apache/maven/surefire/surefire-shared-utils/3.5.5/surefire-shared-utils-3.5.5.jar
[INFO] Downloading from eclipse-snapshots: https://repo.eclipse.org/content/repositories/eclipse-maven2-snapshots/org/apache/maven/surefire/surefire-api/3.5.5/surefire-api-3.5.5.jar
[INFO] Downloading from eclipse-snapshots: https://repo.eclipse.org/content/repositories/eclipse-maven2-snapshots/org/apache/maven/surefire/surefire-logger-api/3.5.5/surefire-logger-api-3.5.5.jar
[INFO] Downloading from eclipse-snapshots: https://repo.eclipse.org/content/repositories/eclipse-maven2-snapshots/org/apache/maven/surefire/maven-surefire-common/3.5.5/maven-surefire-common-3.5.5.jar
[INFO] Downloading from eclipse-snapshots: https://repo.eclipse.org/content/repositories/eclipse-maven2-snapshots/org/apache/maven/shared/maven-common-artifact-filters/3.4.0/maven-common-artifact-filters-3.4.0.jar
[INFO] Downloading from eclipse-snapshots: https://repo.eclipse.org/content/repositories/eclipse-maven2-snapshots/org/codehaus/plexus/plexus-java/1.5.2/plexus-java-1.5.2.jar
[INFO] Downloading from eclipse-snapshots: https://repo.eclipse.org/content/repositories/eclipse-maven2-snapshots/org/ow2/asm/asm/9.9.1/asm-9.9.1.jar
[INFO] Downloading from eclipse-snapshots: https://repo.eclipse.org/content/repositories/eclipse-maven2-snapshots/com/thoughtworks/qdox/qdox/2.2.0/qdox-2.2.0.jar
[INFO] Downloading from eclipse-snapshots: https://repo.eclipse.org/content/repositories/eclipse-maven2-snapshots/biz/aQute/bnd/biz.aQute.bnd.maven/7.2.3/biz.aQute.bnd.maven-7.2.3.jar
[INFO] Downloading from eclipse-snapshots: https://repo.eclipse.org/content/repositories/eclipse-maven2-snapshots/org/osgi/org.osgi.dto/1.0.0/org.osgi.dto-1.0.0.jar
[INFO] Downloading from eclipse-snapshots: https://repo.eclipse.org/content/repositories/eclipse-maven2-snapshots/org/osgi/org.osgi.resource/1.0.0/org.osgi.resource-1.0.0.jar
[INFO] Downloading from eclipse-snapshots: https://repo.eclipse.org/content/repositories/eclipse-maven2-snapshots/org/osgi/org.osgi.framework/1.8.0/org.osgi.framework-1.8.0.jar
[INFO] Downloading from eclipse-snapshots: https://repo.eclipse.org/content/repositories/eclipse-maven2-snapshots/biz/aQute/bnd/biz.aQute.resolve/7.2.3/biz.aQute.resolve-7.2.3.jar
[INFO] Downloading from eclipse-snapshots: https://repo.eclipse.org/content/repositories/eclipse-maven2-snapshots/org/osgi/org.osgi.service.log/1.3.0/org.osgi.service.log-1.3.0.jar
[INFO] Downloading from eclipse-snapshots: https://repo.eclipse.org/content/repositories/eclipse-maven2-snapshots/org/osgi/org.osgi.service.resolver/1.1.1/org.osgi.service.resolver-1.1.1.jar
[INFO] Downloading from eclipse-snapshots: https://repo.eclipse.org/content/repositories/eclipse-maven2-snapshots/org/osgi/org.osgi.service.coordinator/1.0.2/org.osgi.service.coordinator-1.0.2.jar
[INFO] Downloading from eclipse-cbi: https://repo.eclipse.org/content/repositories/cbi-maven2/org/eclipse/tycho/org.eclipse.tycho.surefire.osgibooter/5.0.3/org.eclipse.tycho.surefire.osgibooter-5.0.3.jar
[INFO] Downloaded from eclipse-cbi: https://repo.eclipse.org/content/repositories/cbi-maven2/org/eclipse/tycho/org.eclipse.tycho.surefire.osgibooter/5.0.3/org.eclipse.tycho.surefire.osgibooter-5.0.3.jar (3.6 MB at 70 MB/s)
[INFO] Downloading from eclipse-cbi: https://repo.eclipse.org/content/repositories/cbi-maven2/org/eclipse/tycho/org.eclipse.tycho.surefire.junit4/5.0.3/org.eclipse.tycho.surefire.junit4-5.0.3.jar
[INFO] Downloading from eclipse-cbi: https://repo.eclipse.org/content/repositories/cbi-maven2/org/eclipse/tycho/org.eclipse.tycho.surefire.junit5/5.0.3/org.eclipse.tycho.surefire.junit5-5.0.3.jar
[INFO] Downloading from eclipse-cbi: https://repo.eclipse.org/content/repositories/cbi-maven2/org/eclipse/tycho/org.eclipse.tycho.surefire.junit6/5.0.3/org.eclipse.tycho.surefire.junit6-5.0.3.jar
[INFO] Downloading from eclipse-cbi: https://repo.eclipse.org/content/repositories/cbi-maven2/org/eclipse/tycho/org.eclipse.tycho.surefire.junit5.vintage/5.0.3/org.eclipse.tycho.surefire.junit5.vintage-5.0.3.jar
[INFO] Downloading from eclipse-cbi: https://repo.eclipse.org/content/repositories/cbi-maven2/org/eclipse/tycho/org.eclipse.tycho.surefire.junit5.vintage.internal/5.0.3/org.eclipse.tycho.surefire.junit5.vintage.internal-5.0.3.jar
[INFO] Downloaded from eclipse-cbi: https://repo.eclipse.org/content/repositories/cbi-maven2/org/eclipse/tycho/org.eclipse.tycho.surefire.junit5/5.0.3/org.eclipse.tycho.surefire.junit5-5.0.3.jar (41 kB at 1.1 MB/s)
[INFO] Downloading from eclipse-cbi: https://repo.eclipse.org/content/repositories/cbi-maven2/org/eclipse/tycho/org.eclipse.tycho.surefire.testng/5.0.3/org.eclipse.tycho.surefire.testng-5.0.3.jar
[INFO] Downloaded from eclipse-cbi: https://repo.eclipse.org/content/repositories/cbi-maven2/org/eclipse/tycho/org.eclipse.tycho.surefire.junit5.vintage/5.0.3/org.eclipse.tycho.surefire.junit5.vintage-5.0.3.jar (2.8 kB at 74 kB/s)
[INFO] Downloading from eclipse-cbi: https://repo.eclipse.org/content/repositories/cbi-maven2/org/eclipse/tycho/org.eclipse.tycho.surefire.testng.fixup/5.0.3/org.eclipse.tycho.surefire.testng.fixup-5.0.3.jar
[INFO] Downloaded from eclipse-cbi: https://repo.eclipse.org/content/repositories/cbi-maven2/org/eclipse/tycho/org.eclipse.tycho.surefire.junit5.vintage.internal/5.0.3/org.eclipse.tycho.surefire.junit5.vintage.internal-5.0.3.jar (2.9 kB at 71 kB/s)
[INFO] Downloading from eclipse-cbi: https://repo.eclipse.org/content/repositories/cbi-maven2/org/apache/maven/plugins/maven-failsafe-plugin/3.5.5/maven-failsafe-plugin-3.5.5.jar
[INFO] Downloaded from eclipse-cbi: https://repo.eclipse.org/content/repositories/cbi-maven2/org/eclipse/tycho/org.eclipse.tycho.surefire.junit6/5.0.3/org.eclipse.tycho.surefire.junit6-5.0.3.jar (41 kB at 637 kB/s)
[INFO] Downloading from eclipse-cbi: https://repo.eclipse.org/content/repositories/cbi-maven2/org/apache/maven/surefire/surefire-booter/3.5.5/surefire-booter-3.5.5.jar
[INFO] Downloaded from eclipse-cbi: https://repo.eclipse.org/content/repositories/cbi-maven2/org/eclipse/tycho/org.eclipse.tycho.surefire.testng.fixup/5.0.3/org.eclipse.tycho.surefire.testng.fixup-5.0.3.jar (2.1 kB at 29 kB/s)
[INFO] Downloading from eclipse-cbi: https://repo.eclipse.org/content/repositories/cbi-maven2/org/apache/maven/surefire/surefire-extensions-spi/3.5.5/surefire-extensions-spi-3.5.5.jar
[INFO] Downloaded from eclipse-cbi: https://repo.eclipse.org/content/repositories/cbi-maven2/org/eclipse/tycho/org.eclipse.tycho.surefire.testng/5.0.3/org.eclipse.tycho.surefire.testng-5.0.3.jar (87 kB at 1.2 MB/s)
[INFO] Downloading from eclipse-cbi: https://repo.eclipse.org/content/repositories/cbi-maven2/org/apache/maven/surefire/surefire-extensions-api/3.5.5/surefire-extensions-api-3.5.5.jar
[INFO] Downloaded from eclipse-cbi: https://repo.eclipse.org/content/repositories/cbi-maven2/org/eclipse/tycho/org.eclipse.tycho.surefire.junit4/5.0.3/org.eclipse.tycho.surefire.junit4-5.0.3.jar (161 kB at 1.7 MB/s)
[INFO] Downloading from eclipse-cbi: https://repo.eclipse.org/content/repositories/cbi-maven2/org/apache/maven/surefire/surefire-shared-utils/3.5.5/surefire-shared-utils-3.5.5.jar
[INFO] Downloaded from eclipse-cbi: https://repo.eclipse.org/content/repositories/cbi-maven2/org/apache/maven/plugins/maven-failsafe-plugin/3.5.5/maven-failsafe-plugin-3.5.5.jar (58 kB at 576 kB/s)
[INFO] Downloading from eclipse-cbi: https://repo.eclipse.org/content/repositories/cbi-maven2/org/apache/maven/surefire/surefire-api/3.5.5/surefire-api-3.5.5.jar
[INFO] Downloaded from eclipse-cbi: https://repo.eclipse.org/content/repositories/cbi-maven2/org/apache/maven/surefire/surefire-extensions-spi/3.5.5/surefire-extensions-spi-3.5.5.jar (8.2 kB at 75 kB/s)
[INFO] Downloading from eclipse-cbi: https://repo.eclipse.org/content/repositories/cbi-maven2/org/apache/maven/surefire/surefire-logger-api/3.5.5/surefire-logger-api-3.5.5.jar
[INFO] Downloaded from eclipse-cbi: https://repo.eclipse.org/content/repositories/cbi-maven2/org/apache/maven/surefire/surefire-extensions-api/3.5.5/surefire-extensions-api-3.5.5.jar (26 kB at 232 kB/s)
[INFO] Downloading from eclipse-cbi: https://repo.eclipse.org/content/repositories/cbi-maven2/org/apache/maven/surefire/maven-surefire-common/3.5.5/maven-surefire-common-3.5.5.jar
[INFO] Downloaded from eclipse-cbi: https://repo.eclipse.org/content/repositories/cbi-maven2/org/apache/maven/surefire/surefire-booter/3.5.5/surefire-booter-3.5.5.jar (123 kB at 774 kB/s)
[INFO] Downloaded from eclipse-cbi: https://repo.eclipse.org/content/repositories/cbi-maven2/org/apache/maven/surefire/surefire-logger-api/3.5.5/surefire-logger-api-3.5.5.jar (14 kB at 85 kB/s)
[INFO] Downloading from eclipse-cbi: https://repo.eclipse.org/content/repositories/cbi-maven2/org/apache/maven/shared/maven-common-artifact-filters/3.4.0/maven-common-artifact-filters-3.4.0.jar
[INFO] Downloading from eclipse-cbi: https://repo.eclipse.org/content/repositories/cbi-maven2/org/codehaus/plexus/plexus-java/1.5.2/plexus-java-1.5.2.jar
[INFO] Downloaded from eclipse-cbi: https://repo.eclipse.org/content/repositories/cbi-maven2/org/apache/maven/surefire/maven-surefire-common/3.5.5/maven-surefire-common-3.5.5.jar (316 kB at 2.0 MB/s)
[INFO] Downloading from eclipse-cbi: https://repo.eclipse.org/content/repositories/cbi-maven2/org/ow2/asm/asm/9.9.1/asm-9.9.1.jar
[INFO] Downloaded from eclipse-cbi: https://repo.eclipse.org/content/repositories/cbi-maven2/org/apache/maven/surefire/surefire-api/3.5.5/surefire-api-3.5.5.jar (174 kB at 999 kB/s)
[INFO] Downloading from eclipse-cbi: https://repo.eclipse.org/content/repositories/cbi-maven2/com/thoughtworks/qdox/qdox/2.2.0/qdox-2.2.0.jar
[INFO] Downloaded from eclipse-cbi: https://repo.eclipse.org/content/repositories/cbi-maven2/org/codehaus/plexus/plexus-java/1.5.2/plexus-java-1.5.2.jar (57 kB at 283 kB/s)
[INFO] Downloading from eclipse-cbi: https://repo.eclipse.org/content/repositories/cbi-maven2/biz/aQute/bnd/biz.aQute.bnd.maven/7.2.3/biz.aQute.bnd.maven-7.2.3.jar
[INFO] Downloaded from eclipse-cbi: https://repo.eclipse.org/content/repositories/cbi-maven2/org/apache/maven/surefire/surefire-shared-utils/3.5.5/surefire-shared-utils-3.5.5.jar (3.0 MB at 14 MB/s)
[INFO] Downloading from eclipse-cbi: https://repo.eclipse.org/content/repositories/cbi-maven2/org/osgi/org.osgi.dto/1.0.0/org.osgi.dto-1.0.0.jar
[INFO] Downloaded from eclipse-cbi: https://repo.eclipse.org/content/repositories/cbi-maven2/org/apache/maven/shared/maven-common-artifact-filters/3.4.0/maven-common-artifact-filters-3.4.0.jar (58 kB at 272 kB/s)
[INFO] Downloading from eclipse-cbi: https://repo.eclipse.org/content/repositories/cbi-maven2/org/osgi/org.osgi.resource/1.0.0/org.osgi.resource-1.0.0.jar
[INFO] Downloaded from eclipse-cbi: https://repo.eclipse.org/content/repositories/cbi-maven2/org/ow2/asm/asm/9.9.1/asm-9.9.1.jar (126 kB at 549 kB/s)
[INFO] Downloading from eclipse-cbi: https://repo.eclipse.org/content/repositories/cbi-maven2/org/osgi/org.osgi.framework/1.8.0/org.osgi.framework-1.8.0.jar
[INFO] Downloaded from eclipse-cbi: https://repo.eclipse.org/content/repositories/cbi-maven2/com/thoughtworks/qdox/qdox/2.2.0/qdox-2.2.0.jar (353 kB at 1.5 MB/s)
[INFO] Downloading from eclipse-cbi: https://repo.eclipse.org/content/repositories/cbi-maven2/biz/aQute/bnd/biz.aQute.resolve/7.2.3/biz.aQute.resolve-7.2.3.jar
[INFO] Downloaded from eclipse-cbi: https://repo.eclipse.org/content/repositories/cbi-maven2/biz/aQute/bnd/biz.aQute.bnd.maven/7.2.3/biz.aQute.bnd.maven-7.2.3.jar (215 kB at 872 kB/s)
[INFO] Downloading from eclipse-cbi: https://repo.eclipse.org/content/repositories/cbi-maven2/org/osgi/org.osgi.service.log/1.3.0/org.osgi.service.log-1.3.0.jar
[INFO] Downloaded from eclipse-cbi: https://repo.eclipse.org/content/repositories/cbi-maven2/org/osgi/org.osgi.dto/1.0.0/org.osgi.dto-1.0.0.jar (15 kB at 59 kB/s)
[INFO] Downloading from eclipse-cbi: https://repo.eclipse.org/content/repositories/cbi-maven2/org/osgi/org.osgi.service.resolver/1.1.1/org.osgi.service.resolver-1.1.1.jar
[INFO] Downloaded from eclipse-cbi: https://repo.eclipse.org/content/repositories/cbi-maven2/org/osgi/org.osgi.resource/1.0.0/org.osgi.resource-1.0.0.jar (33 kB at 130 kB/s)
[INFO] Downloading from eclipse-cbi: https://repo.eclipse.org/content/repositories/cbi-maven2/org/osgi/org.osgi.service.coordinator/1.0.2/org.osgi.service.coordinator-1.0.2.jar
[INFO] Downloaded from eclipse-cbi: https://repo.eclipse.org/content/repositories/cbi-maven2/org/osgi/org.osgi.service.resolver/1.1.1/org.osgi.service.resolver-1.1.1.jar (23 kB at 79 kB/s)
[INFO] Downloaded from eclipse-cbi: https://repo.eclipse.org/content/repositories/cbi-maven2/org/osgi/org.osgi.service.log/1.3.0/org.osgi.service.log-1.3.0.jar (17 kB at 57 kB/s)
[INFO] Downloaded from eclipse-cbi: https://repo.eclipse.org/content/repositories/cbi-maven2/org/osgi/org.osgi.framework/1.8.0/org.osgi.framework-1.8.0.jar (345 kB at 1.2 MB/s)
[INFO] Downloaded from eclipse-cbi: https://repo.eclipse.org/content/repositories/cbi-maven2/org/osgi/org.osgi.service.coordinator/1.0.2/org.osgi.service.coordinator-1.0.2.jar (41 kB at 132 kB/s)
[INFO] Downloaded from eclipse-cbi: https://repo.eclipse.org/content/repositories/cbi-maven2/biz/aQute/bnd/biz.aQute.resolve/7.2.3/biz.aQute.resolve-7.2.3.jar (691 kB at 2.2 MB/s)
[INFO] Downloading from tycho-snapshots: https://repo.eclipse.org/content/repositories/tycho-maven2-snapshots/org/apache/maven/plugins/maven-install-plugin/3.1.1/maven-install-plugin-3.1.1.pom
[INFO] Downloading from eclipse-snapshots: https://repo.eclipse.org/content/repositories/eclipse-maven2-snapshots/org/apache/maven/plugins/maven-install-plugin/3.1.1/maven-install-plugin-3.1.1.pom
[INFO] Downloading from eclipse-cbi: https://repo.eclipse.org/content/repositories/cbi-maven2/org/apache/maven/plugins/maven-install-plugin/3.1.1/maven-install-plugin-3.1.1.pom
[INFO] Downloaded from eclipse-cbi: https://repo.eclipse.org/content/repositories/cbi-maven2/org/apache/maven/plugins/maven-install-plugin/3.1.1/maven-install-plugin-3.1.1.pom (7.8 kB at 200 kB/s)
[INFO] Downloading from tycho-snapshots: https://repo.eclipse.org/content/repositories/tycho-maven2-snapshots/org/apache/maven/plugins/maven-plugins/39/maven-plugins-39.pom
[INFO] Downloading from eclipse-snapshots: https://repo.eclipse.org/content/repositories/eclipse-maven2-snapshots/org/apache/maven/plugins/maven-plugins/39/maven-plugins-39.pom
[INFO] Downloading from eclipse-cbi: https://repo.eclipse.org/content/repositories/cbi-maven2/org/apache/maven/plugins/maven-plugins/39/maven-plugins-39.pom
[INFO] Downloaded from eclipse-cbi: https://repo.eclipse.org/content/repositories/cbi-maven2/org/apache/maven/plugins/maven-plugins/39/maven-plugins-39.pom (8.1 kB at 126 kB/s)
[INFO] Downloading from tycho-snapshots: https://repo.eclipse.org/content/repositories/tycho-maven2-snapshots/org/apache/maven/maven-parent/39/maven-parent-39.pom
[INFO] Downloading from eclipse-snapshots: https://repo.eclipse.org/content/repositories/eclipse-maven2-snapshots/org/apache/maven/maven-parent/39/maven-parent-39.pom
[INFO] Downloading from eclipse-cbi: https://repo.eclipse.org/content/repositories/cbi-maven2/org/apache/maven/maven-parent/39/maven-parent-39.pom
[INFO] Downloaded from eclipse-cbi: https://repo.eclipse.org/content/repositories/cbi-maven2/org/apache/maven/maven-parent/39/maven-parent-39.pom (48 kB at 979 kB/s)
[INFO] Downloading from tycho-snapshots: https://repo.eclipse.org/content/repositories/tycho-maven2-snapshots/org/apache/apache/29/apache-29.pom
[INFO] Downloading from eclipse-snapshots: https://repo.eclipse.org/content/repositories/eclipse-maven2-snapshots/org/apache/apache/29/apache-29.pom
[INFO] Downloading from eclipse-cbi: https://repo.eclipse.org/content/repositories/cbi-maven2/org/apache/apache/29/apache-29.pom
[INFO] Downloaded from eclipse-cbi: https://repo.eclipse.org/content/repositories/cbi-maven2/org/apache/apache/29/apache-29.pom (21 kB at 450 kB/s)
[INFO] Downloading from tycho-snapshots: https://repo.eclipse.org/content/repositories/tycho-maven2-snapshots/org/apache/maven/plugins/maven-install-plugin/3.1.1/maven-install-plugin-3.1.1.jar
[INFO] Downloading from eclipse-snapshots: https://repo.eclipse.org/content/repositories/eclipse-maven2-snapshots/org/apache/maven/plugins/maven-install-plugin/3.1.1/maven-install-plugin-3.1.1.jar
[INFO] Downloading from eclipse-cbi: https://repo.eclipse.org/content/repositories/cbi-maven2/org/apache/maven/plugins/maven-install-plugin/3.1.1/maven-install-plugin-3.1.1.jar
[INFO] Downloaded from eclipse-cbi: https://repo.eclipse.org/content/repositories/cbi-maven2/org/apache/maven/plugins/maven-install-plugin/3.1.1/maven-install-plugin-3.1.1.jar (31 kB at 170 kB/s)
[INFO] Downloading from tycho-snapshots: https://repo.eclipse.org/content/repositories/tycho-maven2-snapshots/org/eclipse/tycho/tycho-ds-plugin/5.0.3/tycho-ds-plugin-5.0.3.pom
[INFO] Downloading from tycho-snapshots: https://repo.eclipse.org/content/repositories/tycho-maven2-snapshots/org/eclipse/tycho/tycho-bnd-plugin/5.0.3/tycho-bnd-plugin-5.0.3.pom
[INFO] Downloading from eclipse-snapshots: https://repo.eclipse.org/content/repositories/eclipse-maven2-snapshots/org/eclipse/tycho/tycho-bnd-plugin/5.0.3/tycho-bnd-plugin-5.0.3.pom
[INFO] Downloading from eclipse-snapshots: https://repo.eclipse.org/content/repositories/eclipse-maven2-snapshots/org/eclipse/tycho/tycho-ds-plugin/5.0.3/tycho-ds-plugin-5.0.3.pom
[INFO] Downloading from eclipse-cbi: https://repo.eclipse.org/content/repositories/cbi-maven2/org/eclipse/tycho/tycho-ds-plugin/5.0.3/tycho-ds-plugin-5.0.3.pom
[INFO] Downloading from eclipse-cbi: https://repo.eclipse.org/content/repositories/cbi-maven2/org/eclipse/tycho/tycho-bnd-plugin/5.0.3/tycho-bnd-plugin-5.0.3.pom
[INFO] Downloaded from eclipse-cbi: https://repo.eclipse.org/content/repositories/cbi-maven2/org/eclipse/tycho/tycho-bnd-plugin/5.0.3/tycho-bnd-plugin-5.0.3.pom (2.4 kB at 64 kB/s)
[INFO] Downloaded from eclipse-cbi: https://repo.eclipse.org/content/repositories/cbi-maven2/org/eclipse/tycho/tycho-ds-plugin/5.0.3/tycho-ds-plugin-5.0.3.pom (1.9 kB at 49 kB/s)
[INFO] Downloading from tycho-snapshots: https://repo.eclipse.org/content/repositories/tycho-maven2-snapshots/org/eclipse/tycho/tycho-bnd-plugin/5.0.3/tycho-bnd-plugin-5.0.3.jar
[INFO] Downloading from tycho-snapshots: https://repo.eclipse.org/content/repositories/tycho-maven2-snapshots/org/eclipse/tycho/tycho-ds-plugin/5.0.3/tycho-ds-plugin-5.0.3.jar
[INFO] Downloading from eclipse-snapshots: https://repo.eclipse.org/content/repositories/eclipse-maven2-snapshots/org/eclipse/tycho/tycho-bnd-plugin/5.0.3/tycho-bnd-plugin-5.0.3.jar
[INFO] Downloading from eclipse-snapshots: https://repo.eclipse.org/content/repositories/eclipse-maven2-snapshots/org/eclipse/tycho/tycho-ds-plugin/5.0.3/tycho-ds-plugin-5.0.3.jar
[INFO] Downloading from eclipse-cbi: https://repo.eclipse.org/content/repositories/cbi-maven2/org/eclipse/tycho/tycho-bnd-plugin/5.0.3/tycho-bnd-plugin-5.0.3.jar
[INFO] Downloading from eclipse-cbi: https://repo.eclipse.org/content/repositories/cbi-maven2/org/eclipse/tycho/tycho-ds-plugin/5.0.3/tycho-ds-plugin-5.0.3.jar
[INFO] Downloaded from eclipse-cbi: https://repo.eclipse.org/content/repositories/cbi-maven2/org/eclipse/tycho/tycho-bnd-plugin/5.0.3/tycho-bnd-plugin-5.0.3.jar (54 kB at 1.3 MB/s)
[INFO] Downloading from tycho-snapshots: https://repo.eclipse.org/content/repositories/tycho-maven2-snapshots/biz/aQute/bnd/biz.aQute.bnd.embedded-repo/7.2.3/biz.aQute.bnd.embedded-repo-7.2.3.pom
[INFO] Downloaded from eclipse-cbi: https://repo.eclipse.org/content/repositories/cbi-maven2/org/eclipse/tycho/tycho-ds-plugin/5.0.3/tycho-ds-plugin-5.0.3.jar (24 kB at 420 kB/s)
[INFO] Downloading from eclipse-snapshots: https://repo.eclipse.org/content/repositories/eclipse-maven2-snapshots/biz/aQute/bnd/biz.aQute.bnd.embedded-repo/7.2.3/biz.aQute.bnd.embedded-repo-7.2.3.pom
[INFO] Downloading from eclipse-cbi: https://repo.eclipse.org/content/repositories/cbi-maven2/biz/aQute/bnd/biz.aQute.bnd.embedded-repo/7.2.3/biz.aQute.bnd.embedded-repo-7.2.3.pom
[INFO] Downloaded from eclipse-cbi: https://repo.eclipse.org/content/repositories/cbi-maven2/biz/aQute/bnd/biz.aQute.bnd.embedded-repo/7.2.3/biz.aQute.bnd.embedded-repo-7.2.3.pom (3.2 kB at 79 kB/s)
[INFO] Downloading from tycho-snapshots: https://repo.eclipse.org/content/repositories/tycho-maven2-snapshots/biz/aQute/bnd/biz.aQute.bnd.embedded-repo/7.2.3/biz.aQute.bnd.embedded-repo-7.2.3.jar
[INFO] Downloading from eclipse-snapshots: https://repo.eclipse.org/content/repositories/eclipse-maven2-snapshots/biz/aQute/bnd/biz.aQute.bnd.embedded-repo/7.2.3/biz.aQute.bnd.embedded-repo-7.2.3.jar
[INFO] Downloading from eclipse-cbi: https://repo.eclipse.org/content/repositories/cbi-maven2/biz/aQute/bnd/biz.aQute.bnd.embedded-repo/7.2.3/biz.aQute.bnd.embedded-repo-7.2.3.jar
[INFO] Downloaded from eclipse-cbi: https://repo.eclipse.org/content/repositories/cbi-maven2/biz/aQute/bnd/biz.aQute.bnd.embedded-repo/7.2.3/biz.aQute.bnd.embedded-repo-7.2.3.jar (6.2 MB at 35 MB/s)
[INFO] Tycho Version:  5.0.3 (14bb695163b412b2a18258983e535b831db4bf21)
[INFO] Tycho Mode:     extension
[INFO] Tycho Builder:  maven
[INFO] Build Threads:  1
[INFO] Downloading from eclipse-hosted: https://repo.eclipse.org/content/repositories/eclipse/org/eclipse/eclipse-sdk-prereqs/4.41.0-SNAPSHOT/maven-metadata.xml
[INFO] Downloading from local: file:///home/runner/.m2/repository/org/eclipse/eclipse-sdk-prereqs/4.41.0-SNAPSHOT/maven-metadata.xml
[INFO] Downloaded from eclipse-hosted: https://repo.eclipse.org/content/repositories/eclipse/org/eclipse/eclipse-sdk-prereqs/4.41.0-SNAPSHOT/maven-metadata.xml (792 B at 14 kB/s)
[INFO] Downloading from eclipse-hosted: https://repo.eclipse.org/content/repositories/eclipse/org/eclipse/eclipse-sdk-prereqs/4.41.0-SNAPSHOT/eclipse-sdk-prereqs-4.41.0-20260909.115622-202.target
[INFO] Downloaded from eclipse-hosted: https://repo.eclipse.org/content/repositories/eclipse/org/eclipse/eclipse-sdk-prereqs/4.41.0-SNAPSHOT/eclipse-sdk-prereqs-4.41.0-20260909.115622-202.target (33 kB at 774 kB/s)
[INFO] ------------------------------------------------------------------------
[INFO] Reactor Build Order:
[INFO] 
[INFO] eclipse.jdt.debug                                                  [pom]
[INFO] [bundle] JDI Debug Model                                [eclipse-plugin]
[INFO] org.eclipse.jdt.launching                               [eclipse-plugin]
[INFO] org.eclipse.jdt.debug.ui                                [eclipse-plugin]
[INFO] org.eclipse.jdt.debug.tests                        [eclipse-test-plugin]
[INFO] 
[INFO] ----------------< eclipse.jdt.debug:eclipse.jdt.debug >-----------------
[INFO] Building eclipse.jdt.debug 4.41.0-SNAPSHOT                         [1/5]
[INFO]   from pom.xml
[INFO] --------------------------------[ pom ]---------------------------------
[INFO] 
[INFO] --- clean:3.5.0:clean (default-clean) @ eclipse.jdt.debug ---
[INFO] Downloading from tycho-snapshots: https://repo.eclipse.org/content/repositories/tycho-maven2-snapshots/org/codehaus/plexus/plexus-utils/4.0.2/plexus-utils-4.0.2.pom
[INFO] Downloading from eclipse-snapshots: https://repo.eclipse.org/content/repositories/eclipse-maven2-snapshots/org/codehaus/plexus/plexus-utils/4.0.2/plexus-utils-4.0.2.pom
[INFO] Downloading from eclipse-cbi: https://repo.eclipse.org/content/repositories/cbi-maven2/org/codehaus/plexus/plexus-utils/4.0.2/plexus-utils-4.0.2.pom
[INFO] Downloaded from eclipse-cbi: https://repo.eclipse.org/content/repositories/cbi-maven2/org/codehaus/plexus/plexus-utils/4.0.2/plexus-utils-4.0.2.pom (13 kB at 328 kB/s)
[INFO] Downloading from tycho-snapshots: https://repo.eclipse.org/content/repositories/tycho-maven2-snapshots/org/codehaus/plexus/plexus-utils/4.0.2/plexus-utils-4.0.2.jar
[INFO] Downloading from eclipse-snapshots: https://repo.eclipse.org/content/repositories/eclipse-maven2-snapshots/org/codehaus/plexus/plexus-utils/4.0.2/plexus-utils-4.0.2.jar
[INFO] Downloading from eclipse-cbi: https://repo.eclipse.org/content/repositories/cbi-maven2/org/codehaus/plexus/plexus-utils/4.0.2/plexus-utils-4.0.2.jar
[INFO] Downloaded from eclipse-cbi: https://repo.eclipse.org/content/repositories/cbi-maven2/org/codehaus/plexus/plexus-utils/4.0.2/plexus-utils-4.0.2.jar (193 kB at 2.0 MB/s)
[INFO] 
[INFO] --- tycho-apitools:5.0.3:generate (generate) @ eclipse.jdt.debug ---
[INFO] 
[INFO] --- tycho-source:5.0.3:plugin-source (plugin-source) @ eclipse.jdt.debug ---
[INFO] 
[INFO] --- tycho-p2-extras:5.0.3:compare-version-with-baselines (compare-attached-artifacts-with-release) @ eclipse.jdt.debug ---
[INFO] Execution was skipped
[INFO] 
[INFO] ---------------< org.eclipse.jdt:org.eclipse.jdt.debug >----------------
[INFO] Building [bundle] JDI Debug Model 3.26.100-SNAPSHOT                [2/5]
[INFO]   from org.eclipse.jdt.debug/.polyglot.META-INF
[INFO] ---------------------------[ eclipse-plugin ]---------------------------
[INFO] Resolving target definition file:/home/runner/.m2/repository/org/eclipse/eclipse-sdk-prereqs/4.41.0-SNAPSHOT/eclipse-sdk-prereqs-4.41.0-SNAPSHOT.target for environments=[linux/gtk/x86_64, linux/gtk/ppc64le, linux/gtk/riscv64, linux/gtk/aarch64, win32/win32/x86_64, win32/win32/aarch64, macosx/cocoa/x86_64, macosx/cocoa/aarch64], include source mode=honor, referenced repository mode =include, execution environment=StandardEEResolutionHints [executionEnvironment=OSGi profile 'JavaSE-21' { source level: 21, target level: 21}] with Tycho Provisioning Agent (extension>org.eclipse.tycho:tycho-maven-plugin:5.0.3)
[INFO] ### Using TychoRepositoryTransport for remote P2 access ###
[INFO]     Cache location:         /home/runner/.m2/repository/.cache/tycho
[INFO]     Transport mode:         online
[INFO]     Http Transport type:    Java11Client
[INFO]     Update mode:            cache first
[INFO]     Minimum cache duration: 60 minutes
[INFO]       (you can configure this with -Dtycho.p2.transport.min-cache-minutes=<desired minimum cache duration>)
[INFO] Resolving MavenDependencyRoots = [GroupId = com.github.weisj, ArtifactId = jsvg, Version = 2.1.0, ArtifactType = jar, GroupId = com.google.code.gson, ArtifactId = gson, Version = 2.14.0, ArtifactType = jar, GroupId = commons-fileupload, ArtifactId = commons-fileupload, Version = 1.6.0, ArtifactType = jar, GroupId = commons-io, ArtifactId = commons-io, Version = 2.22.0, ArtifactType = jar, GroupId = commons-logging, ArtifactId = commons-logging, Version = 1.4.0, ArtifactType = jar, GroupId = net.java.dev.jna, ArtifactId = jna-platform, Version = 5.19.1, ArtifactType = jar, GroupId = org.apache.aries.spifly, ArtifactId = org.apache.aries.spifly.dynamic.bundle, Version = 1.3.7, ArtifactType = jar, GroupId = org.apache.sshd, ArtifactId = sshd-osgi, Version = 2.19.0, ArtifactType = jar, GroupId = org.bouncycastle, ArtifactId = bcpg-jdk18on, Version = 1.85, ArtifactType = jar, GroupId = org.bouncycastle, ArtifactId = bcprov-jdk18on, Version = 1.85.2, ArtifactType = jar, GroupId = org.bouncycastle, ArtifactId = bcutil-jdk18on, Version = 1.85, ArtifactType = jar, GroupId = org.hamcrest, ArtifactId = hamcrest, Version = 3.0, ArtifactType = jar, GroupId = org.jsoup, ArtifactId = jsoup, Version = 1.23.1, ArtifactType = jar, GroupId = org.ow2.sat4j, ArtifactId = org.ow2.sat4j.core, Version = 2.3.6, ArtifactType = jar, GroupId = org.ow2.sat4j, ArtifactId = org.ow2.sat4j.pb, Version = 2.3.6, ArtifactType = jar, GroupId = org.slf4j, ArtifactId = slf4j-api, Version = 2.0.18, ArtifactType = jar, GroupId = org.slf4j, ArtifactId = slf4j-simple, Version = 2.0.18, ArtifactType = jar, GroupId = org.tukaani, ArtifactId = xz, Version = 1.12, ArtifactType = jar], IncludeDependencyScope = [compile], MissingManifestStrategy = ERROR, IncludeSource = true
[INFO] Downloading from eclipse-hosted: https://repo.eclipse.org/content/repositories/eclipse/com/github/weisj/jsvg/2.1.0/jsvg-2.1.0.pom
[INFO] Downloading from central: https://repo.maven.apache.org/maven2/com/github/weisj/jsvg/2.1.0/jsvg-2.1.0.pom
[INFO] Downloaded from central: https://repo.maven.apache.org/maven2/com/github/weisj/jsvg/2.1.0/jsvg-2.1.0.pom (2.6 kB at 46 kB/s)
[INFO] Downloading from eclipse-hosted: https://repo.eclipse.org/content/repositories/eclipse/com/github/weisj/jsvg/2.1.0/jsvg-2.1.0.jar
[INFO] Downloading from central: https://repo.maven.apache.org/maven2/com/github/weisj/jsvg/2.1.0/jsvg-2.1.0.jar
[INFO] Downloaded from central: https://repo.maven.apache.org/maven2/com/github/weisj/jsvg/2.1.0/jsvg-2.1.0.jar (784 kB at 19 MB/s)
[INFO] Downloading from eclipse-hosted: https://repo.eclipse.org/content/repositories/eclipse/com/github/weisj/jsvg/2.1.0/jsvg-2.1.0-sources.jar
[INFO] Downloading from central: https://repo.maven.apache.org/maven2/com/github/weisj/jsvg/2.1.0/jsvg-2.1.0-sources.jar
[INFO] Downloaded from central: https://repo.maven.apache.org/maven2/com/github/weisj/jsvg/2.1.0/jsvg-2.1.0-sources.jar (607 kB at 16 MB/s)
[INFO] Downloading from eclipse-hosted: https://repo.eclipse.org/content/repositories/eclipse/com/google/code/gson/gson/2.14.0/gson-2.14.0.pom
[INFO] Downloading from central: https://repo.maven.apache.org/maven2/com/google/code/gson/gson/2.14.0/gson-2.14.0.pom
[INFO] Downloaded from central: https://repo.maven.apache.org/maven2/com/google/code/gson/gson/2.14.0/gson-2.14.0.pom (23 kB at 1.0 MB/s)
[INFO] Downloading from eclipse-hosted: https://repo.eclipse.org/content/repositories/eclipse/com/google/code/gson/gson-parent/2.14.0/gson-parent-2.14.0.pom
[INFO] Downloading from central: https://repo.maven.apache.org/maven2/com/google/code/gson/gson-parent/2.14.0/gson-parent-2.14.0.pom
[INFO] Downloaded from central: https://repo.maven.apache.org/maven2/com/google/code/gson/gson-parent/2.14.0/gson-parent-2.14.0.pom (27 kB at 1.0 MB/s)
[INFO] Downloading from eclipse-hosted: https://repo.eclipse.org/content/repositories/eclipse/com/google/code/gson/gson/2.14.0/gson-2.14.0.jar
[INFO] Downloading from central: https://repo.maven.apache.org/maven2/com/google/code/gson/gson/2.14.0/gson-2.14.0.jar
[INFO] Downloaded from central: https://repo.maven.apache.org/maven2/com/google/code/gson/gson/2.14.0/gson-2.14.0.jar (314 kB at 12 MB/s)
[INFO] Downloading from eclipse-hosted: https://repo.eclipse.org/content/repositories/eclipse/com/google/code/gson/gson/2.14.0/gson-2.14.0-sources.jar
[INFO] Downloading from central: https://repo.maven.apache.org/maven2/com/google/code/gson/gson/2.14.0/gson-2.14.0-sources.jar
[INFO] Downloaded from central: https://repo.maven.apache.org/maven2/com/google/code/gson/gson/2.14.0/gson-2.14.0-sources.jar (214 kB at 9.3 MB/s)
[INFO] Downloading from eclipse-hosted: https://repo.eclipse.org/content/repositories/eclipse/commons-fileupload/commons-fileupload/1.6.0/commons-fileupload-1.6.0.pom
[INFO] Downloading from central: https://repo.maven.apache.org/maven2/commons-fileupload/commons-fileupload/1.6.0/commons-fileupload-1.6.0.pom
[INFO] Downloaded from central: https://repo.maven.apache.org/maven2/commons-fileupload/commons-fileupload/1.6.0/commons-fileupload-1.6.0.pom (17 kB at 748 kB/s)
[INFO] Downloading from eclipse-hosted: https://repo.eclipse.org/content/repositories/eclipse/org/apache/commons/commons-parent/84/commons-parent-84.pom
[INFO] Downloading from central: https://repo.maven.apache.org/maven2/org/apache/commons/commons-parent/84/commons-parent-84.pom
[INFO] Downloaded from central: https://repo.maven.apache.org/maven2/org/apache/commons/commons-parent/84/commons-parent-84.pom (78 kB at 3.7 MB/s)
[INFO] Downloading from eclipse-hosted: https://repo.eclipse.org/content/repositories/eclipse/commons-fileupload/commons-fileupload/1.6.0/commons-fileupload-1.6.0.jar
[INFO] Downloading from central: https://repo.maven.apache.org/maven2/commons-fileupload/commons-fileupload/1.6.0/commons-fileupload-1.6.0.jar
[INFO] Downloaded from central: https://repo.maven.apache.org/maven2/commons-fileupload/commons-fileupload/1.6.0/commons-fileupload-1.6.0.jar (77 kB at 4.1 MB/s)
[INFO] Downloading from eclipse-hosted: https://repo.eclipse.org/content/repositories/eclipse/commons-fileupload/commons-fileupload/1.6.0/commons-fileupload-1.6.0-sources.jar
[INFO] Downloading from central: https://repo.maven.apache.org/maven2/commons-fileupload/commons-fileupload/1.6.0/commons-fileupload-1.6.0-sources.jar
[INFO] Downloaded from central: https://repo.maven.apache.org/maven2/commons-fileupload/commons-fileupload/1.6.0/commons-fileupload-1.6.0-sources.jar (91 kB at 4.3 MB/s)
[INFO] Artifact commons-io:commons-io:pom:2.22.0 is present in the local repository, but cached from a remote repository ID that is unavailable in current build context, verifying that is downloadable from [eclipse-hosted (https://repo.eclipse.org/content/repositories/eclipse/, default, releases+snapshots), eclipse (https://download.eclipse.org/eclipse/updates/4.41/R-4.41-202608281142/, p2, disabled), central (https://repo.maven.apache.org/maven2, default, releases)]
[INFO] Artifact commons-io:commons-io:pom:2.22.0 is present in the local repository, but cached from a remote repository ID that is unavailable in current build context, verifying that is downloadable from [eclipse-hosted (https://repo.eclipse.org/content/repositories/eclipse/, default, releases+snapshots), eclipse (https://download.eclipse.org/eclipse/updates/4.41/R-4.41-202608281142/, p2, disabled), central (https://repo.maven.apache.org/maven2, default, releases)]
[INFO] Downloading from eclipse-hosted: https://repo.eclipse.org/content/repositories/eclipse/commons-io/commons-io/2.22.0/commons-io-2.22.0.pom
[INFO] Downloading from central: https://repo.maven.apache.org/maven2/commons-io/commons-io/2.22.0/commons-io-2.22.0.pom
[INFO] Downloaded from central: https://repo.maven.apache.org/maven2/commons-io/commons-io/2.22.0/commons-io-2.22.0.pom (0 B at 0 B/s)
[INFO] Artifact commons-io:commons-io:jar:2.22.0 is present in the local repository, but cached from a remote repository ID that is unavailable in current build context, verifying that is downloadable from [eclipse-hosted (https://repo.eclipse.org/content/repositories/eclipse/, default, releases+snapshots), eclipse (https://download.eclipse.org/eclipse/updates/4.41/R-4.41-202608281142/, p2, disabled), central (https://repo.maven.apache.org/maven2, default, releases)]
[INFO] Artifact commons-io:commons-io:jar:2.22.0 is present in the local repository, but cached from a remote repository ID that is unavailable in current build context, verifying that is downloadable from [eclipse-hosted (https://repo.eclipse.org/content/repositories/eclipse/, default, releases+snapshots), eclipse (https://download.eclipse.org/eclipse/updates/4.41/R-4.41-202608281142/, p2, disabled), central (https://repo.maven.apache.org/maven2, default, releases)]
[INFO] Downloading from eclipse-hosted: https://repo.eclipse.org/content/repositories/eclipse/commons-io/commons-io/2.22.0/commons-io-2.22.0.jar
[INFO] Downloading from central: https://repo.maven.apache.org/maven2/commons-io/commons-io/2.22.0/commons-io-2.22.0.jar
[INFO] Downloaded from central: https://repo.maven.apache.org/maven2/commons-io/commons-io/2.22.0/commons-io-2.22.0.jar (0 B at 0 B/s)
[INFO] Downloading from eclipse-hosted: https://repo.eclipse.org/content/repositories/eclipse/commons-io/commons-io/2.22.0/commons-io-2.22.0-sources.jar
[INFO] Downloading from central: https://repo.maven.apache.org/maven2/commons-io/commons-io/2.22.0/commons-io-2.22.0-sources.jar
[INFO] Downloaded from central: https://repo.maven.apache.org/maven2/commons-io/commons-io/2.22.0/commons-io-2.22.0-sources.jar (610 kB at 28 MB/s)
[INFO] Downloading from eclipse-hosted: https://repo.eclipse.org/content/repositories/eclipse/commons-logging/commons-logging/1.4.0/commons-logging-1.4.0.pom
[INFO] Downloading from central: https://repo.maven.apache.org/maven2/commons-logging/commons-logging/1.4.0/commons-logging-1.4.0.pom
[INFO] Downloaded from central: https://repo.maven.apache.org/maven2/commons-logging/commons-logging/1.4.0/commons-logging-1.4.0.pom (33 kB at 1.3 MB/s)
[INFO] Downloading from eclipse-hosted: https://repo.eclipse.org/content/repositories/eclipse/org/apache/commons/commons-parent/102/commons-parent-102.pom
[INFO] Downloading from central: https://repo.maven.apache.org/maven2/org/apache/commons/commons-parent/102/commons-parent-102.pom
[INFO] Downloaded from central: https://repo.maven.apache.org/maven2/org/apache/commons/commons-parent/102/commons-parent-102.pom (80 kB at 2.2 MB/s)
[INFO] Downloading from eclipse-hosted: https://repo.eclipse.org/content/repositories/eclipse/org/apache/apache/38/apache-38.pom
[INFO] Downloading from central: https://repo.maven.apache.org/maven2/org/apache/apache/38/apache-38.pom
[INFO] Downloaded from central: https://repo.maven.apache.org/maven2/org/apache/apache/38/apache-38.pom (26 kB at 1.1 MB/s)
[INFO] Downloading from eclipse-hosted: https://repo.eclipse.org/content/repositories/eclipse/org/junit/junit-bom/5.14.3/junit-bom-5.14.3.pom
[INFO] Downloading from central: https://repo.maven.apache.org/maven2/org/junit/junit-bom/5.14.3/junit-bom-5.14.3.pom
[INFO] Downloaded from central: https://repo.maven.apache.org/maven2/org/junit/junit-bom/5.14.3/junit-bom-5.14.3.pom (5.7 kB at 298 kB/s)
[INFO] Downloading from eclipse-hosted: https://repo.eclipse.org/content/repositories/eclipse/org/mockito/mockito-bom/4.11.0/mockito-bom-4.11.0.pom
[INFO] Downloading from central: https://repo.maven.apache.org/maven2/org/mockito/mockito-bom/4.11.0/mockito-bom-4.11.0.pom
[INFO] Downloaded from central: https://repo.maven.apache.org/maven2/org/mockito/mockito-bom/4.11.0/mockito-bom-4.11.0.pom (3.2 kB at 150 kB/s)
[INFO] Downloading from eclipse-hosted: https://repo.eclipse.org/content/repositories/eclipse/commons-logging/commons-logging/1.4.0/commons-logging-1.4.0.jar
[INFO] Downloading from central: https://repo.maven.apache.org/maven2/commons-logging/commons-logging/1.4.0/commons-logging-1.4.0.jar
[INFO] Downloaded from central: https://repo.maven.apache.org/maven2/commons-logging/commons-logging/1.4.0/commons-logging-1.4.0.jar (76 kB at 4.2 MB/s)
[INFO] Downloading from eclipse-hosted: https://repo.eclipse.org/content/repositories/eclipse/commons-logging/commons-logging/1.4.0/commons-logging-1.4.0-sources.jar
[INFO] Downloading from central: https://repo.maven.apache.org/maven2/commons-logging/commons-logging/1.4.0/commons-logging-1.4.0-sources.jar
[INFO] Downloaded from central: https://repo.maven.apache.org/maven2/commons-logging/commons-logging/1.4.0/commons-logging-1.4.0-sources.jar (86 kB at 4.3 MB/s)
[INFO] Downloading from eclipse-hosted: https://repo.eclipse.org/content/repositories/eclipse/net/java/dev/jna/jna-platform/5.19.1/jna-platform-5.19.1.pom
[INFO] Downloading from central: https://repo.maven.apache.org/maven2/net/java/dev/jna/jna-platform/5.19.1/jna-platform-5.19.1.pom
[INFO] Downloaded from central: https://repo.maven.apache.org/maven2/net/java/dev/jna/jna-platform/5.19.1/jna-platform-5.19.1.pom (2.3 kB at 102 kB/s)
[INFO] Downloading from eclipse-hosted: https://repo.eclipse.org/content/repositories/eclipse/net/java/dev/jna/jna-platform/5.19.1/jna-platform-5.19.1.jar
[INFO] Downloading from central: https://repo.maven.apache.org/maven2/net/java/dev/jna/jna-platform/5.19.1/jna-platform-5.19.1.jar
[INFO] Downloaded from central: https://repo.maven.apache.org/maven2/net/java/dev/jna/jna-platform/5.19.1/jna-platform-5.19.1.jar (1.4 MB at 49 MB/s)
[INFO] Downloading from eclipse-hosted: https://repo.eclipse.org/content/repositories/eclipse/net/java/dev/jna/jna-platform/5.19.1/jna-platform-5.19.1-sources.jar
[INFO] Downloading from central: https://repo.maven.apache.org/maven2/net/java/dev/jna/jna-platform/5.19.1/jna-platform-5.19.1-sources.jar
[INFO] Downloaded from central: https://repo.maven.apache.org/maven2/net/java/dev/jna/jna-platform/5.19.1/jna-platform-5.19.1-sources.jar (1.1 MB at 44 MB/s)
[INFO] Downloading from eclipse-hosted: https://repo.eclipse.org/content/repositories/eclipse/org/apache/aries/spifly/org.apache.aries.spifly.dynamic.bundle/1.3.7/org.apache.aries.spifly.dynamic.bundle-1.3.7.pom
[INFO] Downloading from central: https://repo.maven.apache.org/maven2/org/apache/aries/spifly/org.apache.aries.spifly.dynamic.bundle/1.3.7/org.apache.aries.spifly.dynamic.bundle-1.3.7.pom
[INFO] Downloaded from central: https://repo.maven.apache.org/maven2/org/apache/aries/spifly/org.apache.aries.spifly.dynamic.bundle/1.3.7/org.apache.aries.spifly.dynamic.bundle-1.3.7.pom (4.8 kB at 178 kB/s)
[INFO] Downloading from eclipse-hosted: https://repo.eclipse.org/content/repositories/eclipse/org/apache/aries/spifly/org.apache.aries.spifly.dynamic.bundle/1.3.7/org.apache.aries.spifly.dynamic.bundle-1.3.7.jar
[INFO] Downloading from central: https://repo.maven.apache.org/maven2/org/apache/aries/spifly/org.apache.aries.spifly.dynamic.bundle/1.3.7/org.apache.aries.spifly.dynamic.bundle-1.3.7.jar
[INFO] Downloaded from central: https://repo.maven.apache.org/maven2/org/apache/aries/spifly/org.apache.aries.spifly.dynamic.bundle/1.3.7/org.apache.aries.spifly.dynamic.bundle-1.3.7.jar (154 kB at 5.7 MB/s)
[INFO] Downloading from eclipse-hosted: https://repo.eclipse.org/content/repositories/eclipse/org/apache/aries/spifly/org.apache.aries.spifly.dynamic.bundle/1.3.7/org.apache.aries.spifly.dynamic.bundle-1.3.7-sources.jar
[INFO] Downloading from central: https://repo.maven.apache.org/maven2/org/apache/aries/spifly/org.apache.aries.spifly.dynamic.bundle/1.3.7/org.apache.aries.spifly.dynamic.bundle-1.3.7-sources.jar
[INFO] Downloaded from central: https://repo.maven.apache.org/maven2/org/apache/aries/spifly/org.apache.aries.spifly.dynamic.bundle/1.3.7/org.apache.aries.spifly.dynamic.bundle-1.3.7-sources.jar (114 kB at 3.8 MB/s)
[INFO] Downloading from eclipse-hosted: https://repo.eclipse.org/content/repositories/eclipse/org/apache/sshd/sshd-osgi/2.19.0/sshd-osgi-2.19.0.pom
[INFO] Downloading from central: https://repo.maven.apache.org/maven2/org/apache/sshd/sshd-osgi/2.19.0/sshd-osgi-2.19.0.pom
[INFO] Downloaded from central: https://repo.maven.apache.org/maven2/org/apache/sshd/sshd-osgi/2.19.0/sshd-osgi-2.19.0.pom (9.3 kB at 274 kB/s)
[INFO] Downloading from eclipse-hosted: https://repo.eclipse.org/content/repositories/eclipse/org/apache/sshd/sshd/2.19.0/sshd-2.19.0.pom
[INFO] Downloading from central: https://repo.maven.apache.org/maven2/org/apache/sshd/sshd/2.19.0/sshd-2.19.0.pom
[INFO] Downloaded from central: https://repo.maven.apache.org/maven2/org/apache/sshd/sshd/2.19.0/sshd-2.19.0.pom (65 kB at 2.2 MB/s)
[INFO] Downloading from eclipse-hosted: https://repo.eclipse.org/content/repositories/eclipse/org/springframework/spring-framework-bom/5.3.39/spring-framework-bom-5.3.39.pom
[INFO] Downloading from central: https://repo.maven.apache.org/maven2/org/springframework/spring-framework-bom/5.3.39/spring-framework-bom-5.3.39.pom
[INFO] Downloaded from central: https://repo.maven.apache.org/maven2/org/springframework/spring-framework-bom/5.3.39/spring-framework-bom-5.3.39.pom (5.7 kB at 257 kB/s)
[INFO] Downloading from eclipse-hosted: https://repo.eclipse.org/content/repositories/eclipse/org/apache/sshd/sshd-osgi/2.19.0/sshd-osgi-2.19.0.jar
[INFO] Downloading from central: https://repo.maven.apache.org/maven2/org/apache/sshd/sshd-osgi/2.19.0/sshd-osgi-2.19.0.jar
[INFO] Downloaded from central: https://repo.maven.apache.org/maven2/org/apache/sshd/sshd-osgi/2.19.0/sshd-osgi-2.19.0.jar (1.9 MB at 60 MB/s)
[INFO] Downloading from eclipse-hosted: https://repo.eclipse.org/content/repositories/eclipse/org/apache/sshd/sshd-osgi/2.19.0/sshd-osgi-2.19.0-sources.jar
[INFO] Downloading from central: https://repo.maven.apache.org/maven2/org/apache/sshd/sshd-osgi/2.19.0/sshd-osgi-2.19.0-sources.jar
[INFO] Downloaded from central: https://repo.maven.apache.org/maven2/org/apache/sshd/sshd-osgi/2.19.0/sshd-osgi-2.19.0-sources.jar (1.4 MB at 41 MB/s)
[INFO] Downloading from eclipse-hosted: https://repo.eclipse.org/content/repositories/eclipse/org/bouncycastle/bcpg-jdk18on/1.85/bcpg-jdk18on-1.85.pom
[INFO] Downloading from central: https://repo.maven.apache.org/maven2/org/bouncycastle/bcpg-jdk18on/1.85/bcpg-jdk18on-1.85.pom
[INFO] Downloaded from central: https://repo.maven.apache.org/maven2/org/bouncycastle/bcpg-jdk18on/1.85/bcpg-jdk18on-1.85.pom (1.8 kB at 70 kB/s)
[INFO] Downloading from eclipse-hosted: https://repo.eclipse.org/content/repositories/eclipse/org/bouncycastle/bcpg-jdk18on/1.85/bcpg-jdk18on-1.85.jar
[INFO] Downloading from central: https://repo.maven.apache.org/maven2/org/bouncycastle/bcpg-jdk18on/1.85/bcpg-jdk18on-1.85.jar
[INFO] Downloaded from central: https://repo.maven.apache.org/maven2/org/bouncycastle/bcpg-jdk18on/1.85/bcpg-jdk18on-1.85.jar (716 kB at 33 MB/s)
[INFO] Downloading from eclipse-hosted: https://repo.eclipse.org/content/repositories/eclipse/org/bouncycastle/bcpg-jdk18on/1.85/bcpg-jdk18on-1.85-sources.jar
[INFO] Downloading from central: https://repo.maven.apache.org/maven2/org/bouncycastle/bcpg-jdk18on/1.85/bcpg-jdk18on-1.85-sources.jar
[INFO] Downloaded from central: https://repo.maven.apache.org/maven2/org/bouncycastle/bcpg-jdk18on/1.85/bcpg-jdk18on-1.85-sources.jar (514 kB at 27 MB/s)
[INFO] Downloading from eclipse-hosted: https://repo.eclipse.org/content/repositories/eclipse/org/bouncycastle/bcprov-jdk18on/1.85.2/bcprov-jdk18on-1.85.2.pom
[INFO] Downloading from central: https://repo.maven.apache.org/maven2/org/bouncycastle/bcprov-jdk18on/1.85.2/bcprov-jdk18on-1.85.2.pom
[INFO] Downloaded from central: https://repo.maven.apache.org/maven2/org/bouncycastle/bcprov-jdk18on/1.85.2/bcprov-jdk18on-1.85.2.pom (1.2 kB at 58 kB/s)
[INFO] Downloading from eclipse-hosted: https://repo.eclipse.org/content/repositories/eclipse/org/bouncycastle/bcprov-jdk18on/1.85.2/bcprov-jdk18on-1.85.2.jar
[INFO] Downloading from central: https://repo.maven.apache.org/maven2/org/bouncycastle/bcprov-jdk18on/1.85.2/bcprov-jdk18on-1.85.2.jar
[INFO] Downloaded from central: https://repo.maven.apache.org/maven2/org/bouncycastle/bcprov-jdk18on/1.85.2/bcprov-jdk18on-1.85.2.jar (10 MB at 139 MB/s)
[INFO] Downloading from eclipse-hosted: https://repo.eclipse.org/content/repositories/eclipse/org/bouncycastle/bcprov-jdk18on/1.85.2/bcprov-jdk18on-1.85.2-sources.jar
[INFO] Downloading from central: https://repo.maven.apache.org/maven2/org/bouncycastle/bcprov-jdk18on/1.85.2/bcprov-jdk18on-1.85.2-sources.jar
[INFO] Downloaded from central: https://repo.maven.apache.org/maven2/org/bouncycastle/bcprov-jdk18on/1.85.2/bcprov-jdk18on-1.85.2-sources.jar (5.9 MB at 76 MB/s)
[INFO] Downloading from eclipse-hosted: https://repo.eclipse.org/content/repositories/eclipse/org/bouncycastle/bcutil-jdk18on/1.85/bcutil-jdk18on-1.85.pom
[INFO] Downloading from central: https://repo.maven.apache.org/maven2/org/bouncycastle/bcutil-jdk18on/1.85/bcutil-jdk18on-1.85.pom
[INFO] Downloaded from central: https://repo.maven.apache.org/maven2/org/bouncycastle/bcutil-jdk18on/1.85/bcutil-jdk18on-1.85.pom (1.3 kB at 64 kB/s)
[INFO] Downloading from eclipse-hosted: https://repo.eclipse.org/content/repositories/eclipse/org/bouncycastle/bcutil-jdk18on/1.85/bcutil-jdk18on-1.85.jar
[INFO] Downloading from central: https://repo.maven.apache.org/maven2/org/bouncycastle/bcutil-jdk18on/1.85/bcutil-jdk18on-1.85.jar
[INFO] Downloaded from central: https://repo.maven.apache.org/maven2/org/bouncycastle/bcutil-jdk18on/1.85/bcutil-jdk18on-1.85.jar (719 kB at 28 MB/s)
[INFO] Downloading from eclipse-hosted: https://repo.eclipse.org/content/repositories/eclipse/org/bouncycastle/bcutil-jdk18on/1.85/bcutil-jdk18on-1.85-sources.jar
[INFO] Downloading from central: https://repo.maven.apache.org/maven2/org/bouncycastle/bcutil-jdk18on/1.85/bcutil-jdk18on-1.85-sources.jar
[INFO] Downloaded from central: https://repo.maven.apache.org/maven2/org/bouncycastle/bcutil-jdk18on/1.85/bcutil-jdk18on-1.85-sources.jar (535 kB at 21 MB/s)
[INFO] Downloading from eclipse-hosted: https://repo.eclipse.org/content/repositories/eclipse/org/hamcrest/hamcrest/3.0/hamcrest-3.0.pom
[INFO] Downloading from central: https://repo.maven.apache.org/maven2/org/hamcrest/hamcrest/3.0/hamcrest-3.0.pom
[INFO] Downloaded from central: https://repo.maven.apache.org/maven2/org/hamcrest/hamcrest/3.0/hamcrest-3.0.pom (1.6 kB at 62 kB/s)
[INFO] Downloading from eclipse-hosted: https://repo.eclipse.org/content/repositories/eclipse/org/hamcrest/hamcrest/3.0/hamcrest-3.0.jar
[INFO] Downloading from central: https://repo.maven.apache.org/maven2/org/hamcrest/hamcrest/3.0/hamcrest-3.0.jar
[INFO] Downloaded from central: https://repo.maven.apache.org/maven2/org/hamcrest/hamcrest/3.0/hamcrest-3.0.jar (126 kB at 5.7 MB/s)
[INFO] Downloading from eclipse-hosted: https://repo.eclipse.org/content/repositories/eclipse/org/hamcrest/hamcrest/3.0/hamcrest-3.0-sources.jar
[INFO] Downloading from central: https://repo.maven.apache.org/maven2/org/hamcrest/hamcrest/3.0/hamcrest-3.0-sources.jar
[INFO] Downloaded from central: https://repo.maven.apache.org/maven2/org/hamcrest/hamcrest/3.0/hamcrest-3.0-sources.jar (85 kB at 4.5 MB/s)
[INFO] Downloading from eclipse-hosted: https://repo.eclipse.org/content/repositories/eclipse/org/jsoup/jsoup/1.23.1/jsoup-1.23.1.pom
[INFO] Downloading from central: https://repo.maven.apache.org/maven2/org/jsoup/jsoup/1.23.1/jsoup-1.23.1.pom
[INFO] Downloaded from central: https://repo.maven.apache.org/maven2/org/jsoup/jsoup/1.23.1/jsoup-1.23.1.pom (24 kB at 733 kB/s)
[INFO] Downloading from eclipse-hosted: https://repo.eclipse.org/content/repositories/eclipse/io/netty/netty-bom/4.2.16.Final/netty-bom-4.2.16.Final.pom
[INFO] Downloading from central: https://repo.maven.apache.org/maven2/io/netty/netty-bom/4.2.16.Final/netty-bom-4.2.16.Final.pom
[INFO] Downloaded from central: https://repo.maven.apache.org/maven2/io/netty/netty-bom/4.2.16.Final/netty-bom-4.2.16.Final.pom (19 kB at 505 kB/s)
[INFO] Downloading from eclipse-hosted: https://repo.eclipse.org/content/repositories/eclipse/org/sonatype/oss/oss-parent/7/oss-parent-7.pom
[INFO] Downloading from central: https://repo.maven.apache.org/maven2/org/sonatype/oss/oss-parent/7/oss-parent-7.pom
[INFO] Downloaded from central: https://repo.maven.apache.org/maven2/org/sonatype/oss/oss-parent/7/oss-parent-7.pom (4.8 kB at 210 kB/s)
[INFO] Downloading from eclipse-hosted: https://repo.eclipse.org/content/repositories/eclipse/org/jsoup/jsoup/1.23.1/jsoup-1.23.1.jar
[INFO] Downloading from central: https://repo.maven.apache.org/maven2/org/jsoup/jsoup/1.23.1/jsoup-1.23.1.jar
[INFO] Downloaded from central: https://repo.maven.apache.org/maven2/org/jsoup/jsoup/1.23.1/jsoup-1.23.1.jar (530 kB at 21 MB/s)
[INFO] Downloading from eclipse-hosted: https://repo.eclipse.org/content/repositories/eclipse/org/jsoup/jsoup/1.23.1/jsoup-1.23.1-sources.jar
[INFO] Downloading from central: https://repo.maven.apache.org/maven2/org/jsoup/jsoup/1.23.1/jsoup-1.23.1-sources.jar
[INFO] Downloaded from central: https://repo.maven.apache.org/maven2/org/jsoup/jsoup/1.23.1/jsoup-1.23.1-sources.jar (281 kB at 11 MB/s)
[INFO] Downloading from eclipse-hosted: https://repo.eclipse.org/content/repositories/eclipse/org/ow2/sat4j/org.ow2.sat4j.core/2.3.6/org.ow2.sat4j.core-2.3.6-sources.jar
[INFO] Downloading from central: https://repo.maven.apache.org/maven2/org/ow2/sat4j/org.ow2.sat4j.core/2.3.6/org.ow2.sat4j.core-2.3.6-sources.jar
[INFO] Downloaded from central: https://repo.maven.apache.org/maven2/org/ow2/sat4j/org.ow2.sat4j.core/2.3.6/org.ow2.sat4j.core-2.3.6-sources.jar (460 kB at 14 MB/s)
[INFO] Downloading from eclipse-hosted: https://repo.eclipse.org/content/repositories/eclipse/org/ow2/sat4j/org.ow2.sat4j.pb/2.3.6/org.ow2.sat4j.pb-2.3.6-sources.jar
[INFO] Downloading from central: https://repo.maven.apache.org/maven2/org/ow2/sat4j/org.ow2.sat4j.pb/2.3.6/org.ow2.sat4j.pb-2.3.6-sources.jar
[INFO] Downloaded from central: https://repo.maven.apache.org/maven2/org/ow2/sat4j/org.ow2.sat4j.pb/2.3.6/org.ow2.sat4j.pb-2.3.6-sources.jar (352 kB at 13 MB/s)
[INFO] Artifact org.slf4j:slf4j-api:pom:2.0.18 is present in the local repository, but cached from a remote repository ID that is unavailable in current build context, verifying that is downloadable from [eclipse-hosted (https://repo.eclipse.org/content/repositories/eclipse/, default, releases+snapshots), eclipse (https://download.eclipse.org/eclipse/updates/4.41/R-4.41-202608281142/, p2, disabled), central (https://repo.maven.apache.org/maven2, default, releases)]
[INFO] Artifact org.slf4j:slf4j-api:pom:2.0.18 is present in the local repository, but cached from a remote repository ID that is unavailable in current build context, verifying that is downloadable from [eclipse-hosted (https://repo.eclipse.org/content/repositories/eclipse/, default, releases+snapshots), eclipse (https://download.eclipse.org/eclipse/updates/4.41/R-4.41-202608281142/, p2, disabled), central (https://repo.maven.apache.org/maven2, default, releases)]
[INFO] Downloading from eclipse-hosted: https://repo.eclipse.org/content/repositories/eclipse/org/slf4j/slf4j-api/2.0.18/slf4j-api-2.0.18.pom
[INFO] Downloading from central: https://repo.maven.apache.org/maven2/org/slf4j/slf4j-api/2.0.18/slf4j-api-2.0.18.pom
[INFO] Downloaded from central: https://repo.maven.apache.org/maven2/org/slf4j/slf4j-api/2.0.18/slf4j-api-2.0.18.pom (0 B at 0 B/s)
[INFO] Artifact org.slf4j:slf4j-api:jar:2.0.18 is present in the local repository, but cached from a remote repository ID that is unavailable in current build context, verifying that is downloadable from [eclipse-hosted (https://repo.eclipse.org/content/repositories/eclipse/, default, releases+snapshots), eclipse (https://download.eclipse.org/eclipse/updates/4.41/R-4.41-202608281142/, p2, disabled), central (https://repo.maven.apache.org/maven2, default, releases)]
[INFO] Artifact org.slf4j:slf4j-api:jar:2.0.18 is present in the local repository, but cached from a remote repository ID that is unavailable in current build context, verifying that is downloadable from [eclipse-hosted (https://repo.eclipse.org/content/repositories/eclipse/, default, releases+snapshots), eclipse (https://download.eclipse.org/eclipse/updates/4.41/R-4.41-202608281142/, p2, disabled), central (https://repo.maven.apache.org/maven2, default, releases)]
[INFO] Downloading from eclipse-hosted: https://repo.eclipse.org/content/repositories/eclipse/org/slf4j/slf4j-api/2.0.18/slf4j-api-2.0.18.jar
[INFO] Downloading from central: https://repo.maven.apache.org/maven2/org/slf4j/slf4j-api/2.0.18/slf4j-api-2.0.18.jar
[INFO] Downloaded from central: https://repo.maven.apache.org/maven2/org/slf4j/slf4j-api/2.0.18/slf4j-api-2.0.18.jar (0 B at 0 B/s)
[INFO] Downloading from eclipse-hosted: https://repo.eclipse.org/content/repositories/eclipse/org/slf4j/slf4j-api/2.0.18/slf4j-api-2.0.18-sources.jar
[INFO] Downloading from central: https://repo.maven.apache.org/maven2/org/slf4j/slf4j-api/2.0.18/slf4j-api-2.0.18-sources.jar
[INFO] Downloaded from central: https://repo.maven.apache.org/maven2/org/slf4j/slf4j-api/2.0.18/slf4j-api-2.0.18-sources.jar (77 kB at 3.7 MB/s)
[INFO] Downloading from eclipse-hosted: https://repo.eclipse.org/content/repositories/eclipse/org/slf4j/slf4j-simple/2.0.18/slf4j-simple-2.0.18.pom
[INFO] Downloading from central: https://repo.maven.apache.org/maven2/org/slf4j/slf4j-simple/2.0.18/slf4j-simple-2.0.18.pom
[INFO] Downloaded from central: https://repo.maven.apache.org/maven2/org/slf4j/slf4j-simple/2.0.18/slf4j-simple-2.0.18.pom (1.3 kB at 60 kB/s)
[INFO] Downloading from eclipse-hosted: https://repo.eclipse.org/content/repositories/eclipse/org/slf4j/slf4j-simple/2.0.18/slf4j-simple-2.0.18.jar
[INFO] Downloading from central: https://repo.maven.apache.org/maven2/org/slf4j/slf4j-simple/2.0.18/slf4j-simple-2.0.18.jar
[INFO] Downloaded from central: https://repo.maven.apache.org/maven2/org/slf4j/slf4j-simple/2.0.18/slf4j-simple-2.0.18.jar (16 kB at 561 kB/s)
[INFO] Downloading from eclipse-hosted: https://repo.eclipse.org/content/repositories/eclipse/org/slf4j/slf4j-simple/2.0.18/slf4j-simple-2.0.18-sources.jar
[INFO] Downloading from central: https://repo.maven.apache.org/maven2/org/slf4j/slf4j-simple/2.0.18/slf4j-simple-2.0.18-sources.jar
[INFO] Downloaded from central: https://repo.maven.apache.org/maven2/org/slf4j/slf4j-simple/2.0.18/slf4j-simple-2.0.18-sources.jar (13 kB at 491 kB/s)
[INFO] Downloading from eclipse-hosted: https://repo.eclipse.org/content/repositories/eclipse/org/tukaani/xz/1.12/xz-1.12.pom
[INFO] Downloading from central: https://repo.maven.apache.org/maven2/org/tukaani/xz/1.12/xz-1.12.pom
[INFO] Downloaded from central: https://repo.maven.apache.org/maven2/org/tukaani/xz/1.12/xz-1.12.pom (1.9 kB at 77 kB/s)
[INFO] Downloading from eclipse-hosted: https://repo.eclipse.org/content/repositories/eclipse/org/tukaani/xz/1.12/xz-1.12.jar
[INFO] Downloading from central: https://repo.maven.apache.org/maven2/org/tukaani/xz/1.12/xz-1.12.jar
[INFO] Downloaded from central: https://repo.maven.apache.org/maven2/org/tukaani/xz/1.12/xz-1.12.jar (169 kB at 7.7 MB/s)
[INFO] Downloading from eclipse-hosted: https://repo.eclipse.org/content/repositories/eclipse/org/tukaani/xz/1.12/xz-1.12-sources.jar
[INFO] Downloading from central: https://repo.maven.apache.org/maven2/org/tukaani/xz/1.12/xz-1.12-sources.jar
[INFO] Downloaded from central: https://repo.maven.apache.org/maven2/org/tukaani/xz/1.12/xz-1.12-sources.jar (157 kB at 7.5 MB/s)
[INFO] Resolving MavenDependencyRoots = [GroupId = jakarta.el, ArtifactId = jakarta.el-api, Version = 3.0.3, ArtifactType = jar, GroupId = jakarta.servlet, ArtifactId = jakarta.servlet-api, Version = 4.0.4, ArtifactType = jar, GroupId = javax.servlet.jsp, ArtifactId = javax.servlet.jsp-api, Version = 2.3.3, ArtifactType = jar, GroupId = org.eclipse.jetty.ee8, ArtifactId = jetty-ee8-apache-jsp, Version = 12.1.12, ArtifactType = jar, GroupId = org.eclipse.jetty.ee8, ArtifactId = jetty-ee8-nested, Version = 12.1.12, ArtifactType = jar, GroupId = org.eclipse.jetty.ee8, ArtifactId = jetty-ee8-security, Version = 12.1.12, ArtifactType = jar, GroupId = org.eclipse.jetty.ee8, ArtifactId = jetty-ee8-servlet, Version = 12.1.12, ArtifactType = jar, GroupId = org.eclipse.jetty.toolchain, ArtifactId = jetty-servlet-api, Version = 4.0.9, ArtifactType = jar, GroupId = org.eclipse.jetty, ArtifactId = jetty-http, Version = 12.1.12, ArtifactType = jar, GroupId = org.eclipse.jetty, ArtifactId = jetty-io, Version = 12.1.12, ArtifactType = jar, GroupId = org.eclipse.jetty, ArtifactId = jetty-security, Version = 12.1.12, ArtifactType = jar, GroupId = org.eclipse.jetty, ArtifactId = jetty-server, Version = 12.1.12, ArtifactType = jar, GroupId = org.eclipse.jetty, ArtifactId = jetty-session, Version = 12.1.12, ArtifactType = jar, GroupId = org.eclipse.jetty, ArtifactId = jetty-util-ajax, Version = 12.1.12, ArtifactType = jar, GroupId = org.eclipse.jetty, ArtifactId = jetty-util, Version = 12.1.12, ArtifactType = jar, GroupId = org.glassfish, ArtifactId = jakarta.el, Version = 3.0.4, ArtifactType = jar, GroupId = org.mortbay.jasper, ArtifactId = mortbay-apache-el, Version = 9.0.119, ArtifactType = jar, GroupId = org.mortbay.jasper, ArtifactId = mortbay-apache-jsp, Version = 9.0.119, ArtifactType = jar], IncludeDependencyScope = [compile], MissingManifestStrategy = ERROR, IncludeSource = true
[INFO] Downloading from eclipse-hosted: https://repo.eclipse.org/content/repositories/eclipse/jakarta/el/jakarta.el-api/3.0.3/jakarta.el-api-3.0.3.pom
[INFO] Downloading from central: https://repo.maven.apache.org/maven2/jakarta/el/jakarta.el-api/3.0.3/jakarta.el-api-3.0.3.pom
[INFO] Downloaded from central: https://repo.maven.apache.org/maven2/jakarta/el/jakarta.el-api/3.0.3/jakarta.el-api-3.0.3.pom (12 kB at 391 kB/s)
[INFO] Downloading from eclipse-hosted: https://repo.eclipse.org/content/repositories/eclipse/org/eclipse/ee4j/project/1.0.5/project-1.0.5.pom
[INFO] Downloading from central: https://repo.maven.apache.org/maven2/org/eclipse/ee4j/project/1.0.5/project-1.0.5.pom
[INFO] Downloaded from central: https://repo.maven.apache.org/maven2/org/eclipse/ee4j/project/1.0.5/project-1.0.5.pom (13 kB at 527 kB/s)
[INFO] Downloading from eclipse-hosted: https://repo.eclipse.org/content/repositories/eclipse/jakarta/el/jakarta.el-api/3.0.3/jakarta.el-api-3.0.3.jar
[INFO] Downloading from central: https://repo.maven.apache.org/maven2/jakarta/el/jakarta.el-api/3.0.3/jakarta.el-api-3.0.3.jar
[INFO] Downloaded from central: https://repo.maven.apache.org/maven2/jakarta/el/jakarta.el-api/3.0.3/jakarta.el-api-3.0.3.jar (80 kB at 3.5 MB/s)
[INFO] Downloading from eclipse-hosted: https://repo.eclipse.org/content/repositories/eclipse/jakarta/el/jakarta.el-api/3.0.3/jakarta.el-api-3.0.3-sources.jar
[INFO] Downloading from central: https://repo.maven.apache.org/maven2/jakarta/el/jakarta.el-api/3.0.3/jakarta.el-api-3.0.3-sources.jar
[INFO] Downloaded from central: https://repo.maven.apache.org/maven2/jakarta/el/jakarta.el-api/3.0.3/jakarta.el-api-3.0.3-sources.jar (104 kB at 1.7 MB/s)
[INFO] Downloading from eclipse-hosted: https://repo.eclipse.org/content/repositories/eclipse/jakarta/servlet/jakarta.servlet-api/4.0.4/jakarta.servlet-api-4.0.4.pom
[INFO] Downloading from central: https://repo.maven.apache.org/maven2/jakarta/servlet/jakarta.servlet-api/4.0.4/jakarta.servlet-api-4.0.4.pom
[INFO] Downloaded from central: https://repo.maven.apache.org/maven2/jakarta/servlet/jakarta.servlet-api/4.0.4/jakarta.servlet-api-4.0.4.pom (17 kB at 684 kB/s)
[INFO] Downloading from eclipse-hosted: https://repo.eclipse.org/content/repositories/eclipse/jakarta/servlet/jakarta.servlet-api/4.0.4/jakarta.servlet-api-4.0.4.jar
[INFO] Downloading from central: https://repo.maven.apache.org/maven2/jakarta/servlet/jakarta.servlet-api/4.0.4/jakarta.servlet-api-4.0.4.jar
[INFO] Downloaded from central: https://repo.maven.apache.org/maven2/jakarta/servlet/jakarta.servlet-api/4.0.4/jakarta.servlet-api-4.0.4.jar (83 kB at 3.3 MB/s)
[INFO] Downloading from eclipse-hosted: https://repo.eclipse.org/content/repositories/eclipse/jakarta/servlet/jakarta.servlet-api/4.0.4/jakarta.servlet-api-4.0.4-sources.jar
[INFO] Downloading from central: https://repo.maven.apache.org/maven2/jakarta/servlet/jakarta.servlet-api/4.0.4/jakarta.servlet-api-4.0.4-sources.jar
[INFO] Downloaded from central: https://repo.maven.apache.org/maven2/jakarta/servlet/jakarta.servlet-api/4.0.4/jakarta.servlet-api-4.0.4-sources.jar (167 kB at 7.0 MB/s)
[INFO] Downloading from eclipse-hosted: https://repo.eclipse.org/content/repositories/eclipse/javax/servlet/jsp/javax.servlet.jsp-api/2.3.3/javax.servlet.jsp-api-2.3.3.pom
[INFO] Downloading from central: https://repo.maven.apache.org/maven2/javax/servlet/jsp/javax.servlet.jsp-api/2.3.3/javax.servlet.jsp-api-2.3.3.pom
[INFO] Downloaded from central: https://repo.maven.apache.org/maven2/javax/servlet/jsp/javax.servlet.jsp-api/2.3.3/javax.servlet.jsp-api-2.3.3.pom (13 kB at 595 kB/s)
[INFO] Downloading from eclipse-hosted: https://repo.eclipse.org/content/repositories/eclipse/net/java/jvnet-parent/5/jvnet-parent-5.pom
[INFO] Downloading from central: https://repo.maven.apache.org/maven2/net/java/jvnet-parent/5/jvnet-parent-5.pom
[INFO] Downloaded from central: https://repo.maven.apache.org/maven2/net/java/jvnet-parent/5/jvnet-parent-5.pom (8.9 kB at 422 kB/s)
[INFO] Downloading from eclipse-hosted: https://repo.eclipse.org/content/repositories/eclipse/javax/servlet/jsp/javax.servlet.jsp-api/2.3.3/javax.servlet.jsp-api-2.3.3.jar
[INFO] Downloading from central: https://repo.maven.apache.org/maven2/javax/servlet/jsp/javax.servlet.jsp-api/2.3.3/javax.servlet.jsp-api-2.3.3.jar
[INFO] Downloaded from central: https://repo.maven.apache.org/maven2/javax/servlet/jsp/javax.servlet.jsp-api/2.3.3/javax.servlet.jsp-api-2.3.3.jar (54 kB at 2.4 MB/s)
[INFO] Downloading from eclipse-hosted: https://repo.eclipse.org/content/repositories/eclipse/javax/servlet/jsp/javax.servlet.jsp-api/2.3.3/javax.servlet.jsp-api-2.3.3-sources.jar
[INFO] Downloading from central: https://repo.maven.apache.org/maven2/javax/servlet/jsp/javax.servlet.jsp-api/2.3.3/javax.servlet.jsp-api-2.3.3-sources.jar
[INFO] Downloaded from central: https://repo.maven.apache.org/maven2/javax/servlet/jsp/javax.servlet.jsp-api/2.3.3/javax.servlet.jsp-api-2.3.3-sources.jar (165 kB at 8.3 MB/s)
[INFO] Downloading from eclipse-hosted: https://repo.eclipse.org/content/repositories/eclipse/org/eclipse/jetty/ee8/jetty-ee8-apache-jsp/12.1.12/jetty-ee8-apache-jsp-12.1.12.pom
[INFO] Downloading from central: https://repo.maven.apache.org/maven2/org/eclipse/jetty/ee8/jetty-ee8-apache-jsp/12.1.12/jetty-ee8-apache-jsp-12.1.12.pom
[INFO] Downloaded from central: https://repo.maven.apache.org/maven2/org/eclipse/jetty/ee8/jetty-ee8-apache-jsp/12.1.12/jetty-ee8-apache-jsp-12.1.12.pom (3.6 kB at 112 kB/s)
[INFO] Downloading from eclipse-hosted: https://repo.eclipse.org/content/repositories/eclipse/org/eclipse/jetty/ee8/jetty-ee8/12.1.12/jetty-ee8-12.1.12.pom
[INFO] Downloading from central: https://repo.maven.apache.org/maven2/org/eclipse/jetty/ee8/jetty-ee8/12.1.12/jetty-ee8-12.1.12.pom
[INFO] Downloaded from central: https://repo.maven.apache.org/maven2/org/eclipse/jetty/ee8/jetty-ee8/12.1.12/jetty-ee8-12.1.12.pom (17 kB at 597 kB/s)
[INFO] Downloading from eclipse-hosted: https://repo.eclipse.org/content/repositories/eclipse/org/eclipse/jetty/jetty-project/12.1.12/jetty-project-12.1.12.pom
[INFO] Downloading from central: https://repo.maven.apache.org/maven2/org/eclipse/jetty/jetty-project/12.1.12/jetty-project-12.1.12.pom
[INFO] Downloaded from central: https://repo.maven.apache.org/maven2/org/eclipse/jetty/jetty-project/12.1.12/jetty-project-12.1.12.pom (116 kB at 3.5 MB/s)
[INFO] Downloading from eclipse-hosted: https://repo.eclipse.org/content/repositories/eclipse/com/fasterxml/jackson/jackson-bom/2.22.1/jackson-bom-2.22.1.pom
[INFO] Downloading from central: https://repo.maven.apache.org/maven2/com/fasterxml/jackson/jackson-bom/2.22.1/jackson-bom-2.22.1.pom
[INFO] Downloaded from central: https://repo.maven.apache.org/maven2/com/fasterxml/jackson/jackson-bom/2.22.1/jackson-bom-2.22.1.pom (20 kB at 722 kB/s)
[INFO] Downloading from eclipse-hosted: https://repo.eclipse.org/content/repositories/eclipse/com/fasterxml/jackson/jackson-parent/2.22/jackson-parent-2.22.pom
[INFO] Downloading from central: https://repo.maven.apache.org/maven2/com/fasterxml/jackson/jackson-parent/2.22/jackson-parent-2.22.pom
[INFO] Downloaded from central: https://repo.maven.apache.org/maven2/com/fasterxml/jackson/jackson-parent/2.22/jackson-parent-2.22.pom (6.9 kB at 265 kB/s)
[INFO] Downloading from eclipse-hosted: https://repo.eclipse.org/content/repositories/eclipse/com/fasterxml/oss-parent/79/oss-parent-79.pom
[INFO] Downloading from central: https://repo.maven.apache.org/maven2/com/fasterxml/oss-parent/79/oss-parent-79.pom
[INFO] Downloaded from central: https://repo.maven.apache.org/maven2/com/fasterxml/oss-parent/79/oss-parent-79.pom (24 kB at 763 kB/s)
[INFO] Downloading from eclipse-hosted: https://repo.eclipse.org/content/repositories/eclipse/org/hibernate/search/hibernate-search-bom/8.4.0.Final/hibernate-search-bom-8.4.0.Final.pom
[INFO] Downloading from central: https://repo.maven.apache.org/maven2/org/hibernate/search/hibernate-search-bom/8.4.0.Final/hibernate-search-bom-8.4.0.Final.pom
[INFO] Downloaded from central: https://repo.maven.apache.org/maven2/org/hibernate/search/hibernate-search-bom/8.4.0.Final/hibernate-search-bom-8.4.0.Final.pom (10 kB at 213 kB/s)
[INFO] Downloading from eclipse-hosted: https://repo.eclipse.org/content/repositories/eclipse/org/infinispan/infinispan-bom/16.2.1/infinispan-bom-16.2.1.pom
[INFO] Downloading from central: https://repo.maven.apache.org/maven2/org/infinispan/infinispan-bom/16.2.1/infinispan-bom-16.2.1.pom
[INFO] Downloaded from central: https://repo.maven.apache.org/maven2/org/infinispan/infinispan-bom/16.2.1/infinispan-bom-16.2.1.pom (20 kB at 673 kB/s)
[INFO] Downloading from eclipse-hosted: https://repo.eclipse.org/content/repositories/eclipse/org/junit/junit-bom/6.1.1/junit-bom-6.1.1.pom
[INFO] Downloading from central: https://repo.maven.apache.org/maven2/org/junit/junit-bom/6.1.1/junit-bom-6.1.1.pom
[INFO] Downloaded from central: https://repo.maven.apache.org/maven2/org/junit/junit-bom/6.1.1/junit-bom-6.1.1.pom (5.4 kB at 208 kB/s)
[INFO] Downloading from eclipse-hosted: https://repo.eclipse.org/content/repositories/eclipse/org/ow2/asm/asm-bom/9.10.1/asm-bom-9.10.1.pom
[INFO] Downloading from central: https://repo.maven.apache.org/maven2/org/ow2/asm/asm-bom/9.10.1/asm-bom-9.10.1.pom
[INFO] Downloaded from central: https://repo.maven.apache.org/maven2/org/ow2/asm/asm-bom/9.10.1/asm-bom-9.10.1.pom (3.3 kB at 131 kB/s)
[INFO] Downloading from eclipse-hosted: https://repo.eclipse.org/content/repositories/eclipse/org/testcontainers/testcontainers-bom/2.0.5/testcontainers-bom-2.0.5.pom
[INFO] Downloading from central: https://repo.maven.apache.org/maven2/org/testcontainers/testcontainers-bom/2.0.5/testcontainers-bom-2.0.5.pom
[INFO] Downloaded from central: https://repo.maven.apache.org/maven2/org/testcontainers/testcontainers-bom/2.0.5/testcontainers-bom-2.0.5.pom (12 kB at 510 kB/s)
[INFO] Downloading from eclipse-hosted: https://repo.eclipse.org/content/repositories/eclipse/org/eclipse/jetty/ee8/jetty-ee8-apache-jsp/12.1.12/jetty-ee8-apache-jsp-12.1.12.jar
[INFO] Downloading from central: https://repo.maven.apache.org/maven2/org/eclipse/jetty/ee8/jetty-ee8-apache-jsp/12.1.12/jetty-ee8-apache-jsp-12.1.12.jar
[INFO] Downloaded from central: https://repo.maven.apache.org/maven2/org/eclipse/jetty/ee8/jetty-ee8-apache-jsp/12.1.12/jetty-ee8-apache-jsp-12.1.12.jar (12 kB at 560 kB/s)
[INFO] Downloading from eclipse-hosted: https://repo.eclipse.org/content/repositories/eclipse/org/eclipse/jetty/ee8/jetty-ee8-apache-jsp/12.1.12/jetty-ee8-apache-jsp-12.1.12-sources.jar
[INFO] Downloading from central: https://repo.maven.apache.org/maven2/org/eclipse/jetty/ee8/jetty-ee8-apache-jsp/12.1.12/jetty-ee8-apache-jsp-12.1.12-sources.jar
[INFO] Downloaded from central: https://repo.maven.apache.org/maven2/org/eclipse/jetty/ee8/jetty-ee8-apache-jsp/12.1.12/jetty-ee8-apache-jsp-12.1.12-sources.jar (8.3 kB at 377 kB/s)
[INFO] Downloading from eclipse-hosted: https://repo.eclipse.org/content/repositories/eclipse/org/eclipse/jetty/ee8/jetty-ee8-nested/12.1.12/jetty-ee8-nested-12.1.12.pom
[INFO] Downloading from central: https://repo.maven.apache.org/maven2/org/eclipse/jetty/ee8/jetty-ee8-nested/12.1.12/jetty-ee8-nested-12.1.12.pom
[INFO] Downloaded from central: https://repo.maven.apache.org/maven2/org/eclipse/jetty/ee8/jetty-ee8-nested/12.1.12/jetty-ee8-nested-12.1.12.pom (3.2 kB at 106 kB/s)
[INFO] Downloading from eclipse-hosted: https://repo.eclipse.org/content/repositories/eclipse/org/eclipse/jetty/ee8/jetty-ee8-nested/12.1.12/jetty-ee8-nested-12.1.12.jar
[INFO] Downloading from central: https://repo.maven.apache.org/maven2/org/eclipse/jetty/ee8/jetty-ee8-nested/12.1.12/jetty-ee8-nested-12.1.12.jar
[INFO] Downloaded from central: https://repo.maven.apache.org/maven2/org/eclipse/jetty/ee8/jetty-ee8-nested/12.1.12/jetty-ee8-nested-12.1.12.jar (439 kB at 16 MB/s)
[INFO] Downloading from eclipse-hosted: https://repo.eclipse.org/content/repositories/eclipse/org/eclipse/jetty/ee8/jetty-ee8-nested/12.1.12/jetty-ee8-nested-12.1.12-sources.jar
[INFO] Downloading from central: https://repo.maven.apache.org/maven2/org/eclipse/jetty/ee8/jetty-ee8-nested/12.1.12/jetty-ee8-nested-12.1.12-sources.jar
[INFO] Downloaded from central: https://repo.maven.apache.org/maven2/org/eclipse/jetty/ee8/jetty-ee8-nested/12.1.12/jetty-ee8-nested-12.1.12-sources.jar (213 kB at 7.6 MB/s)
[INFO] Downloading from eclipse-hosted: https://repo.eclipse.org/content/repositories/eclipse/org/eclipse/jetty/ee8/jetty-ee8-security/12.1.12/jetty-ee8-security-12.1.12.pom
[INFO] Downloading from central: https://repo.maven.apache.org/maven2/org/eclipse/jetty/ee8/jetty-ee8-security/12.1.12/jetty-ee8-security-12.1.12.pom
[INFO] Downloaded from central: https://repo.maven.apache.org/maven2/org/eclipse/jetty/ee8/jetty-ee8-security/12.1.12/jetty-ee8-security-12.1.12.pom (2.0 kB at 74 kB/s)
[INFO] Downloading from eclipse-hosted: https://repo.eclipse.org/content/repositories/eclipse/org/eclipse/jetty/ee8/jetty-ee8-security/12.1.12/jetty-ee8-security-12.1.12.jar
[INFO] Downloading from central: https://repo.maven.apache.org/maven2/org/eclipse/jetty/ee8/jetty-ee8-security/12.1.12/jetty-ee8-security-12.1.12.jar
[INFO] Downloaded from central: https://repo.maven.apache.org/maven2/org/eclipse/jetty/ee8/jetty-ee8-security/12.1.12/jetty-ee8-security-12.1.12.jar (81 kB at 3.1 MB/s)
[INFO] Downloading from eclipse-hosted: https://repo.eclipse.org/content/repositories/eclipse/org/eclipse/jetty/ee8/jetty-ee8-security/12.1.12/jetty-ee8-security-12.1.12-sources.jar
[INFO] Downloading from central: https://repo.maven.apache.org/maven2/org/eclipse/jetty/ee8/jetty-ee8-security/12.1.12/jetty-ee8-security-12.1.12-sources.jar
[INFO] Downloaded from central: https://repo.maven.apache.org/maven2/org/eclipse/jetty/ee8/jetty-ee8-security/12.1.12/jetty-ee8-security-12.1.12-sources.jar (54 kB at 2.2 MB/s)
[INFO] Downloading from eclipse-hosted: https://repo.eclipse.org/content/repositories/eclipse/org/eclipse/jetty/ee8/jetty-ee8-servlet/12.1.12/jetty-ee8-servlet-12.1.12.pom
[INFO] Downloading from central: https://repo.maven.apache.org/maven2/org/eclipse/jetty/ee8/jetty-ee8-servlet/12.1.12/jetty-ee8-servlet-12.1.12.pom
[INFO] Downloaded from central: https://repo.maven.apache.org/maven2/org/eclipse/jetty/ee8/jetty-ee8-servlet/12.1.12/jetty-ee8-servlet-12.1.12.pom (2.6 kB at 110 kB/s)
[INFO] Downloading from eclipse-hosted: https://repo.eclipse.org/content/repositories/eclipse/org/eclipse/jetty/ee8/jetty-ee8-servlet/12.1.12/jetty-ee8-servlet-12.1.12.jar
[INFO] Downloading from central: https://repo.maven.apache.org/maven2/org/eclipse/jetty/ee8/jetty-ee8-servlet/12.1.12/jetty-ee8-servlet-12.1.12.jar
[INFO] Downloaded from central: https://repo.maven.apache.org/maven2/org/eclipse/jetty/ee8/jetty-ee8-servlet/12.1.12/jetty-ee8-servlet-12.1.12.jar (146 kB at 7.3 MB/s)
[INFO] Downloading from eclipse-hosted: https://repo.eclipse.org/content/repositories/eclipse/org/eclipse/jetty/ee8/jetty-ee8-servlet/12.1.12/jetty-ee8-servlet-12.1.12-sources.jar
[INFO] Downloading from central: https://repo.maven.apache.org/maven2/org/eclipse/jetty/ee8/jetty-ee8-servlet/12.1.12/jetty-ee8-servlet-12.1.12-sources.jar
[INFO] Downloaded from central: https://repo.maven.apache.org/maven2/org/eclipse/jetty/ee8/jetty-ee8-servlet/12.1.12/jetty-ee8-servlet-12.1.12-sources.jar (73 kB at 1.4 MB/s)
[INFO] Downloading from eclipse-hosted: https://repo.eclipse.org/content/repositories/eclipse/org/eclipse/jetty/toolchain/jetty-servlet-api/4.0.9/jetty-servlet-api-4.0.9.pom
[INFO] Downloading from central: https://repo.maven.apache.org/maven2/org/eclipse/jetty/toolchain/jetty-servlet-api/4.0.9/jetty-servlet-api-4.0.9.pom
[INFO] Downloaded from central: https://repo.maven.apache.org/maven2/org/eclipse/jetty/toolchain/jetty-servlet-api/4.0.9/jetty-servlet-api-4.0.9.pom (12 kB at 446 kB/s)
[INFO] Downloading from eclipse-hosted: https://repo.eclipse.org/content/repositories/eclipse/org/eclipse/jetty/jetty-parent/31/jetty-parent-31.pom
[INFO] Downloading from central: https://repo.maven.apache.org/maven2/org/eclipse/jetty/jetty-parent/31/jetty-parent-31.pom
[INFO] Downloaded from central: https://repo.maven.apache.org/maven2/org/eclipse/jetty/jetty-parent/31/jetty-parent-31.pom (20 kB at 703 kB/s)
[INFO] Downloading from eclipse-hosted: https://repo.eclipse.org/content/repositories/eclipse/org/eclipse/jetty/toolchain/jetty-servlet-api/4.0.9/jetty-servlet-api-4.0.9.jar
[INFO] Downloading from central: https://repo.maven.apache.org/maven2/org/eclipse/jetty/toolchain/jetty-servlet-api/4.0.9/jetty-servlet-api-4.0.9.jar
[INFO] Downloaded from central: https://repo.maven.apache.org/maven2/org/eclipse/jetty/toolchain/jetty-servlet-api/4.0.9/jetty-servlet-api-4.0.9.jar (314 kB at 9.0 MB/s)
[INFO] Downloading from eclipse-hosted: https://repo.eclipse.org/content/repositories/eclipse/org/eclipse/jetty/toolchain/jetty-servlet-api/4.0.9/jetty-servlet-api-4.0.9-sources.jar
[INFO] Downloading from central: https://repo.maven.apache.org/maven2/org/eclipse/jetty/toolchain/jetty-servlet-api/4.0.9/jetty-servlet-api-4.0.9-sources.jar
[INFO] Downloaded from central: https://repo.maven.apache.org/maven2/org/eclipse/jetty/toolchain/jetty-servlet-api/4.0.9/jetty-servlet-api-4.0.9-sources.jar (397 kB at 18 MB/s)
[INFO] Downloading from eclipse-hosted: https://repo.eclipse.org/content/repositories/eclipse/org/eclipse/jetty/jetty-http/12.1.12/jetty-http-12.1.12.pom
[INFO] Downloading from central: https://repo.maven.apache.org/maven2/org/eclipse/jetty/jetty-http/12.1.12/jetty-http-12.1.12.pom
[INFO] Downloaded from central: https://repo.maven.apache.org/maven2/org/eclipse/jetty/jetty-http/12.1.12/jetty-http-12.1.12.pom (4.1 kB at 171 kB/s)
[INFO] Downloading from eclipse-hosted: https://repo.eclipse.org/content/repositories/eclipse/org/eclipse/jetty/jetty-core/12.1.12/jetty-core-12.1.12.pom
[INFO] Downloading from central: https://repo.maven.apache.org/maven2/org/eclipse/jetty/jetty-core/12.1.12/jetty-core-12.1.12.pom
[INFO] Downloaded from central: https://repo.maven.apache.org/maven2/org/eclipse/jetty/jetty-core/12.1.12/jetty-core-12.1.12.pom (2.2 kB at 68 kB/s)
[INFO] Downloading from eclipse-hosted: https://repo.eclipse.org/content/repositories/eclipse/org/eclipse/jetty/jetty-http/12.1.12/jetty-http-12.1.12.jar
[INFO] Downloading from central: https://repo.maven.apache.org/maven2/org/eclipse/jetty/jetty-http/12.1.12/jetty-http-12.1.12.jar
[INFO] Downloaded from central: https://repo.maven.apache.org/maven2/org/eclipse/jetty/jetty-http/12.1.12/jetty-http-12.1.12.jar (480 kB at 10 MB/s)
[INFO] Downloading from eclipse-hosted: https://repo.eclipse.org/content/repositories/eclipse/org/eclipse/jetty/jetty-http/12.1.12/jetty-http-12.1.12-sources.jar
[INFO] Downloading from central: https://repo.maven.apache.org/maven2/org/eclipse/jetty/jetty-http/12.1.12/jetty-http-12.1.12-sources.jar
[INFO] Downloaded from central: https://repo.maven.apache.org/maven2/org/eclipse/jetty/jetty-http/12.1.12/jetty-http-12.1.12-sources.jar (251 kB at 7.8 MB/s)
[INFO] Downloading from eclipse-hosted: https://repo.eclipse.org/content/repositories/eclipse/org/eclipse/jetty/jetty-io/12.1.12/jetty-io-12.1.12.pom
[INFO] Downloading from central: https://repo.maven.apache.org/maven2/org/eclipse/jetty/jetty-io/12.1.12/jetty-io-12.1.12.pom
[INFO] Downloaded from central: https://repo.maven.apache.org/maven2/org/eclipse/jetty/jetty-io/12.1.12/jetty-io-12.1.12.pom (2.8 kB at 106 kB/s)
[INFO] Downloading from eclipse-hosted: https://repo.eclipse.org/content/repositories/eclipse/org/eclipse/jetty/jetty-io/12.1.12/jetty-io-12.1.12.jar
[INFO] Downloading from central: https://repo.maven.apache.org/maven2/org/eclipse/jetty/jetty-io/12.1.12/jetty-io-12.1.12.jar
[INFO] Downloaded from central: https://repo.maven.apache.org/maven2/org/eclipse/jetty/jetty-io/12.1.12/jetty-io-12.1.12.jar (386 kB at 15 MB/s)
[INFO] Downloading from eclipse-hosted: https://repo.eclipse.org/content/repositories/eclipse/org/eclipse/jetty/jetty-io/12.1.12/jetty-io-12.1.12-sources.jar
[INFO] Downloading from central: https://repo.maven.apache.org/maven2/org/eclipse/jetty/jetty-io/12.1.12/jetty-io-12.1.12-sources.jar
[INFO] Downloaded from central: https://repo.maven.apache.org/maven2/org/eclipse/jetty/jetty-io/12.1.12/jetty-io-12.1.12-sources.jar (189 kB at 6.7 MB/s)
[INFO] Downloading from eclipse-hosted: https://repo.eclipse.org/content/repositories/eclipse/org/eclipse/jetty/jetty-security/12.1.12/jetty-security-12.1.12.pom
[INFO] Downloading from central: https://repo.maven.apache.org/maven2/org/eclipse/jetty/jetty-security/12.1.12/jetty-security-12.1.12.pom
[INFO] Downloaded from central: https://repo.maven.apache.org/maven2/org/eclipse/jetty/jetty-security/12.1.12/jetty-security-12.1.12.pom (5.0 kB at 240 kB/s)
[INFO] Downloading from eclipse-hosted: https://repo.eclipse.org/content/repositories/eclipse/org/eclipse/jetty/jetty-security/12.1.12/jetty-security-12.1.12.jar
[INFO] Downloading from central: https://repo.maven.apache.org/maven2/org/eclipse/jetty/jetty-security/12.1.12/jetty-security-12.1.12.jar
[INFO] Downloaded from central: https://repo.maven.apache.org/maven2/org/eclipse/jetty/jetty-security/12.1.12/jetty-security-12.1.12.jar (167 kB at 7.9 MB/s)
[INFO] Downloading from eclipse-hosted: https://repo.eclipse.org/content/repositories/eclipse/org/eclipse/jetty/jetty-security/12.1.12/jetty-security-12.1.12-sources.jar
[INFO] Downloading from central: https://repo.maven.apache.org/maven2/org/eclipse/jetty/jetty-security/12.1.12/jetty-security-12.1.12-sources.jar
[INFO] Downloaded from central: https://repo.maven.apache.org/maven2/org/eclipse/jetty/jetty-security/12.1.12/jetty-security-12.1.12-sources.jar (99 kB at 4.9 MB/s)
[INFO] Downloading from eclipse-hosted: https://repo.eclipse.org/content/repositories/eclipse/org/eclipse/jetty/jetty-server/12.1.12/jetty-server-12.1.12.pom
[INFO] Downloading from central: https://repo.maven.apache.org/maven2/org/eclipse/jetty/jetty-server/12.1.12/jetty-server-12.1.12.pom
[INFO] Downloaded from central: https://repo.maven.apache.org/maven2/org/eclipse/jetty/jetty-server/12.1.12/jetty-server-12.1.12.pom (3.1 kB at 102 kB/s)
[INFO] Downloading from eclipse-hosted: https://repo.eclipse.org/content/repositories/eclipse/org/eclipse/jetty/jetty-server/12.1.12/jetty-server-12.1.12.jar
[INFO] Downloading from central: https://repo.maven.apache.org/maven2/org/eclipse/jetty/jetty-server/12.1.12/jetty-server-12.1.12.jar
[INFO] Downloaded from central: https://repo.maven.apache.org/maven2/org/eclipse/jetty/jetty-server/12.1.12/jetty-server-12.1.12.jar (705 kB at 28 MB/s)
[INFO] Downloading from eclipse-hosted: https://repo.eclipse.org/content/repositories/eclipse/org/eclipse/jetty/jetty-server/12.1.12/jetty-server-12.1.12-sources.jar
[INFO] Downloading from central: https://repo.maven.apache.org/maven2/org/eclipse/jetty/jetty-server/12.1.12/jetty-server-12.1.12-sources.jar
[INFO] Downloaded from central: https://repo.maven.apache.org/maven2/org/eclipse/jetty/jetty-server/12.1.12/jetty-server-12.1.12-sources.jar (353 kB at 16 MB/s)
[INFO] Downloading from eclipse-hosted: https://repo.eclipse.org/content/repositories/eclipse/org/eclipse/jetty/jetty-session/12.1.12/jetty-session-12.1.12.pom
[INFO] Downloading from central: https://repo.maven.apache.org/maven2/org/eclipse/jetty/jetty-session/12.1.12/jetty-session-12.1.12.pom
[INFO] Downloaded from central: https://repo.maven.apache.org/maven2/org/eclipse/jetty/jetty-session/12.1.12/jetty-session-12.1.12.pom (2.5 kB at 93 kB/s)
[INFO] Downloading from eclipse-hosted: https://repo.eclipse.org/content/repositories/eclipse/org/eclipse/jetty/jetty-session/12.1.12/jetty-session-12.1.12.jar
[INFO] Downloading from central: https://repo.maven.apache.org/maven2/org/eclipse/jetty/jetty-session/12.1.12/jetty-session-12.1.12.jar
[INFO] Downloaded from central: https://repo.maven.apache.org/maven2/org/eclipse/jetty/jetty-session/12.1.12/jetty-session-12.1.12.jar (119 kB at 6.2 MB/s)
[INFO] Downloading from eclipse-hosted: https://repo.eclipse.org/content/repositories/eclipse/org/eclipse/jetty/jetty-session/12.1.12/jetty-session-12.1.12-sources.jar
[INFO] Downloading from central: https://repo.maven.apache.org/maven2/org/eclipse/jetty/jetty-session/12.1.12/jetty-session-12.1.12-sources.jar
[INFO] Downloaded from central: https://repo.maven.apache.org/maven2/org/eclipse/jetty/jetty-session/12.1.12/jetty-session-12.1.12-sources.jar (86 kB at 3.1 MB/s)
[INFO] Downloading from eclipse-hosted: https://repo.eclipse.org/content/repositories/eclipse/org/eclipse/jetty/jetty-util-ajax/12.1.12/jetty-util-ajax-12.1.12.pom
[INFO] Downloading from central: https://repo.maven.apache.org/maven2/org/eclipse/jetty/jetty-util-ajax/12.1.12/jetty-util-ajax-12.1.12.pom
[INFO] Downloaded from central: https://repo.maven.apache.org/maven2/org/eclipse/jetty/jetty-util-ajax/12.1.12/jetty-util-ajax-12.1.12.pom (1.2 kB at 51 kB/s)
[INFO] Downloading from eclipse-hosted: https://repo.eclipse.org/content/repositories/eclipse/org/eclipse/jetty/jetty-util-ajax/12.1.12/jetty-util-ajax-12.1.12.jar
[INFO] Downloading from central: https://repo.maven.apache.org/maven2/org/eclipse/jetty/jetty-util-ajax/12.1.12/jetty-util-ajax-12.1.12.jar
[INFO] Downloaded from central: https://repo.maven.apache.org/maven2/org/eclipse/jetty/jetty-util-ajax/12.1.12/jetty-util-ajax-12.1.12.jar (56 kB at 2.4 MB/s)
[INFO] Downloading from eclipse-hosted: https://repo.eclipse.org/content/repositories/eclipse/org/eclipse/jetty/jetty-util-ajax/12.1.12/jetty-util-ajax-12.1.12-sources.jar
[INFO] Downloading from central: https://repo.maven.apache.org/maven2/org/eclipse/jetty/jetty-util-ajax/12.1.12/jetty-util-ajax-12.1.12-sources.jar
[INFO] Downloaded from central: https://repo.maven.apache.org/maven2/org/eclipse/jetty/jetty-util-ajax/12.1.12/jetty-util-ajax-12.1.12-sources.jar (28 kB at 946 kB/s)
[INFO] Downloading from eclipse-hosted: https://repo.eclipse.org/content/repositories/eclipse/org/eclipse/jetty/jetty-util/12.1.12/jetty-util-12.1.12.pom
[INFO] Downloading from central: https://repo.maven.apache.org/maven2/org/eclipse/jetty/jetty-util/12.1.12/jetty-util-12.1.12.pom
[INFO] Downloaded from central: https://repo.maven.apache.org/maven2/org/eclipse/jetty/jetty-util/12.1.12/jetty-util-12.1.12.pom (3.5 kB at 134 kB/s)
[INFO] Downloading from eclipse-hosted: https://repo.eclipse.org/content/repositories/eclipse/org/eclipse/jetty/jetty-util/12.1.12/jetty-util-12.1.12.jar
[INFO] Downloading from central: https://repo.maven.apache.org/maven2/org/eclipse/jetty/jetty-util/12.1.12/jetty-util-12.1.12.jar
[INFO] Downloaded from central: https://repo.maven.apache.org/maven2/org/eclipse/jetty/jetty-util/12.1.12/jetty-util-12.1.12.jar (731 kB at 25 MB/s)
[INFO] Downloading from eclipse-hosted: https://repo.eclipse.org/content/repositories/eclipse/org/eclipse/jetty/jetty-util/12.1.12/jetty-util-12.1.12-sources.jar
[INFO] Downloading from central: https://repo.maven.apache.org/maven2/org/eclipse/jetty/jetty-util/12.1.12/jetty-util-12.1.12-sources.jar
[INFO] Downloaded from central: https://repo.maven.apache.org/maven2/org/eclipse/jetty/jetty-util/12.1.12/jetty-util-12.1.12-sources.jar (430 kB at 15 MB/s)
[INFO] Downloading from eclipse-hosted: https://repo.eclipse.org/content/repositories/eclipse/org/glassfish/jakarta.el/3.0.4/jakarta.el-3.0.4.pom
[INFO] Downloading from central: https://repo.maven.apache.org/maven2/org/glassfish/jakarta.el/3.0.4/jakarta.el-3.0.4.pom
[INFO] Downloaded from central: https://repo.maven.apache.org/maven2/org/glassfish/jakarta.el/3.0.4/jakarta.el-3.0.4.pom (14 kB at 621 kB/s)
[INFO] Downloading from eclipse-hosted: https://repo.eclipse.org/content/repositories/eclipse/org/glassfish/jakarta.el/3.0.4/jakarta.el-3.0.4.jar
[INFO] Downloading from central: https://repo.maven.apache.org/maven2/org/glassfish/jakarta.el/3.0.4/jakarta.el-3.0.4.jar
[INFO] Downloaded from central: https://repo.maven.apache.org/maven2/org/glassfish/jakarta.el/3.0.4/jakarta.el-3.0.4.jar (238 kB at 7.7 MB/s)
[INFO] Downloading from eclipse-hosted: https://repo.eclipse.org/content/repositories/eclipse/org/glassfish/jakarta.el/3.0.4/jakarta.el-3.0.4-sources.jar
[INFO] Downloading from central: https://repo.maven.apache.org/maven2/org/glassfish/jakarta.el/3.0.4/jakarta.el-3.0.4-sources.jar
[INFO] Downloaded from central: https://repo.maven.apache.org/maven2/org/glassfish/jakarta.el/3.0.4/jakarta.el-3.0.4-sources.jar (217 kB at 11 MB/s)
[INFO] Downloading from eclipse-hosted: https://repo.eclipse.org/content/repositories/eclipse/org/mortbay/jasper/mortbay-apache-el/9.0.119/mortbay-apache-el-9.0.119.pom
[INFO] Downloading from central: https://repo.maven.apache.org/maven2/org/mortbay/jasper/mortbay-apache-el/9.0.119/mortbay-apache-el-9.0.119.pom
[INFO] Downloaded from central: https://repo.maven.apache.org/maven2/org/mortbay/jasper/mortbay-apache-el/9.0.119/mortbay-apache-el-9.0.119.pom (7.7 kB at 266 kB/s)
[INFO] Downloading from eclipse-hosted: https://repo.eclipse.org/content/repositories/eclipse/org/mortbay/jasper/jasper-jsp/9.0.119/jasper-jsp-9.0.119.pom
[INFO] Downloading from central: https://repo.maven.apache.org/maven2/org/mortbay/jasper/jasper-jsp/9.0.119/jasper-jsp-9.0.119.pom
[INFO] Downloaded from central: https://repo.maven.apache.org/maven2/org/mortbay/jasper/jasper-jsp/9.0.119/jasper-jsp-9.0.119.pom (5.3 kB at 252 kB/s)
[INFO] Downloading from eclipse-hosted: https://repo.eclipse.org/content/repositories/eclipse/org/eclipse/jetty/jetty-parent/32/jetty-parent-32.pom
[INFO] Downloading from central: https://repo.maven.apache.org/maven2/org/eclipse/jetty/jetty-parent/32/jetty-parent-32.pom
[INFO] Downloaded from central: https://repo.maven.apache.org/maven2/org/eclipse/jetty/jetty-parent/32/jetty-parent-32.pom (20 kB at 891 kB/s)
[INFO] Downloading from eclipse-hosted: https://repo.eclipse.org/content/repositories/eclipse/org/mortbay/jasper/mortbay-apache-el/9.0.119/mortbay-apache-el-9.0.119.jar
[INFO] Downloading from central: https://repo.maven.apache.org/maven2/org/mortbay/jasper/mortbay-apache-el/9.0.119/mortbay-apache-el-9.0.119.jar
[INFO] Downloaded from central: https://repo.maven.apache.org/maven2/org/mortbay/jasper/mortbay-apache-el/9.0.119/mortbay-apache-el-9.0.119.jar (261 kB at 10 MB/s)
[INFO] Downloading from eclipse-hosted: https://repo.eclipse.org/content/repositories/eclipse/org/mortbay/jasper/mortbay-apache-el/9.0.119/mortbay-apache-el-9.0.119-sources.jar
[INFO] Downloading from central: https://repo.maven.apache.org/maven2/org/mortbay/jasper/mortbay-apache-el/9.0.119/mortbay-apache-el-9.0.119-sources.jar
[INFO] Downloaded from central: https://repo.maven.apache.org/maven2/org/mortbay/jasper/mortbay-apache-el/9.0.119/mortbay-apache-el-9.0.119-sources.jar (229 kB at 11 MB/s)
[INFO] Downloading from eclipse-hosted: https://repo.eclipse.org/content/repositories/eclipse/org/mortbay/jasper/mortbay-apache-jsp/9.0.119/mortbay-apache-jsp-9.0.119.pom
[INFO] Downloading from central: https://repo.maven.apache.org/maven2/org/mortbay/jasper/mortbay-apache-jsp/9.0.119/mortbay-apache-jsp-9.0.119.pom
[INFO] Downloaded from central: https://repo.maven.apache.org/maven2/org/mortbay/jasper/mortbay-apache-jsp/9.0.119/mortbay-apache-jsp-9.0.119.pom (17 kB at 654 kB/s)
[INFO] Downloading from eclipse-hosted: https://repo.eclipse.org/content/repositories/eclipse/org/mortbay/jasper/mortbay-apache-jsp/9.0.119/mortbay-apache-jsp-9.0.119.jar
[INFO] Downloading from central: https://repo.maven.apache.org/maven2/org/mortbay/jasper/mortbay-apache-jsp/9.0.119/mortbay-apache-jsp-9.0.119.jar
[INFO] Downloaded from central: https://repo.maven.apache.org/maven2/org/mortbay/jasper/mortbay-apache-jsp/9.0.119/mortbay-apache-jsp-9.0.119.jar (1.1 MB at 38 MB/s)
[INFO] Downloading from eclipse-hosted: https://repo.eclipse.org/content/repositories/eclipse/org/mortbay/jasper/mortbay-apache-jsp/9.0.119/mortbay-apache-jsp-9.0.119-sources.jar
[INFO] Downloading from central: https://repo.maven.apache.org/maven2/org/mortbay/jasper/mortbay-apache-jsp/9.0.119/mortbay-apache-jsp-9.0.119-sources.jar
[INFO] Downloaded from central: https://repo.maven.apache.org/maven2/org/mortbay/jasper/mortbay-apache-jsp/9.0.119/mortbay-apache-jsp-9.0.119-sources.jar (1.9 MB at 42 MB/s)
[INFO] Resolving MavenDependencyRoots = [GroupId = net.bytebuddy, ArtifactId = byte-buddy-agent, Version = 1.18.12, ArtifactType = jar, GroupId = net.bytebuddy, ArtifactId = byte-buddy, Version = 1.18.12, ArtifactType = jar, GroupId = org.assertj, ArtifactId = assertj-core, Version = 3.27.7, ArtifactType = jar, GroupId = org.mockito, ArtifactId = mockito-core, Version = 5.23.0, ArtifactType = jar, GroupId = org.objenesis, ArtifactId = objenesis, Version = 3.6, ArtifactType = jar], IncludeDependencyScope = [compile], MissingManifestStrategy = ERROR, IncludeSource = true
[INFO] Downloading from eclipse-hosted: https://repo.eclipse.org/content/repositories/eclipse/net/bytebuddy/byte-buddy-agent/1.18.12/byte-buddy-agent-1.18.12.pom
[INFO] Downloading from central: https://repo.maven.apache.org/maven2/net/bytebuddy/byte-buddy-agent/1.18.12/byte-buddy-agent-1.18.12.pom
[INFO] Downloaded from central: https://repo.maven.apache.org/maven2/net/bytebuddy/byte-buddy-agent/1.18.12/byte-buddy-agent-1.18.12.pom (16 kB at 647 kB/s)
[INFO] Downloading from eclipse-hosted: https://repo.eclipse.org/content/repositories/eclipse/net/bytebuddy/byte-buddy-parent/1.18.12/byte-buddy-parent-1.18.12.pom
[INFO] Downloading from central: https://repo.maven.apache.org/maven2/net/bytebuddy/byte-buddy-parent/1.18.12/byte-buddy-parent-1.18.12.pom
[INFO] Downloaded from central: https://repo.maven.apache.org/maven2/net/bytebuddy/byte-buddy-parent/1.18.12/byte-buddy-parent-1.18.12.pom (70 kB at 2.2 MB/s)
[INFO] Downloading from eclipse-hosted: https://repo.eclipse.org/content/repositories/eclipse/net/bytebuddy/byte-buddy-agent/1.18.12/byte-buddy-agent-1.18.12.jar
[INFO] Downloading from central: https://repo.maven.apache.org/maven2/net/bytebuddy/byte-buddy-agent/1.18.12/byte-buddy-agent-1.18.12.jar
[INFO] Downloaded from central: https://repo.maven.apache.org/maven2/net/bytebuddy/byte-buddy-agent/1.18.12/byte-buddy-agent-1.18.12.jar (291 kB at 11 MB/s)
[INFO] Downloading from eclipse-hosted: https://repo.eclipse.org/content/repositories/eclipse/net/bytebuddy/byte-buddy-agent/1.18.12/byte-buddy-agent-1.18.12-sources.jar
[INFO] Downloading from central: https://repo.maven.apache.org/maven2/net/bytebuddy/byte-buddy-agent/1.18.12/byte-buddy-agent-1.18.12-sources.jar
[INFO] Downloaded from central: https://repo.maven.apache.org/maven2/net/bytebuddy/byte-buddy-agent/1.18.12/byte-buddy-agent-1.18.12-sources.jar (232 kB at 8.0 MB/s)
[INFO] Downloading from eclipse-hosted: https://repo.eclipse.org/content/repositories/eclipse/net/bytebuddy/byte-buddy/1.18.12/byte-buddy-1.18.12.pom
[INFO] Downloading from central: https://repo.maven.apache.org/maven2/net/bytebuddy/byte-buddy/1.18.12/byte-buddy-1.18.12.pom
[INFO] Downloaded from central: https://repo.maven.apache.org/maven2/net/bytebuddy/byte-buddy/1.18.12/byte-buddy-1.18.12.pom (21 kB at 730 kB/s)
[INFO] Downloading from eclipse-hosted: https://repo.eclipse.org/content/repositories/eclipse/net/bytebuddy/byte-buddy/1.18.12/byte-buddy-1.18.12.jar
[INFO] Downloading from central: https://repo.maven.apache.org/maven2/net/bytebuddy/byte-buddy/1.18.12/byte-buddy-1.18.12.jar
[INFO] Downloaded from central: https://repo.maven.apache.org/maven2/net/bytebuddy/byte-buddy/1.18.12/byte-buddy-1.18.12.jar (4.7 MB at 106 MB/s)
[INFO] Downloading from eclipse-hosted: https://repo.eclipse.org/content/repositories/eclipse/net/bytebuddy/byte-buddy/1.18.12/byte-buddy-1.18.12-sources.jar
[INFO] Downloading from central: https://repo.maven.apache.org/maven2/net/bytebuddy/byte-buddy/1.18.12/byte-buddy-1.18.12-sources.jar
[INFO] Downloaded from central: https://repo.maven.apache.org/maven2/net/bytebuddy/byte-buddy/1.18.12/byte-buddy-1.18.12-sources.jar (1.5 MB at 48 MB/s)
[INFO] Downloading from eclipse-hosted: https://repo.eclipse.org/content/repositories/eclipse/org/assertj/assertj-core/3.27.7/assertj-core-3.27.7.pom
[INFO] Downloading from central: https://repo.maven.apache.org/maven2/org/assertj/assertj-core/3.27.7/assertj-core-3.27.7.pom
[INFO] Downloaded from central: https://repo.maven.apache.org/maven2/org/assertj/assertj-core/3.27.7/assertj-core-3.27.7.pom (3.8 kB at 146 kB/s)
[INFO] Downloading from eclipse-hosted: https://repo.eclipse.org/content/repositories/eclipse/org/assertj/assertj-core/3.27.7/assertj-core-3.27.7.jar
[INFO] Downloading from central: https://repo.maven.apache.org/maven2/org/assertj/assertj-core/3.27.7/assertj-core-3.27.7.jar
[INFO] Downloaded from central: https://repo.maven.apache.org/maven2/org/assertj/assertj-core/3.27.7/assertj-core-3.27.7.jar (1.4 MB at 54 MB/s)
[INFO] Downloading from eclipse-hosted: https://repo.eclipse.org/content/repositories/eclipse/org/assertj/assertj-core/3.27.7/assertj-core-3.27.7-sources.jar
[INFO] Downloading from central: https://repo.maven.apache.org/maven2/org/assertj/assertj-core/3.27.7/assertj-core-3.27.7-sources.jar
[INFO] Downloaded from central: https://repo.maven.apache.org/maven2/org/assertj/assertj-core/3.27.7/assertj-core-3.27.7-sources.jar (1.5 MB at 61 MB/s)
[INFO] Downloading from eclipse-hosted: https://repo.eclipse.org/content/repositories/eclipse/org/mockito/mockito-core/5.23.0/mockito-core-5.23.0.pom
[INFO] Downloading from central: https://repo.maven.apache.org/maven2/org/mockito/mockito-core/5.23.0/mockito-core-5.23.0.pom
[INFO] Downloaded from central: https://repo.maven.apache.org/maven2/org/mockito/mockito-core/5.23.0/mockito-core-5.23.0.pom (2.5 kB at 75 kB/s)
[INFO] Downloading from eclipse-hosted: https://repo.eclipse.org/content/repositories/eclipse/org/mockito/mockito-core/5.23.0/mockito-core-5.23.0.jar
[INFO] Downloading from central: https://repo.maven.apache.org/maven2/org/mockito/mockito-core/5.23.0/mockito-core-5.23.0.jar
[INFO] Downloaded from central: https://repo.maven.apache.org/maven2/org/mockito/mockito-core/5.23.0/mockito-core-5.23.0.jar (721 kB at 30 MB/s)
[INFO] Downloading from eclipse-hosted: https://repo.eclipse.org/content/repositories/eclipse/org/mockito/mockito-core/5.23.0/mockito-core-5.23.0-sources.jar
[INFO] Downloading from central: https://repo.maven.apache.org/maven2/org/mockito/mockito-core/5.23.0/mockito-core-5.23.0-sources.jar
[INFO] Downloaded from central: https://repo.maven.apache.org/maven2/org/mockito/mockito-core/5.23.0/mockito-core-5.23.0-sources.jar (549 kB at 21 MB/s)
[INFO] Downloading from eclipse-hosted: https://repo.eclipse.org/content/repositories/eclipse/org/objenesis/objenesis/3.6/objenesis-3.6.pom
[INFO] Downloading from central: https://repo.maven.apache.org/maven2/org/objenesis/objenesis/3.6/objenesis-3.6.pom
[INFO] Downloaded from central: https://repo.maven.apache.org/maven2/org/objenesis/objenesis/3.6/objenesis-3.6.pom (3.4 kB at 140 kB/s)
[INFO] Downloading from eclipse-hosted: https://repo.eclipse.org/content/repositories/eclipse/org/objenesis/objenesis-parent/3.6/objenesis-parent-3.6.pom
[INFO] Downloading from central: https://repo.maven.apache.org/maven2/org/objenesis/objenesis-parent/3.6/objenesis-parent-3.6.pom
[INFO] Downloaded from central: https://repo.maven.apache.org/maven2/org/objenesis/objenesis-parent/3.6/objenesis-parent-3.6.pom (19 kB at 745 kB/s)
[INFO] Downloading from eclipse-hosted: https://repo.eclipse.org/content/repositories/eclipse/org/junit/junit-bom/6.1.2/junit-bom-6.1.2.pom
[INFO] Downloading from central: https://repo.maven.apache.org/maven2/org/junit/junit-bom/6.1.2/junit-bom-6.1.2.pom
[INFO] Downloaded from central: https://repo.maven.apache.org/maven2/org/junit/junit-bom/6.1.2/junit-bom-6.1.2.pom (5.4 kB at 246 kB/s)
[INFO] Downloading from eclipse-hosted: https://repo.eclipse.org/content/repositories/eclipse/org/objenesis/objenesis/3.6/objenesis-3.6.jar
[INFO] Downloading from central: https://repo.maven.apache.org/maven2/org/objenesis/objenesis/3.6/objenesis-3.6.jar
[INFO] Downloaded from central: https://repo.maven.apache.org/maven2/org/objenesis/objenesis/3.6/objenesis-3.6.jar (50 kB at 2.1 MB/s)
[INFO] Downloading from eclipse-hosted: https://repo.eclipse.org/content/repositories/eclipse/org/objenesis/objenesis/3.6/objenesis-3.6-sources.jar
[INFO] Downloading from central: https://repo.maven.apache.org/maven2/org/objenesis/objenesis/3.6/objenesis-3.6-sources.jar
[INFO] Downloaded from central: https://repo.maven.apache.org/maven2/org/objenesis/objenesis/3.6/objenesis-3.6-sources.jar (53 kB at 2.2 MB/s)
[INFO] Resolving MavenDependencyRoots = [GroupId = org.ow2.asm, ArtifactId = asm-analysis, Version = 9.10.1, ArtifactType = jar, GroupId = org.ow2.asm, ArtifactId = asm-commons, Version = 9.10.1, ArtifactType = jar, GroupId = org.ow2.asm, ArtifactId = asm-tree, Version = 9.10.1, ArtifactType = jar, GroupId = org.ow2.asm, ArtifactId = asm-util, Version = 9.10.1, ArtifactType = jar, GroupId = org.ow2.asm, ArtifactId = asm, Version = 9.10.1, ArtifactType = jar], IncludeDependencyScope = [compile], MissingManifestStrategy = ERROR, IncludeSource = true
[INFO] Downloading from eclipse-hosted: https://repo.eclipse.org/content/repositories/eclipse/org/ow2/asm/asm-analysis/9.10.1/asm-analysis-9.10.1.pom
[INFO] Downloading from central: https://repo.maven.apache.org/maven2/org/ow2/asm/asm-analysis/9.10.1/asm-analysis-9.10.1.pom
[INFO] Downloaded from central: https://repo.maven.apache.org/maven2/org/ow2/asm/asm-analysis/9.10.1/asm-analysis-9.10.1.pom (2.6 kB at 97 kB/s)
[INFO] Downloading from eclipse-hosted: https://repo.eclipse.org/content/repositories/eclipse/org/ow2/asm/asm-analysis/9.10.1/asm-analysis-9.10.1.jar
[INFO] Downloading from central: https://repo.maven.apache.org/maven2/org/ow2/asm/asm-analysis/9.10.1/asm-analysis-9.10.1.jar
[INFO] Downloaded from central: https://repo.maven.apache.org/maven2/org/ow2/asm/asm-analysis/9.10.1/asm-analysis-9.10.1.jar (35 kB at 1.2 MB/s)
[INFO] Downloading from eclipse-hosted: https://repo.eclipse.org/content/repositories/eclipse/org/ow2/asm/asm-analysis/9.10.1/asm-analysis-9.10.1-sources.jar
[INFO] Downloading from central: https://repo.maven.apache.org/maven2/org/ow2/asm/asm-analysis/9.10.1/asm-analysis-9.10.1-sources.jar
[INFO] Downloaded from central: https://repo.maven.apache.org/maven2/org/ow2/asm/asm-analysis/9.10.1/asm-analysis-9.10.1-sources.jar (42 kB at 1.8 MB/s)
[INFO] Downloading from eclipse-hosted: https://repo.eclipse.org/content/repositories/eclipse/org/ow2/asm/asm-commons/9.10.1/asm-commons-9.10.1.pom
[INFO] Downloading from central: https://repo.maven.apache.org/maven2/org/ow2/asm/asm-commons/9.10.1/asm-commons-9.10.1.pom
[INFO] Downloaded from central: https://repo.maven.apache.org/maven2/org/ow2/asm/asm-commons/9.10.1/asm-commons-9.10.1.pom (2.8 kB at 104 kB/s)
[INFO] Downloading from eclipse-hosted: https://repo.eclipse.org/content/repositories/eclipse/org/ow2/asm/asm-commons/9.10.1/asm-commons-9.10.1.jar
[INFO] Downloading from central: https://repo.maven.apache.org/maven2/org/ow2/asm/asm-commons/9.10.1/asm-commons-9.10.1.jar
[INFO] Downloaded from central: https://repo.maven.apache.org/maven2/org/ow2/asm/asm-commons/9.10.1/asm-commons-9.10.1.jar (75 kB at 2.8 MB/s)
[INFO] Downloading from eclipse-hosted: https://repo.eclipse.org/content/repositories/eclipse/org/ow2/asm/asm-commons/9.10.1/asm-commons-9.10.1-sources.jar
[INFO] Downloading from central: https://repo.maven.apache.org/maven2/org/ow2/asm/asm-commons/9.10.1/asm-commons-9.10.1-sources.jar
[INFO] Downloaded from central: https://repo.maven.apache.org/maven2/org/ow2/asm/asm-commons/9.10.1/asm-commons-9.10.1-sources.jar (85 kB at 3.7 MB/s)
[INFO] Downloading from eclipse-hosted: https://repo.eclipse.org/content/repositories/eclipse/org/ow2/asm/asm-tree/9.10.1/asm-tree-9.10.1.pom
[INFO] Downloading from central: https://repo.maven.apache.org/maven2/org/ow2/asm/asm-tree/9.10.1/asm-tree-9.10.1.pom
[INFO] Downloaded from central: https://repo.maven.apache.org/maven2/org/ow2/asm/asm-tree/9.10.1/asm-tree-9.10.1.pom (2.6 kB at 79 kB/s)
[INFO] Downloading from eclipse-hosted: https://repo.eclipse.org/content/repositories/eclipse/org/ow2/asm/asm-tree/9.10.1/asm-tree-9.10.1.jar
[INFO] Downloading from central: https://repo.maven.apache.org/maven2/org/ow2/asm/asm-tree/9.10.1/asm-tree-9.10.1.jar
[INFO] Downloaded from central: https://repo.maven.apache.org/maven2/org/ow2/asm/asm-tree/9.10.1/asm-tree-9.10.1.jar (52 kB at 2.2 MB/s)
[INFO] Downloading from eclipse-hosted: https://repo.eclipse.org/content/repositories/eclipse/org/ow2/asm/asm-tree/9.10.1/asm-tree-9.10.1-sources.jar
[INFO] Downloading from central: https://repo.maven.apache.org/maven2/org/ow2/asm/asm-tree/9.10.1/asm-tree-9.10.1-sources.jar
[INFO] Downloaded from central: https://repo.maven.apache.org/maven2/org/ow2/asm/asm-tree/9.10.1/asm-tree-9.10.1-sources.jar (77 kB at 3.3 MB/s)
[INFO] Downloading from eclipse-hosted: https://repo.eclipse.org/content/repositories/eclipse/org/ow2/asm/asm-util/9.10.1/asm-util-9.10.1.pom
[INFO] Downloading from central: https://repo.maven.apache.org/maven2/org/ow2/asm/asm-util/9.10.1/asm-util-9.10.1.pom
[INFO] Downloaded from central: https://repo.maven.apache.org/maven2/org/ow2/asm/asm-util/9.10.1/asm-util-9.10.1.pom (3.0 kB at 113 kB/s)
[INFO] Downloading from eclipse-hosted: https://repo.eclipse.org/content/repositories/eclipse/org/ow2/asm/asm-util/9.10.1/asm-util-9.10.1.jar
[INFO] Downloading from central: https://repo.maven.apache.org/maven2/org/ow2/asm/asm-util/9.10.1/asm-util-9.10.1.jar
[INFO] Downloaded from central: https://repo.maven.apache.org/maven2/org/ow2/asm/asm-util/9.10.1/asm-util-9.10.1.jar (96 kB at 3.8 MB/s)
[INFO] Downloading from eclipse-hosted: https://repo.eclipse.org/content/repositories/eclipse/org/ow2/asm/asm-util/9.10.1/asm-util-9.10.1-sources.jar
[INFO] Downloading from central: https://repo.maven.apache.org/maven2/org/ow2/asm/asm-util/9.10.1/asm-util-9.10.1-sources.jar
[INFO] Downloaded from central: https://repo.maven.apache.org/maven2/org/ow2/asm/asm-util/9.10.1/asm-util-9.10.1-sources.jar (87 kB at 3.9 MB/s)
[INFO] Downloading from eclipse-hosted: https://repo.eclipse.org/content/repositories/eclipse/org/ow2/asm/asm/9.10.1/asm-9.10.1.pom
[INFO] Downloading from central: https://repo.maven.apache.org/maven2/org/ow2/asm/asm/9.10.1/asm-9.10.1.pom
[INFO] Downloaded from central: https://repo.maven.apache.org/maven2/org/ow2/asm/asm/9.10.1/asm-9.10.1.pom (2.4 kB at 103 kB/s)
[INFO] Downloading from eclipse-hosted: https://repo.eclipse.org/content/repositories/eclipse/org/ow2/asm/asm/9.10.1/asm-9.10.1.jar
[INFO] Downloading from central: https://repo.maven.apache.org/maven2/org/ow2/asm/asm/9.10.1/asm-9.10.1.jar
[INFO] Downloaded from central: https://repo.maven.apache.org/maven2/org/ow2/asm/asm/9.10.1/asm-9.10.1.jar (126 kB at 5.7 MB/s)
[INFO] Downloading from eclipse-hosted: https://repo.eclipse.org/content/repositories/eclipse/org/ow2/asm/asm/9.10.1/asm-9.10.1-sources.jar
[INFO] Downloading from central: https://repo.maven.apache.org/maven2/org/ow2/asm/asm/9.10.1/asm-9.10.1-sources.jar
[INFO] Downloaded from central: https://repo.maven.apache.org/maven2/org/ow2/asm/asm/9.10.1/asm-9.10.1-sources.jar (185 kB at 8.8 MB/s)
[INFO] Resolving MavenDependencyRoots = [GroupId = org.osgi, ArtifactId = org.osgi.annotation.bundle, Version = 2.0.0, ArtifactType = jar, GroupId = org.osgi, ArtifactId = org.osgi.annotation.versioning, Version = 1.1.2, ArtifactType = jar, GroupId = org.osgi, ArtifactId = org.osgi.namespace.contract, Version = 1.0.0, ArtifactType = jar, GroupId = org.osgi, ArtifactId = org.osgi.namespace.extender, Version = 1.0.1, ArtifactType = jar, GroupId = org.osgi, ArtifactId = org.osgi.namespace.implementation, Version = 1.0.0, ArtifactType = jar, GroupId = org.osgi, ArtifactId = org.osgi.namespace.service, Version = 1.0.0, ArtifactType = jar, GroupId = org.osgi, ArtifactId = org.osgi.service.cm, Version = 1.6.1, ArtifactType = jar, GroupId = org.osgi, ArtifactId = org.osgi.service.component.annotations, Version = 1.5.1, ArtifactType = jar, GroupId = org.osgi, ArtifactId = org.osgi.service.component, Version = 1.5.1, ArtifactType = jar, GroupId = org.osgi, ArtifactId = org.osgi.service.coordinator, Version = 1.0.2, ArtifactType = jar, GroupId = org.osgi, ArtifactId = org.osgi.service.device, Version = 1.1.1, ArtifactType = jar, GroupId = org.osgi, ArtifactId = org.osgi.service.event, Version = 1.4.1, ArtifactType = jar, GroupId = org.osgi, ArtifactId = org.osgi.service.http.whiteboard, Version = 1.1.1, ArtifactType = jar, GroupId = org.osgi, ArtifactId = org.osgi.service.log.stream, Version = 1.0.0, ArtifactType = jar, GroupId = org.osgi, ArtifactId = org.osgi.service.metatype.annotations, Version = 1.4.1, ArtifactType = jar, GroupId = org.osgi, ArtifactId = org.osgi.service.metatype, Version = 1.4.1, ArtifactType = jar, GroupId = org.osgi, ArtifactId = org.osgi.service.prefs, Version = 1.1.2, ArtifactType = jar, GroupId = org.osgi, ArtifactId = org.osgi.service.provisioning, Version = 1.2.0, ArtifactType = jar, GroupId = org.osgi, ArtifactId = org.osgi.service.repository, Version = 1.1.0, ArtifactType = jar, GroupId = org.osgi, ArtifactId = org.osgi.service.upnp, Version = 1.2.1, ArtifactType = jar, GroupId = org.osgi, ArtifactId = org.osgi.service.useradmin, Version = 1.1.1, ArtifactType = jar, GroupId = org.osgi, ArtifactId = org.osgi.service.wireadmin, Version = 1.0.2, ArtifactType = jar, GroupId = org.osgi, ArtifactId = org.osgi.util.function, Version = 1.2.0, ArtifactType = jar, GroupId = org.osgi, ArtifactId = org.osgi.util.measurement, Version = 1.0.2, ArtifactType = jar, GroupId = org.osgi, ArtifactId = org.osgi.util.position, Version = 1.0.1, ArtifactType = jar, GroupId = org.osgi, ArtifactId = org.osgi.util.promise, Version = 1.3.0, ArtifactType = jar, GroupId = org.osgi, ArtifactId = org.osgi.util.pushstream, Version = 1.1.0, ArtifactType = jar, GroupId = org.osgi, ArtifactId = org.osgi.util.xml, Version = 1.0.2, ArtifactType = jar, GroupId = org.osgi, ArtifactId = osgi.annotation, Version = 8.1.0, ArtifactType = jar], IncludeDependencyScope = [compile], MissingManifestStrategy = ERROR, IncludeSource = true
[INFO] Downloading from eclipse-hosted: https://repo.eclipse.org/content/repositories/eclipse/org/osgi/org.osgi.annotation.bundle/2.0.0/org.osgi.annotation.bundle-2.0.0.pom
[INFO] Downloading from central: https://repo.maven.apache.org/maven2/org/osgi/org.osgi.annotation.bundle/2.0.0/org.osgi.annotation.bundle-2.0.0.pom
[INFO] Downloaded from central: https://repo.maven.apache.org/maven2/org/osgi/org.osgi.annotation.bundle/2.0.0/org.osgi.annotation.bundle-2.0.0.pom (1.7 kB at 66 kB/s)
[INFO] Downloading from eclipse-hosted: https://repo.eclipse.org/content/repositories/eclipse/org/osgi/org.osgi.annotation.bundle/2.0.0/org.osgi.annotation.bundle-2.0.0.jar
[INFO] Downloading from central: https://repo.maven.apache.org/maven2/org/osgi/org.osgi.annotation.bundle/2.0.0/org.osgi.annotation.bundle-2.0.0.jar
[INFO] Downloaded from central: https://repo.maven.apache.org/maven2/org/osgi/org.osgi.annotation.bundle/2.0.0/org.osgi.annotation.bundle-2.0.0.jar (29 kB at 1.2 MB/s)
[INFO] Downloading from eclipse-hosted: https://repo.eclipse.org/content/repositories/eclipse/org/osgi/org.osgi.annotation.bundle/2.0.0/org.osgi.annotation.bundle-2.0.0-sources.jar
[INFO] Downloading from central: https://repo.maven.apache.org/maven2/org/osgi/org.osgi.annotation.bundle/2.0.0/org.osgi.annotation.bundle-2.0.0-sources.jar
[INFO] Downloaded from central: https://repo.maven.apache.org/maven2/org/osgi/org.osgi.annotation.bundle/2.0.0/org.osgi.annotation.bundle-2.0.0-sources.jar (14 kB at 632 kB/s)
[INFO] Downloading from eclipse-hosted: https://repo.eclipse.org/content/repositories/eclipse/org/osgi/org.osgi.annotation.versioning/1.1.2/org.osgi.annotation.versioning-1.1.2.pom
[INFO] Downloading from central: https://repo.maven.apache.org/maven2/org/osgi/org.osgi.annotation.versioning/1.1.2/org.osgi.annotation.versioning-1.1.2.pom
[INFO] Downloaded from central: https://repo.maven.apache.org/maven2/org/osgi/org.osgi.annotation.versioning/1.1.2/org.osgi.annotation.versioning-1.1.2.pom (1.5 kB at 43 kB/s)
[INFO] Downloading from eclipse-hosted: https://repo.eclipse.org/content/repositories/eclipse/org/osgi/org.osgi.annotation.versioning/1.1.2/org.osgi.annotation.versioning-1.1.2.jar
[INFO] Downloading from central: https://repo.maven.apache.org/maven2/org/osgi/org.osgi.annotation.versioning/1.1.2/org.osgi.annotation.versioning-1.1.2.jar
[INFO] Downloaded from central: https://repo.maven.apache.org/maven2/org/osgi/org.osgi.annotation.versioning/1.1.2/org.osgi.annotation.versioning-1.1.2.jar (15 kB at 656 kB/s)
[INFO] Downloading from eclipse-hosted: https://repo.eclipse.org/content/repositories/eclipse/org/osgi/org.osgi.annotation.versioning/1.1.2/org.osgi.annotation.versioning-1.1.2-sources.jar
[INFO] Downloading from central: https://repo.maven.apache.org/maven2/org/osgi/org.osgi.annotation.versioning/1.1.2/org.osgi.annotation.versioning-1.1.2-sources.jar
[INFO] Downloaded from central: https://repo.maven.apache.org/maven2/org/osgi/org.osgi.annotation.versioning/1.1.2/org.osgi.annotation.versioning-1.1.2-sources.jar (5.4 kB at 257 kB/s)
[INFO] Downloading from eclipse-hosted: https://repo.eclipse.org/content/repositories/eclipse/org/osgi/org.osgi.namespace.contract/1.0.0/org.osgi.namespace.contract-1.0.0.pom
[INFO] Downloading from central: https://repo.maven.apache.org/maven2/org/osgi/org.osgi.namespace.contract/1.0.0/org.osgi.namespace.contract-1.0.0.pom
[INFO] Downloaded from central: https://repo.maven.apache.org/maven2/org/osgi/org.osgi.namespace.contract/1.0.0/org.osgi.namespace.contract-1.0.0.pom (1.3 kB at 45 kB/s)
[INFO] Downloading from eclipse-hosted: https://repo.eclipse.org/content/repositories/eclipse/org/osgi/org.osgi.namespace.contract/1.0.0/org.osgi.namespace.contract-1.0.0.jar
[INFO] Downloading from central: https://repo.maven.apache.org/maven2/org/osgi/org.osgi.namespace.contract/1.0.0/org.osgi.namespace.contract-1.0.0.jar
[INFO] Downloaded from central: https://repo.maven.apache.org/maven2/org/osgi/org.osgi.namespace.contract/1.0.0/org.osgi.namespace.contract-1.0.0.jar (12 kB at 505 kB/s)
[INFO] Downloading from eclipse-hosted: https://repo.eclipse.org/content/repositories/eclipse/org/osgi/org.osgi.namespace.contract/1.0.0/org.osgi.namespace.contract-1.0.0-sources.jar
[INFO] Downloading from central: https://repo.maven.apache.org/maven2/org/osgi/org.osgi.namespace.contract/1.0.0/org.osgi.namespace.contract-1.0.0-sources.jar
[INFO] Downloaded from central: https://repo.maven.apache.org/maven2/org/osgi/org.osgi.namespace.contract/1.0.0/org.osgi.namespace.contract-1.0.0-sources.jar (7.7 kB at 202 kB/s)
[INFO] Downloading from eclipse-hosted: https://repo.eclipse.org/content/repositories/eclipse/org/osgi/org.osgi.namespace.extender/1.0.1/org.osgi.namespace.extender-1.0.1-sources.jar
[INFO] Downloading from central: https://repo.maven.apache.org/maven2/org/osgi/org.osgi.namespace.extender/1.0.1/org.osgi.namespace.extender-1.0.1-sources.jar
[INFO] Downloaded from central: https://repo.maven.apache.org/maven2/org/osgi/org.osgi.namespace.extender/1.0.1/org.osgi.namespace.extender-1.0.1-sources.jar (7.7 kB at 265 kB/s)
[INFO] Artifact org.osgi:org.osgi.namespace.implementation:pom:1.0.0 is present in the local repository, but cached from a remote repository ID that is unavailable in current build context, verifying that is downloadable from [eclipse-hosted (https://repo.eclipse.org/content/repositories/eclipse/, default, releases+snapshots), eclipse (https://download.eclipse.org/eclipse/updates/4.41/R-4.41-202608281142/, p2, disabled), central (https://repo.maven.apache.org/maven2, default, releases)]
[INFO] Artifact org.osgi:org.osgi.namespace.implementation:pom:1.0.0 is present in the local repository, but cached from a remote repository ID that is unavailable in current build context, verifying that is downloadable from [eclipse-hosted (https://repo.eclipse.org/content/repositories/eclipse/, default, releases+snapshots), eclipse (https://download.eclipse.org/eclipse/updates/4.41/R-4.41-202608281142/, p2, disabled), central (https://repo.maven.apache.org/maven2, default, releases)]
[INFO] Downloading from eclipse-hosted: https://repo.eclipse.org/content/repositories/eclipse/org/osgi/org.osgi.namespace.implementation/1.0.0/org.osgi.namespace.implementation-1.0.0.pom
[INFO] Downloading from central: https://repo.maven.apache.org/maven2/org/osgi/org.osgi.namespace.implementation/1.0.0/org.osgi.namespace.implementation-1.0.0.pom
[INFO] Downloaded from central: https://repo.maven.apache.org/maven2/org/osgi/org.osgi.namespace.implementation/1.0.0/org.osgi.namespace.implementation-1.0.0.pom (0 B at 0 B/s)
[INFO] Downloading from eclipse-hosted: https://repo.eclipse.org/content/repositories/eclipse/org/osgi/org.osgi.namespace.implementation/1.0.0/org.osgi.namespace.implementation-1.0.0.jar
[INFO] Downloading from central: https://repo.maven.apache.org/maven2/org/osgi/org.osgi.namespace.implementation/1.0.0/org.osgi.namespace.implementation-1.0.0.jar
[INFO] Downloaded from central: https://repo.maven.apache.org/maven2/org/osgi/org.osgi.namespace.implementation/1.0.0/org.osgi.namespace.implementation-1.0.0.jar (12 kB at 441 kB/s)
[INFO] Downloading from eclipse-hosted: https://repo.eclipse.org/content/repositories/eclipse/org/osgi/org.osgi.namespace.implementation/1.0.0/org.osgi.namespace.implementation-1.0.0-sources.jar
[INFO] Downloading from central: https://repo.maven.apache.org/maven2/org/osgi/org.osgi.namespace.implementation/1.0.0/org.osgi.namespace.implementation-1.0.0-sources.jar
[INFO] Downloaded from central: https://repo.maven.apache.org/maven2/org/osgi/org.osgi.namespace.implementation/1.0.0/org.osgi.namespace.implementation-1.0.0-sources.jar (7.9 kB at 374 kB/s)
[INFO] Downloading from eclipse-hosted: https://repo.eclipse.org/content/repositories/eclipse/org/osgi/org.osgi.namespace.service/1.0.0/org.osgi.namespace.service-1.0.0.pom
[INFO] Downloading from central: https://repo.maven.apache.org/maven2/org/osgi/org.osgi.namespace.service/1.0.0/org.osgi.namespace.service-1.0.0.pom
[INFO] Downloaded from central: https://repo.maven.apache.org/maven2/org/osgi/org.osgi.namespace.service/1.0.0/org.osgi.namespace.service-1.0.0.pom (1.3 kB at 52 kB/s)
[INFO] Downloading from eclipse-hosted: https://repo.eclipse.org/content/repositories/eclipse/org/osgi/org.osgi.namespace.service/1.0.0/org.osgi.namespace.service-1.0.0.jar
[INFO] Downloading from central: https://repo.maven.apache.org/maven2/org/osgi/org.osgi.namespace.service/1.0.0/org.osgi.namespace.service-1.0.0.jar
[INFO] Downloaded from central: https://repo.maven.apache.org/maven2/org/osgi/org.osgi.namespace.service/1.0.0/org.osgi.namespace.service-1.0.0.jar (12 kB at 469 kB/s)
[INFO] Downloading from eclipse-hosted: https://repo.eclipse.org/content/repositories/eclipse/org/osgi/org.osgi.namespace.service/1.0.0/org.osgi.namespace.service-1.0.0-sources.jar
[INFO] Downloading from central: https://repo.maven.apache.org/maven2/org/osgi/org.osgi.namespace.service/1.0.0/org.osgi.namespace.service-1.0.0-sources.jar
[INFO] Downloaded from central: https://repo.maven.apache.org/maven2/org/osgi/org.osgi.namespace.service/1.0.0/org.osgi.namespace.service-1.0.0-sources.jar (7.8 kB at 433 kB/s)
[INFO] Downloading from eclipse-hosted: https://repo.eclipse.org/content/repositories/eclipse/org/osgi/org.osgi.service.cm/1.6.1/org.osgi.service.cm-1.6.1.pom
[INFO] Downloading from central: https://repo.maven.apache.org/maven2/org/osgi/org.osgi.service.cm/1.6.1/org.osgi.service.cm-1.6.1.pom
[INFO] Downloaded from central: https://repo.maven.apache.org/maven2/org/osgi/org.osgi.service.cm/1.6.1/org.osgi.service.cm-1.6.1.pom (2.1 kB at 86 kB/s)
[INFO] Downloading from eclipse-hosted: https://repo.eclipse.org/content/repositories/eclipse/org/osgi/org.osgi.service.cm/1.6.1/org.osgi.service.cm-1.6.1.jar
[INFO] Downloading from central: https://repo.maven.apache.org/maven2/org/osgi/org.osgi.service.cm/1.6.1/org.osgi.service.cm-1.6.1.jar
[INFO] Downloaded from central: https://repo.maven.apache.org/maven2/org/osgi/org.osgi.service.cm/1.6.1/org.osgi.service.cm-1.6.1.jar (56 kB at 2.8 MB/s)
[INFO] Downloading from eclipse-hosted: https://repo.eclipse.org/content/repositories/eclipse/org/osgi/org.osgi.service.cm/1.6.1/org.osgi.service.cm-1.6.1-sources.jar
[INFO] Downloading from central: https://repo.maven.apache.org/maven2/org/osgi/org.osgi.service.cm/1.6.1/org.osgi.service.cm-1.6.1-sources.jar
[INFO] Downloaded from central: https://repo.maven.apache.org/maven2/org/osgi/org.osgi.service.cm/1.6.1/org.osgi.service.cm-1.6.1-sources.jar (32 kB at 1.8 MB/s)
[INFO] Downloading from eclipse-hosted: https://repo.eclipse.org/content/repositories/eclipse/org/osgi/org.osgi.service.component.annotations/1.5.1/org.osgi.service.component.annotations-1.5.1.pom
[INFO] Downloading from central: https://repo.maven.apache.org/maven2/org/osgi/org.osgi.service.component.annotations/1.5.1/org.osgi.service.component.annotations-1.5.1.pom
[INFO] Downloaded from central: https://repo.maven.apache.org/maven2/org/osgi/org.osgi.service.component.annotations/1.5.1/org.osgi.service.component.annotations-1.5.1.pom (2.8 kB at 124 kB/s)
[INFO] Downloading from eclipse-hosted: https://repo.eclipse.org/content/repositories/eclipse/org/osgi/org.osgi.service.component.annotations/1.5.1/org.osgi.service.component.annotations-1.5.1.jar
[INFO] Downloading from central: https://repo.maven.apache.org/maven2/org/osgi/org.osgi.service.component.annotations/1.5.1/org.osgi.service.component.annotations-1.5.1.jar
[INFO] Downloaded from central: https://repo.maven.apache.org/maven2/org/osgi/org.osgi.service.component.annotations/1.5.1/org.osgi.service.component.annotations-1.5.1.jar (43 kB at 2.4 MB/s)
[INFO] Downloading from eclipse-hosted: https://repo.eclipse.org/content/repositories/eclipse/org/osgi/org.osgi.service.component.annotations/1.5.1/org.osgi.service.component.annotations-1.5.1-sources.jar
[INFO] Downloading from central: https://repo.maven.apache.org/maven2/org/osgi/org.osgi.service.component.annotations/1.5.1/org.osgi.service.component.annotations-1.5.1-sources.jar
[INFO] Downloaded from central: https://repo.maven.apache.org/maven2/org/osgi/org.osgi.service.component.annotations/1.5.1/org.osgi.service.component.annotations-1.5.1-sources.jar (23 kB at 1.3 MB/s)
[INFO] Downloading from eclipse-hosted: https://repo.eclipse.org/content/repositories/eclipse/org/osgi/org.osgi.service.component/1.5.1/org.osgi.service.component-1.5.1-sources.jar
[INFO] Downloading from central: https://repo.maven.apache.org/maven2/org/osgi/org.osgi.service.component/1.5.1/org.osgi.service.component-1.5.1-sources.jar
[INFO] Downloaded from central: https://repo.maven.apache.org/maven2/org/osgi/org.osgi.service.component/1.5.1/org.osgi.service.component-1.5.1-sources.jar (30 kB at 1.3 MB/s)
[INFO] Artifact org.osgi:org.osgi.service.coordinator:pom:1.0.2 is present in the local repository, but cached from a remote repository ID that is unavailable in current build context, verifying that is downloadable from [eclipse-hosted (https://repo.eclipse.org/content/repositories/eclipse/, default, releases+snapshots), eclipse (https://download.eclipse.org/eclipse/updates/4.41/R-4.41-202608281142/, p2, disabled), central (https://repo.maven.apache.org/maven2, default, releases)]
[INFO] Artifact org.osgi:org.osgi.service.coordinator:pom:1.0.2 is present in the local repository, but cached from a remote repository ID that is unavailable in current build context, verifying that is downloadable from [eclipse-hosted (https://repo.eclipse.org/content/repositories/eclipse/, default, releases+snapshots), eclipse (https://download.eclipse.org/eclipse/updates/4.41/R-4.41-202608281142/, p2, disabled), central (https://repo.maven.apache.org/maven2, default, releases)]
[INFO] Downloading from eclipse-hosted: https://repo.eclipse.org/content/repositories/eclipse/org/osgi/org.osgi.service.coordinator/1.0.2/org.osgi.service.coordinator-1.0.2.pom
[INFO] Downloading from central: https://repo.maven.apache.org/maven2/org/osgi/org.osgi.service.coordinator/1.0.2/org.osgi.service.coordinator-1.0.2.pom
[INFO] Downloaded from central: https://repo.maven.apache.org/maven2/org/osgi/org.osgi.service.coordinator/1.0.2/org.osgi.service.coordinator-1.0.2.pom (0 B at 0 B/s)
[INFO] Artifact org.osgi:org.osgi.service.coordinator:jar:1.0.2 is present in the local repository, but cached from a remote repository ID that is unavailable in current build context, verifying that is downloadable from [eclipse-hosted (https://repo.eclipse.org/content/repositories/eclipse/, default, releases+snapshots), eclipse (https://download.eclipse.org/eclipse/updates/4.41/R-4.41-202608281142/, p2, disabled), central (https://repo.maven.apache.org/maven2, default, releases)]
[INFO] Artifact org.osgi:org.osgi.service.coordinator:jar:1.0.2 is present in the local repository, but cached from a remote repository ID that is unavailable in current build context, verifying that is downloadable from [eclipse-hosted (https://repo.eclipse.org/content/repositories/eclipse/, default, releases+snapshots), eclipse (https://download.eclipse.org/eclipse/updates/4.41/R-4.41-202608281142/, p2, disabled), central (https://repo.maven.apache.org/maven2, default, releases)]
[INFO] Downloading from eclipse-hosted: https://repo.eclipse.org/content/repositories/eclipse/org/osgi/org.osgi.service.coordinator/1.0.2/org.osgi.service.coordinator-1.0.2.jar
[INFO] Downloading from central: https://repo.maven.apache.org/maven2/org/osgi/org.osgi.service.coordinator/1.0.2/org.osgi.service.coordinator-1.0.2.jar
[INFO] Downloaded from central: https://repo.maven.apache.org/maven2/org/osgi/org.osgi.service.coordinator/1.0.2/org.osgi.service.coordinator-1.0.2.jar (0 B at 0 B/s)
[INFO] Downloading from eclipse-hosted: https://repo.eclipse.org/content/repositories/eclipse/org/osgi/org.osgi.service.coordinator/1.0.2/org.osgi.service.coordinator-1.0.2-sources.jar
[INFO] Downloading from central: https://repo.maven.apache.org/maven2/org/osgi/org.osgi.service.coordinator/1.0.2/org.osgi.service.coordinator-1.0.2-sources.jar
[INFO] Downloaded from central: https://repo.maven.apache.org/maven2/org/osgi/org.osgi.service.coordinator/1.0.2/org.osgi.service.coordinator-1.0.2-sources.jar (24 kB at 695 kB/s)
[INFO] Downloading from eclipse-hosted: https://repo.eclipse.org/content/repositories/eclipse/org/osgi/org.osgi.service.device/1.1.1/org.osgi.service.device-1.1.1.pom
[INFO] Downloading from central: https://repo.maven.apache.org/maven2/org/osgi/org.osgi.service.device/1.1.1/org.osgi.service.device-1.1.1.pom
[INFO] Downloaded from central: https://repo.maven.apache.org/maven2/org/osgi/org.osgi.service.device/1.1.1/org.osgi.service.device-1.1.1.pom (1.9 kB at 31 kB/s)
[INFO] Downloading from eclipse-hosted: https://repo.eclipse.org/content/repositories/eclipse/org/osgi/org.osgi.service.device/1.1.1/org.osgi.service.device-1.1.1.jar
[INFO] Downloading from central: https://repo.maven.apache.org/maven2/org/osgi/org.osgi.service.device/1.1.1/org.osgi.service.device-1.1.1.jar
[INFO] Downloaded from central: https://repo.maven.apache.org/maven2/org/osgi/org.osgi.service.device/1.1.1/org.osgi.service.device-1.1.1.jar (20 kB at 657 kB/s)
[INFO] Downloading from eclipse-hosted: https://repo.eclipse.org/content/repositories/eclipse/org/osgi/org.osgi.service.device/1.1.1/org.osgi.service.device-1.1.1-sources.jar
[INFO] Downloading from central: https://repo.maven.apache.org/maven2/org/osgi/org.osgi.service.device/1.1.1/org.osgi.service.device-1.1.1-sources.jar
[INFO] Downloaded from central: https://repo.maven.apache.org/maven2/org/osgi/org.osgi.service.device/1.1.1/org.osgi.service.device-1.1.1-sources.jar (9.6 kB at 436 kB/s)
[INFO] Artifact org.osgi:org.osgi.service.event:pom:1.4.1 is present in the local repository, but cached from a remote repository ID that is unavailable in current build context, verifying that is downloadable from [eclipse-hosted (https://repo.eclipse.org/content/repositories/eclipse/, default, releases+snapshots), eclipse (https://download.eclipse.org/eclipse/updates/4.41/R-4.41-202608281142/, p2, disabled), central (https://repo.maven.apache.org/maven2, default, releases)]
[INFO] Artifact org.osgi:org.osgi.service.event:pom:1.4.1 is present in the local repository, but cached from a remote repository ID that is unavailable in current build context, verifying that is downloadable from [eclipse-hosted (https://repo.eclipse.org/content/repositories/eclipse/, default, releases+snapshots), eclipse (https://download.eclipse.org/eclipse/updates/4.41/R-4.41-202608281142/, p2, disabled), central (https://repo.maven.apache.org/maven2, default, releases)]
[INFO] Downloading from eclipse-hosted: https://repo.eclipse.org/content/repositories/eclipse/org/osgi/org.osgi.service.event/1.4.1/org.osgi.service.event-1.4.1.pom
[INFO] Downloading from central: https://repo.maven.apache.org/maven2/org/osgi/org.osgi.service.event/1.4.1/org.osgi.service.event-1.4.1.pom
[INFO] Downloaded from central: https://repo.maven.apache.org/maven2/org/osgi/org.osgi.service.event/1.4.1/org.osgi.service.event-1.4.1.pom (0 B at 0 B/s)
[INFO] Downloading from eclipse-hosted: https://repo.eclipse.org/content/repositories/eclipse/org/osgi/org.osgi.service.event/1.4.1/org.osgi.service.event-1.4.1.jar
[INFO] Downloading from central: https://repo.maven.apache.org/maven2/org/osgi/org.osgi.service.event/1.4.1/org.osgi.service.event-1.4.1.jar
[INFO] Downloaded from central: https://repo.maven.apache.org/maven2/org/osgi/org.osgi.service.event/1.4.1/org.osgi.service.event-1.4.1.jar (48 kB at 1.6 MB/s)
[INFO] Downloading from eclipse-hosted: https://repo.eclipse.org/content/repositories/eclipse/org/osgi/org.osgi.service.event/1.4.1/org.osgi.service.event-1.4.1-sources.jar
[INFO] Downloading from central: https://repo.maven.apache.org/maven2/org/osgi/org.osgi.service.event/1.4.1/org.osgi.service.event-1.4.1-sources.jar
[INFO] Downloaded from central: https://repo.maven.apache.org/maven2/org/osgi/org.osgi.service.event/1.4.1/org.osgi.service.event-1.4.1-sources.jar (23 kB at 1.0 MB/s)
[INFO] Downloading from eclipse-hosted: https://repo.eclipse.org/content/repositories/eclipse/org/osgi/org.osgi.service.http.whiteboard/1.1.1/org.osgi.service.http.whiteboard-1.1.1.pom
[INFO] Downloading from central: https://repo.maven.apache.org/maven2/org/osgi/org.osgi.service.http.whiteboard/1.1.1/org.osgi.service.http.whiteboard-1.1.1.pom
[INFO] Downloaded from central: https://repo.maven.apache.org/maven2/org/osgi/org.osgi.service.http.whiteboard/1.1.1/org.osgi.service.http.whiteboard-1.1.1.pom (2.7 kB at 73 kB/s)
[INFO] Downloading from eclipse-hosted: https://repo.eclipse.org/content/repositories/eclipse/org/osgi/org.osgi.service.http.whiteboard/1.1.1/org.osgi.service.http.whiteboard-1.1.1.jar
[INFO] Downloading from central: https://repo.maven.apache.org/maven2/org/osgi/org.osgi.service.http.whiteboard/1.1.1/org.osgi.service.http.whiteboard-1.1.1.jar
[INFO] Downloaded from central: https://repo.maven.apache.org/maven2/org/osgi/org.osgi.service.http.whiteboard/1.1.1/org.osgi.service.http.whiteboard-1.1.1.jar (100 kB at 3.8 MB/s)
[INFO] Downloading from eclipse-hosted: https://repo.eclipse.org/content/repositories/eclipse/org/osgi/org.osgi.service.http.whiteboard/1.1.1/org.osgi.service.http.whiteboard-1.1.1-sources.jar
[INFO] Downloading from central: https://repo.maven.apache.org/maven2/org/osgi/org.osgi.service.http.whiteboard/1.1.1/org.osgi.service.http.whiteboard-1.1.1-sources.jar
[INFO] Downloaded from central: https://repo.maven.apache.org/maven2/org/osgi/org.osgi.service.http.whiteboard/1.1.1/org.osgi.service.http.whiteboard-1.1.1-sources.jar (62 kB at 2.6 MB/s)
[INFO] Downloading from eclipse-hosted: https://repo.eclipse.org/content/repositories/eclipse/org/osgi/org.osgi.service.log.stream/1.0.0/org.osgi.service.log.stream-1.0.0.pom
[INFO] Downloading from central: https://repo.maven.apache.org/maven2/org/osgi/org.osgi.service.log.stream/1.0.0/org.osgi.service.log.stream-1.0.0.pom
[INFO] Downloaded from central: https://repo.maven.apache.org/maven2/org/osgi/org.osgi.service.log.stream/1.0.0/org.osgi.service.log.stream-1.0.0.pom (2.4 kB at 106 kB/s)
[INFO] Downloading from eclipse-hosted: https://repo.eclipse.org/content/repositories/eclipse/org/osgi/org.osgi.service.log.stream/1.0.0/org.osgi.service.log.stream-1.0.0.jar
[INFO] Downloading from central: https://repo.maven.apache.org/maven2/org/osgi/org.osgi.service.log.stream/1.0.0/org.osgi.service.log.stream-1.0.0.jar
[INFO] Downloaded from central: https://repo.maven.apache.org/maven2/org/osgi/org.osgi.service.log.stream/1.0.0/org.osgi.service.log.stream-1.0.0.jar (13 kB at 518 kB/s)
[INFO] Downloading from eclipse-hosted: https://repo.eclipse.org/content/repositories/eclipse/org/osgi/org.osgi.service.log.stream/1.0.0/org.osgi.service.log.stream-1.0.0-sources.jar
[INFO] Downloading from central: https://repo.maven.apache.org/maven2/org/osgi/org.osgi.service.log.stream/1.0.0/org.osgi.service.log.stream-1.0.0-sources.jar
[INFO] Downloaded from central: https://repo.maven.apache.org/maven2/org/osgi/org.osgi.service.log.stream/1.0.0/org.osgi.service.log.stream-1.0.0-sources.jar (3.1 kB at 142 kB/s)
[INFO] Downloading from eclipse-hosted: https://repo.eclipse.org/content/repositories/eclipse/org/osgi/org.osgi.service.metatype.annotations/1.4.1/org.osgi.service.metatype.annotations-1.4.1.pom
[INFO] Downloading from central: https://repo.maven.apache.org/maven2/org/osgi/org.osgi.service.metatype.annotations/1.4.1/org.osgi.service.metatype.annotations-1.4.1.pom
[INFO] Downloaded from central: https://repo.maven.apache.org/maven2/org/osgi/org.osgi.service.metatype.annotations/1.4.1/org.osgi.service.metatype.annotations-1.4.1.pom (2.3 kB at 100 kB/s)
[INFO] Downloading from eclipse-hosted: https://repo.eclipse.org/content/repositories/eclipse/org/osgi/org.osgi.service.metatype.annotations/1.4.1/org.osgi.service.metatype.annotations-1.4.1.jar
[INFO] Downloading from central: https://repo.maven.apache.org/maven2/org/osgi/org.osgi.service.metatype.annotations/1.4.1/org.osgi.service.metatype.annotations-1.4.1.jar
[INFO] Downloaded from central: https://repo.maven.apache.org/maven2/org/osgi/org.osgi.service.metatype.annotations/1.4.1/org.osgi.service.metatype.annotations-1.4.1.jar (28 kB at 1.1 MB/s)
[INFO] Downloading from eclipse-hosted: https://repo.eclipse.org/content/repositories/eclipse/org/osgi/org.osgi.service.metatype.annotations/1.4.1/org.osgi.service.metatype.annotations-1.4.1-sources.jar
[INFO] Downloading from central: https://repo.maven.apache.org/maven2/org/osgi/org.osgi.service.metatype.annotations/1.4.1/org.osgi.service.metatype.annotations-1.4.1-sources.jar
[INFO] Downloaded from central: https://repo.maven.apache.org/maven2/org/osgi/org.osgi.service.metatype.annotations/1.4.1/org.osgi.service.metatype.annotations-1.4.1-sources.jar (14 kB at 455 kB/s)
[INFO] Downloading from eclipse-hosted: https://repo.eclipse.org/content/repositories/eclipse/org/osgi/org.osgi.service.metatype/1.4.1/org.osgi.service.metatype-1.4.1.pom
[INFO] Downloading from central: https://repo.maven.apache.org/maven2/org/osgi/org.osgi.service.metatype/1.4.1/org.osgi.service.metatype-1.4.1.pom
[INFO] Downloaded from central: https://repo.maven.apache.org/maven2/org/osgi/org.osgi.service.metatype/1.4.1/org.osgi.service.metatype-1.4.1.pom (2.3 kB at 91 kB/s)
[INFO] Downloading from eclipse-hosted: https://repo.eclipse.org/content/repositories/eclipse/org/osgi/org.osgi.service.metatype/1.4.1/org.osgi.service.metatype-1.4.1.jar
[INFO] Downloading from central: https://repo.maven.apache.org/maven2/org/osgi/org.osgi.service.metatype/1.4.1/org.osgi.service.metatype-1.4.1.jar
[INFO] Downloaded from central: https://repo.maven.apache.org/maven2/org/osgi/org.osgi.service.metatype/1.4.1/org.osgi.service.metatype-1.4.1.jar (30 kB at 1.2 MB/s)
[INFO] Downloading from eclipse-hosted: https://repo.eclipse.org/content/repositories/eclipse/org/osgi/org.osgi.service.metatype/1.4.1/org.osgi.service.metatype-1.4.1-sources.jar
[INFO] Downloading from central: https://repo.maven.apache.org/maven2/org/osgi/org.osgi.service.metatype/1.4.1/org.osgi.service.metatype-1.4.1-sources.jar
[INFO] Downloaded from central: https://repo.maven.apache.org/maven2/org/osgi/org.osgi.service.metatype/1.4.1/org.osgi.service.metatype-1.4.1-sources.jar (11 kB at 389 kB/s)
[INFO] Downloading from eclipse-hosted: https://repo.eclipse.org/content/repositories/eclipse/org/osgi/org.osgi.service.prefs/1.1.2/org.osgi.service.prefs-1.1.2-sources.jar
[INFO] Downloading from central: https://repo.maven.apache.org/maven2/org/osgi/org.osgi.service.prefs/1.1.2/org.osgi.service.prefs-1.1.2-sources.jar
[INFO] Downloaded from central: https://repo.maven.apache.org/maven2/org/osgi/org.osgi.service.prefs/1.1.2/org.osgi.service.prefs-1.1.2-sources.jar (10 kB at 337 kB/s)
[INFO] Downloading from eclipse-hosted: https://repo.eclipse.org/content/repositories/eclipse/org/osgi/org.osgi.service.provisioning/1.2.0/org.osgi.service.provisioning-1.2.0.pom
[INFO] Downloading from central: https://repo.maven.apache.org/maven2/org/osgi/org.osgi.service.provisioning/1.2.0/org.osgi.service.provisioning-1.2.0.pom
[INFO] Downloaded from central: https://repo.maven.apache.org/maven2/org/osgi/org.osgi.service.provisioning/1.2.0/org.osgi.service.provisioning-1.2.0.pom (1.3 kB at 44 kB/s)
[INFO] Downloading from eclipse-hosted: https://repo.eclipse.org/content/repositories/eclipse/org/osgi/org.osgi.service.provisioning/1.2.0/org.osgi.service.provisioning-1.2.0.jar
[INFO] Downloading from central: https://repo.maven.apache.org/maven2/org/osgi/org.osgi.service.provisioning/1.2.0/org.osgi.service.provisioning-1.2.0.jar
[INFO] Downloaded from central: https://repo.maven.apache.org/maven2/org/osgi/org.osgi.service.provisioning/1.2.0/org.osgi.service.provisioning-1.2.0.jar (14 kB at 571 kB/s)
[INFO] Downloading from eclipse-hosted: https://repo.eclipse.org/content/repositories/eclipse/org/osgi/org.osgi.service.provisioning/1.2.0/org.osgi.service.provisioning-1.2.0-sources.jar
[INFO] Downloading from central: https://repo.maven.apache.org/maven2/org/osgi/org.osgi.service.provisioning/1.2.0/org.osgi.service.provisioning-1.2.0-sources.jar
[INFO] Downloaded from central: https://repo.maven.apache.org/maven2/org/osgi/org.osgi.service.provisioning/1.2.0/org.osgi.service.provisioning-1.2.0-sources.jar (9.8 kB at 392 kB/s)
[INFO] Downloading from eclipse-hosted: https://repo.eclipse.org/content/repositories/eclipse/org/osgi/org.osgi.service.repository/1.1.0/org.osgi.service.repository-1.1.0-sources.jar
[INFO] Downloading from central: https://repo.maven.apache.org/maven2/org/osgi/org.osgi.service.repository/1.1.0/org.osgi.service.repository-1.1.0-sources.jar
[INFO] Downloaded from central: https://repo.maven.apache.org/maven2/org/osgi/org.osgi.service.repository/1.1.0/org.osgi.service.repository-1.1.0-sources.jar (17 kB at 527 kB/s)
[INFO] Downloading from eclipse-hosted: https://repo.eclipse.org/content/repositories/eclipse/org/osgi/org.osgi.service.upnp/1.2.1/org.osgi.service.upnp-1.2.1.pom
[INFO] Downloading from central: https://repo.maven.apache.org/maven2/org/osgi/org.osgi.service.upnp/1.2.1/org.osgi.service.upnp-1.2.1.pom
[INFO] Downloaded from central: https://repo.maven.apache.org/maven2/org/osgi/org.osgi.service.upnp/1.2.1/org.osgi.service.upnp-1.2.1.pom (1.7 kB at 59 kB/s)
[INFO] Downloading from eclipse-hosted: https://repo.eclipse.org/content/repositories/eclipse/org/osgi/org.osgi.service.upnp/1.2.1/org.osgi.service.upnp-1.2.1.jar
[INFO] Downloading from central: https://repo.maven.apache.org/maven2/org/osgi/org.osgi.service.upnp/1.2.1/org.osgi.service.upnp-1.2.1.jar
[INFO] Downloaded from central: https://repo.maven.apache.org/maven2/org/osgi/org.osgi.service.upnp/1.2.1/org.osgi.service.upnp-1.2.1.jar (31 kB at 1.6 MB/s)
[INFO] Downloading from eclipse-hosted: https://repo.eclipse.org/content/repositories/eclipse/org/osgi/org.osgi.service.upnp/1.2.1/org.osgi.service.upnp-1.2.1-sources.jar
[INFO] Downloading from central: https://repo.maven.apache.org/maven2/org/osgi/org.osgi.service.upnp/1.2.1/org.osgi.service.upnp-1.2.1-sources.jar
[INFO] Downloaded from central: https://repo.maven.apache.org/maven2/org/osgi/org.osgi.service.upnp/1.2.1/org.osgi.service.upnp-1.2.1-sources.jar (18 kB at 862 kB/s)
[INFO] Downloading from eclipse-hosted: https://repo.eclipse.org/content/repositories/eclipse/org/osgi/org.osgi.service.useradmin/1.1.1/org.osgi.service.useradmin-1.1.1.pom
[INFO] Downloading from central: https://repo.maven.apache.org/maven2/org/osgi/org.osgi.service.useradmin/1.1.1/org.osgi.service.useradmin-1.1.1.pom
[INFO] Downloaded from central: https://repo.maven.apache.org/maven2/org/osgi/org.osgi.service.useradmin/1.1.1/org.osgi.service.useradmin-1.1.1.pom (1.9 kB at 49 kB/s)
[INFO] Downloading from eclipse-hosted: https://repo.eclipse.org/content/repositories/eclipse/org/osgi/org.osgi.service.useradmin/1.1.1/org.osgi.service.useradmin-1.1.1.jar
[INFO] Downloading from central: https://repo.maven.apache.org/maven2/org/osgi/org.osgi.service.useradmin/1.1.1/org.osgi.service.useradmin-1.1.1.jar
[INFO] Downloaded from central: https://repo.maven.apache.org/maven2/org/osgi/org.osgi.service.useradmin/1.1.1/org.osgi.service.useradmin-1.1.1.jar (37 kB at 1.9 MB/s)
[INFO] Downloading from eclipse-hosted: https://repo.eclipse.org/content/repositories/eclipse/org/osgi/org.osgi.service.useradmin/1.1.1/org.osgi.service.useradmin-1.1.1-sources.jar
[INFO] Downloading from central: https://repo.maven.apache.org/maven2/org/osgi/org.osgi.service.useradmin/1.1.1/org.osgi.service.useradmin-1.1.1-sources.jar
[INFO] Downloaded from central: https://repo.maven.apache.org/maven2/org/osgi/org.osgi.service.useradmin/1.1.1/org.osgi.service.useradmin-1.1.1-sources.jar (20 kB at 892 kB/s)
[INFO] Downloading from eclipse-hosted: https://repo.eclipse.org/content/repositories/eclipse/org/osgi/org.osgi.service.wireadmin/1.0.2/org.osgi.service.wireadmin-1.0.2.pom
[INFO] Downloading from central: https://repo.maven.apache.org/maven2/org/osgi/org.osgi.service.wireadmin/1.0.2/org.osgi.service.wireadmin-1.0.2.pom
[INFO] Downloaded from central: https://repo.maven.apache.org/maven2/org/osgi/org.osgi.service.wireadmin/1.0.2/org.osgi.service.wireadmin-1.0.2.pom (1.9 kB at 42 kB/s)
[INFO] Downloading from eclipse-hosted: https://repo.eclipse.org/content/repositories/eclipse/org/osgi/org.osgi.service.wireadmin/1.0.2/org.osgi.service.wireadmin-1.0.2.jar
[INFO] Downloading from central: https://repo.maven.apache.org/maven2/org/osgi/org.osgi.service.wireadmin/1.0.2/org.osgi.service.wireadmin-1.0.2.jar
[INFO] Downloaded from central: https://repo.maven.apache.org/maven2/org/osgi/org.osgi.service.wireadmin/1.0.2/org.osgi.service.wireadmin-1.0.2.jar (44 kB at 1.5 MB/s)
[INFO] Downloading from eclipse-hosted: https://repo.eclipse.org/content/repositories/eclipse/org/osgi/org.osgi.service.wireadmin/1.0.2/org.osgi.service.wireadmin-1.0.2-sources.jar
[INFO] Downloading from central: https://repo.maven.apache.org/maven2/org/osgi/org.osgi.service.wireadmin/1.0.2/org.osgi.service.wireadmin-1.0.2-sources.jar
[INFO] Downloaded from central: https://repo.maven.apache.org/maven2/org/osgi/org.osgi.service.wireadmin/1.0.2/org.osgi.service.wireadmin-1.0.2-sources.jar (26 kB at 887 kB/s)
[INFO] Artifact org.osgi:org.osgi.util.function:pom:1.2.0 is present in the local repository, but cached from a remote repository ID that is unavailable in current build context, verifying that is downloadable from [eclipse-hosted (https://repo.eclipse.org/content/repositories/eclipse/, default, releases+snapshots), eclipse (https://download.eclipse.org/eclipse/updates/4.41/R-4.41-202608281142/, p2, disabled), central (https://repo.maven.apache.org/maven2, default, releases)]
[INFO] Artifact org.osgi:org.osgi.util.function:pom:1.2.0 is present in the local repository, but cached from a remote repository ID that is unavailable in current build context, verifying that is downloadable from [eclipse-hosted (https://repo.eclipse.org/content/repositories/eclipse/, default, releases+snapshots), eclipse (https://download.eclipse.org/eclipse/updates/4.41/R-4.41-202608281142/, p2, disabled), central (https://repo.maven.apache.org/maven2, default, releases)]
[INFO] Downloading from eclipse-hosted: https://repo.eclipse.org/content/repositories/eclipse/org/osgi/org.osgi.util.function/1.2.0/org.osgi.util.function-1.2.0.pom
[INFO] Downloading from central: https://repo.maven.apache.org/maven2/org/osgi/org.osgi.util.function/1.2.0/org.osgi.util.function-1.2.0.pom
[INFO] Downloaded from central: https://repo.maven.apache.org/maven2/org/osgi/org.osgi.util.function/1.2.0/org.osgi.util.function-1.2.0.pom (0 B at 0 B/s)
[INFO] Artifact org.osgi:org.osgi.util.function:jar:1.2.0 is present in the local repository, but cached from a remote repository ID that is unavailable in current build context, verifying that is downloadable from [eclipse-hosted (https://repo.eclipse.org/content/repositories/eclipse/, default, releases+snapshots), eclipse (https://download.eclipse.org/eclipse/updates/4.41/R-4.41-202608281142/, p2, disabled), central (https://repo.maven.apache.org/maven2, default, releases)]
[INFO] Artifact org.osgi:org.osgi.util.function:jar:1.2.0 is present in the local repository, but cached from a remote repository ID that is unavailable in current build context, verifying that is downloadable from [eclipse-hosted (https://repo.eclipse.org/content/repositories/eclipse/, default, releases+snapshots), eclipse (https://download.eclipse.org/eclipse/updates/4.41/R-4.41-202608281142/, p2, disabled), central (https://repo.maven.apache.org/maven2, default, releases)]
[INFO] Downloading from eclipse-hosted: https://repo.eclipse.org/content/repositories/eclipse/org/osgi/org.osgi.util.function/1.2.0/org.osgi.util.function-1.2.0.jar
[INFO] Downloading from central: https://repo.maven.apache.org/maven2/org/osgi/org.osgi.util.function/1.2.0/org.osgi.util.function-1.2.0.jar
[INFO] Downloaded from central: https://repo.maven.apache.org/maven2/org/osgi/org.osgi.util.function/1.2.0/org.osgi.util.function-1.2.0.jar (0 B at 0 B/s)
[INFO] Downloading from eclipse-hosted: https://repo.eclipse.org/content/repositories/eclipse/org/osgi/org.osgi.util.function/1.2.0/org.osgi.util.function-1.2.0-sources.jar
[INFO] Downloading from central: https://repo.maven.apache.org/maven2/org/osgi/org.osgi.util.function/1.2.0/org.osgi.util.function-1.2.0-sources.jar
[INFO] Downloaded from central: https://repo.maven.apache.org/maven2/org/osgi/org.osgi.util.function/1.2.0/org.osgi.util.function-1.2.0-sources.jar (8.5 kB at 340 kB/s)
[INFO] Downloading from eclipse-hosted: https://repo.eclipse.org/content/repositories/eclipse/org/osgi/org.osgi.util.measurement/1.0.2/org.osgi.util.measurement-1.0.2.pom
[INFO] Downloading from central: https://repo.maven.apache.org/maven2/org/osgi/org.osgi.util.measurement/1.0.2/org.osgi.util.measurement-1.0.2.pom
[INFO] Downloaded from central: https://repo.maven.apache.org/maven2/org/osgi/org.osgi.util.measurement/1.0.2/org.osgi.util.measurement-1.0.2.pom (1.4 kB at 34 kB/s)
[INFO] Downloading from eclipse-hosted: https://repo.eclipse.org/content/repositories/eclipse/org/osgi/org.osgi.util.measurement/1.0.2/org.osgi.util.measurement-1.0.2.jar
[INFO] Downloading from central: https://repo.maven.apache.org/maven2/org/osgi/org.osgi.util.measurement/1.0.2/org.osgi.util.measurement-1.0.2.jar
[INFO] Downloaded from central: https://repo.maven.apache.org/maven2/org/osgi/org.osgi.util.measurement/1.0.2/org.osgi.util.measurement-1.0.2.jar (26 kB at 1.0 MB/s)
[INFO] Downloading from eclipse-hosted: https://repo.eclipse.org/content/repositories/eclipse/org/osgi/org.osgi.util.measurement/1.0.2/org.osgi.util.measurement-1.0.2-sources.jar
[INFO] Downloading from central: https://repo.maven.apache.org/maven2/org/osgi/org.osgi.util.measurement/1.0.2/org.osgi.util.measurement-1.0.2-sources.jar
[INFO] Downloaded from central: https://repo.maven.apache.org/maven2/org/osgi/org.osgi.util.measurement/1.0.2/org.osgi.util.measurement-1.0.2-sources.jar (11 kB at 528 kB/s)
[INFO] Downloading from eclipse-hosted: https://repo.eclipse.org/content/repositories/eclipse/org/osgi/org.osgi.util.position/1.0.1/org.osgi.util.position-1.0.1.pom
[INFO] Downloading from central: https://repo.maven.apache.org/maven2/org/osgi/org.osgi.util.position/1.0.1/org.osgi.util.position-1.0.1.pom
[INFO] Downloaded from central: https://repo.maven.apache.org/maven2/org/osgi/org.osgi.util.position/1.0.1/org.osgi.util.position-1.0.1.pom (1.3 kB at 39 kB/s)
[INFO] Downloading from eclipse-hosted: https://repo.eclipse.org/content/repositories/eclipse/org/osgi/org.osgi.util.position/1.0.1/org.osgi.util.position-1.0.1.jar
[INFO] Downloading from central: https://repo.maven.apache.org/maven2/org/osgi/org.osgi.util.position/1.0.1/org.osgi.util.position-1.0.1.jar
[INFO] Downloaded from central: https://repo.maven.apache.org/maven2/org/osgi/org.osgi.util.position/1.0.1/org.osgi.util.position-1.0.1.jar (14 kB at 740 kB/s)
[INFO] Downloading from eclipse-hosted: https://repo.eclipse.org/content/repositories/eclipse/org/osgi/org.osgi.util.position/1.0.1/org.osgi.util.position-1.0.1-sources.jar
[INFO] Downloading from central: https://repo.maven.apache.org/maven2/org/osgi/org.osgi.util.position/1.0.1/org.osgi.util.position-1.0.1-sources.jar
[INFO] Downloaded from central: https://repo.maven.apache.org/maven2/org/osgi/org.osgi.util.position/1.0.1/org.osgi.util.position-1.0.1-sources.jar (9.5 kB at 413 kB/s)
[INFO] Downloading from eclipse-hosted: https://repo.eclipse.org/content/repositories/eclipse/org/osgi/org.osgi.util.promise/1.3.0/org.osgi.util.promise-1.3.0-sources.jar
[INFO] Downloading from central: https://repo.maven.apache.org/maven2/org/osgi/org.osgi.util.promise/1.3.0/org.osgi.util.promise-1.3.0-sources.jar
[INFO] Downloaded from central: https://repo.maven.apache.org/maven2/org/osgi/org.osgi.util.promise/1.3.0/org.osgi.util.promise-1.3.0-sources.jar (30 kB at 1.2 MB/s)
[INFO] Downloading from eclipse-hosted: https://repo.eclipse.org/content/repositories/eclipse/org/osgi/org.osgi.util.pushstream/1.1.0/org.osgi.util.pushstream-1.1.0.pom
[INFO] Downloading from central: https://repo.maven.apache.org/maven2/org/osgi/org.osgi.util.pushstream/1.1.0/org.osgi.util.pushstream-1.1.0.pom
[INFO] Downloaded from central: https://repo.maven.apache.org/maven2/org/osgi/org.osgi.util.pushstream/1.1.0/org.osgi.util.pushstream-1.1.0.pom (2.1 kB at 71 kB/s)
[INFO] Downloading from eclipse-hosted: https://repo.eclipse.org/content/repositories/eclipse/org/osgi/org.osgi.util.pushstream/1.1.0/org.osgi.util.pushstream-1.1.0.jar
[INFO] Downloading from central: https://repo.maven.apache.org/maven2/org/osgi/org.osgi.util.pushstream/1.1.0/org.osgi.util.pushstream-1.1.0.jar
[INFO] Downloaded from central: https://repo.maven.apache.org/maven2/org/osgi/org.osgi.util.pushstream/1.1.0/org.osgi.util.pushstream-1.1.0.jar (137 kB at 6.0 MB/s)
[INFO] Downloading from eclipse-hosted: https://repo.eclipse.org/content/repositories/eclipse/org/osgi/org.osgi.util.pushstream/1.1.0/org.osgi.util.pushstream-1.1.0-sources.jar
[INFO] Downloading from central: https://repo.maven.apache.org/maven2/org/osgi/org.osgi.util.pushstream/1.1.0/org.osgi.util.pushstream-1.1.0-sources.jar
[INFO] Downloaded from central: https://repo.maven.apache.org/maven2/org/osgi/org.osgi.util.pushstream/1.1.0/org.osgi.util.pushstream-1.1.0-sources.jar (45 kB at 1.8 MB/s)
[INFO] Downloading from eclipse-hosted: https://repo.eclipse.org/content/repositories/eclipse/org/osgi/org.osgi.util.xml/1.0.2/org.osgi.util.xml-1.0.2.pom
[INFO] Downloading from central: https://repo.maven.apache.org/maven2/org/osgi/org.osgi.util.xml/1.0.2/org.osgi.util.xml-1.0.2.pom
[INFO] Downloaded from central: https://repo.maven.apache.org/maven2/org/osgi/org.osgi.util.xml/1.0.2/org.osgi.util.xml-1.0.2.pom (1.9 kB at 69 kB/s)
[INFO] Downloading from eclipse-hosted: https://repo.eclipse.org/content/repositories/eclipse/org/osgi/org.osgi.util.xml/1.0.2/org.osgi.util.xml-1.0.2.jar
[INFO] Downloading from central: https://repo.maven.apache.org/maven2/org/osgi/org.osgi.util.xml/1.0.2/org.osgi.util.xml-1.0.2.jar
[INFO] Downloaded from central: https://repo.maven.apache.org/maven2/org/osgi/org.osgi.util.xml/1.0.2/org.osgi.util.xml-1.0.2.jar (19 kB at 986 kB/s)
[INFO] Downloading from eclipse-hosted: https://repo.eclipse.org/content/repositories/eclipse/org/osgi/org.osgi.util.xml/1.0.2/org.osgi.util.xml-1.0.2-sources.jar
[INFO] Downloading from central: https://repo.maven.apache.org/maven2/org/osgi/org.osgi.util.xml/1.0.2/org.osgi.util.xml-1.0.2-sources.jar
[INFO] Downloaded from central: https://repo.maven.apache.org/maven2/org/osgi/org.osgi.util.xml/1.0.2/org.osgi.util.xml-1.0.2-sources.jar (6.5 kB at 325 kB/s)
[INFO] Downloading from eclipse-hosted: https://repo.eclipse.org/content/repositories/eclipse/org/osgi/osgi.annotation/8.1.0/osgi.annotation-8.1.0-sources.jar
[INFO] Downloading from central: https://repo.maven.apache.org/maven2/org/osgi/osgi.annotation/8.1.0/osgi.annotation-8.1.0-sources.jar
[INFO] Downloaded from central: https://repo.maven.apache.org/maven2/org/osgi/osgi.annotation/8.1.0/osgi.annotation-8.1.0-sources.jar (19 kB at 717 kB/s)
[INFO] Resolving MavenDependencyRoots = [GroupId = biz.aQute.bnd, ArtifactId = aQute.libg, Version = 7.3.0, ArtifactType = jar, GroupId = biz.aQute.bnd, ArtifactId = biz.aQute.bnd.annotation, Version = 7.3.0, ArtifactType = jar, GroupId = biz.aQute.bnd, ArtifactId = biz.aQute.bnd.embedded-repo, Version = 7.3.0, ArtifactType = jar, GroupId = biz.aQute.bnd, ArtifactId = biz.aQute.bnd.util, Version = 7.3.0, ArtifactType = jar, GroupId = biz.aQute.bnd, ArtifactId = biz.aQute.bndlib, Version = 7.3.0, ArtifactType = jar, GroupId = biz.aQute.bnd, ArtifactId = biz.aQute.repository, Version = 7.3.0, ArtifactType = jar, GroupId = biz.aQute.bnd, ArtifactId = biz.aQute.resolve, Version = 7.3.0, ArtifactType = jar, GroupId = biz.aQute.bnd, ArtifactId = biz.aQute.tester.junit-platform, Version = 7.3.0, ArtifactType = jar, GroupId = biz.aQute.bnd, ArtifactId = biz.aQute.tester, Version = 7.3.0, ArtifactType = jar, GroupId = org.bndtools, ArtifactId = bndtools.api, Version = 7.3.0, ArtifactType = jar, GroupId = org.bndtools, ArtifactId = bndtools.jareditor, Version = 7.3.0, ArtifactType = jar, GroupId = org.bndtools, ArtifactId = org.bndtools.headless.build.manager, Version = 7.3.0, ArtifactType = jar, GroupId = org.bndtools, ArtifactId = org.bndtools.headless.build.plugin.gradle, Version = 7.3.0, ArtifactType = jar, GroupId = org.bndtools, ArtifactId = org.bndtools.templates.template, Version = 7.3.0, ArtifactType = jar, GroupId = org.bndtools, ArtifactId = org.bndtools.templating, Version = 7.3.0, ArtifactType = jar, GroupId = org.bndtools, ArtifactId = org.bndtools.versioncontrol.ignores.manager, Version = 7.3.0, ArtifactType = jar, GroupId = org.bndtools, ArtifactId = org.bndtools.versioncontrol.ignores.plugin.git, Version = 7.3.0, ArtifactType = jar], IncludeDependencyScope = [compile], MissingManifestStrategy = ERROR, IncludeSource = true
[INFO] Downloading from eclipse-hosted: https://repo.eclipse.org/content/repositories/eclipse/biz/aQute/bnd/aQute.libg/7.3.0/aQute.libg-7.3.0.pom
[INFO] Downloading from central: https://repo.maven.apache.org/maven2/biz/aQute/bnd/aQute.libg/7.3.0/aQute.libg-7.3.0.pom
[INFO] Downloaded from central: https://repo.maven.apache.org/maven2/biz/aQute/bnd/aQute.libg/7.3.0/aQute.libg-7.3.0.pom (4.6 kB at 114 kB/s)
[INFO] Downloading from eclipse-hosted: https://repo.eclipse.org/content/repositories/eclipse/biz/aQute/bnd/aQute.libg/7.3.0/aQute.libg-7.3.0.jar
[INFO] Downloading from central: https://repo.maven.apache.org/maven2/biz/aQute/bnd/aQute.libg/7.3.0/aQute.libg-7.3.0.jar
[INFO] Downloaded from central: https://repo.maven.apache.org/maven2/biz/aQute/bnd/aQute.libg/7.3.0/aQute.libg-7.3.0.jar (1.1 MB at 43 MB/s)
[INFO] Downloading from eclipse-hosted: https://repo.eclipse.org/content/repositories/eclipse/biz/aQute/bnd/aQute.libg/7.3.0/aQute.libg-7.3.0-sources.jar
[INFO] Downloading from central: https://repo.maven.apache.org/maven2/biz/aQute/bnd/aQute.libg/7.3.0/aQute.libg-7.3.0-sources.jar
[INFO] Downloaded from central: https://repo.maven.apache.org/maven2/biz/aQute/bnd/aQute.libg/7.3.0/aQute.libg-7.3.0-sources.jar (329 kB at 14 MB/s)
[INFO] Downloading from eclipse-hosted: https://repo.eclipse.org/content/repositories/eclipse/biz/aQute/bnd/biz.aQute.bnd.annotation/7.3.0/biz.aQute.bnd.annotation-7.3.0.pom
[INFO] Downloading from central: https://repo.maven.apache.org/maven2/biz/aQute/bnd/biz.aQute.bnd.annotation/7.3.0/biz.aQute.bnd.annotation-7.3.0.pom
[INFO] Downloaded from central: https://repo.maven.apache.org/maven2/biz/aQute/bnd/biz.aQute.bnd.annotation/7.3.0/biz.aQute.bnd.annotation-7.3.0.pom (4.2 kB at 167 kB/s)
[INFO] Downloading from eclipse-hosted: https://repo.eclipse.org/content/repositories/eclipse/biz/aQute/bnd/biz.aQute.bnd.annotation/7.3.0/biz.aQute.bnd.annotation-7.3.0.jar
[INFO] Downloading from central: https://repo.maven.apache.org/maven2/biz/aQute/bnd/biz.aQute.bnd.annotation/7.3.0/biz.aQute.bnd.annotation-7.3.0.jar
[INFO] Downloaded from central: https://repo.maven.apache.org/maven2/biz/aQute/bnd/biz.aQute.bnd.annotation/7.3.0/biz.aQute.bnd.annotation-7.3.0.jar (103 kB at 3.2 MB/s)
[INFO] Downloading from eclipse-hosted: https://repo.eclipse.org/content/repositories/eclipse/biz/aQute/bnd/biz.aQute.bnd.annotation/7.3.0/biz.aQute.bnd.annotation-7.3.0-sources.jar
[INFO] Downloading from central: https://repo.maven.apache.org/maven2/biz/aQute/bnd/biz.aQute.bnd.annotation/7.3.0/biz.aQute.bnd.annotation-7.3.0-sources.jar
[INFO] Downloaded from central: https://repo.maven.apache.org/maven2/biz/aQute/bnd/biz.aQute.bnd.annotation/7.3.0/biz.aQute.bnd.annotation-7.3.0-sources.jar (48 kB at 2.0 MB/s)
[INFO] Downloading from eclipse-hosted: https://repo.eclipse.org/content/repositories/eclipse/biz/aQute/bnd/biz.aQute.bnd.embedded-repo/7.3.0/biz.aQute.bnd.embedded-repo-7.3.0.pom
[INFO] Downloading from central: https://repo.maven.apache.org/maven2/biz/aQute/bnd/biz.aQute.bnd.embedded-repo/7.3.0/biz.aQute.bnd.embedded-repo-7.3.0.pom
[INFO] Downloaded from central: https://repo.maven.apache.org/maven2/biz/aQute/bnd/biz.aQute.bnd.embedded-repo/7.3.0/biz.aQute.bnd.embedded-repo-7.3.0.pom (3.2 kB at 108 kB/s)
[INFO] Downloading from eclipse-hosted: https://repo.eclipse.org/content/repositories/eclipse/biz/aQute/bnd/biz.aQute.bnd.embedded-repo/7.3.0/biz.aQute.bnd.embedded-repo-7.3.0.jar
[INFO] Downloading from central: https://repo.maven.apache.org/maven2/biz/aQute/bnd/biz.aQute.bnd.embedded-repo/7.3.0/biz.aQute.bnd.embedded-repo-7.3.0.jar
[INFO] Downloaded from central: https://repo.maven.apache.org/maven2/biz/aQute/bnd/biz.aQute.bnd.embedded-repo/7.3.0/biz.aQute.bnd.embedded-repo-7.3.0.jar (6.2 MB at 109 MB/s)
[INFO] Downloading from eclipse-hosted: https://repo.eclipse.org/content/repositories/eclipse/biz/aQute/bnd/biz.aQute.bnd.embedded-repo/7.3.0/biz.aQute.bnd.embedded-repo-7.3.0-sources.jar
[INFO] Downloading from central: https://repo.maven.apache.org/maven2/biz/aQute/bnd/biz.aQute.bnd.embedded-repo/7.3.0/biz.aQute.bnd.embedded-repo-7.3.0-sources.jar
[INFO] Downloaded from central: https://repo.maven.apache.org/maven2/biz/aQute/bnd/biz.aQute.bnd.embedded-repo/7.3.0/biz.aQute.bnd.embedded-repo-7.3.0-sources.jar (301 B at 13 kB/s)
[INFO] Downloading from eclipse-hosted: https://repo.eclipse.org/content/repositories/eclipse/biz/aQute/bnd/biz.aQute.bnd.util/7.3.0/biz.aQute.bnd.util-7.3.0.pom
[INFO] Downloading from central: https://repo.maven.apache.org/maven2/biz/aQute/bnd/biz.aQute.bnd.util/7.3.0/biz.aQute.bnd.util-7.3.0.pom
[INFO] Downloaded from central: https://repo.maven.apache.org/maven2/biz/aQute/bnd/biz.aQute.bnd.util/7.3.0/biz.aQute.bnd.util-7.3.0.pom (3.4 kB at 148 kB/s)
[INFO] Downloading from eclipse-hosted: https://repo.eclipse.org/content/repositories/eclipse/biz/aQute/bnd/biz.aQute.bnd.util/7.3.0/biz.aQute.bnd.util-7.3.0.jar
[INFO] Downloading from central: https://repo.maven.apache.org/maven2/biz/aQute/bnd/biz.aQute.bnd.util/7.3.0/biz.aQute.bnd.util-7.3.0.jar
[INFO] Downloaded from central: https://repo.maven.apache.org/maven2/biz/aQute/bnd/biz.aQute.bnd.util/7.3.0/biz.aQute.bnd.util-7.3.0.jar (454 kB at 16 MB/s)
[INFO] Downloading from eclipse-hosted: https://repo.eclipse.org/content/repositories/eclipse/biz/aQute/bnd/biz.aQute.bnd.util/7.3.0/biz.aQute.bnd.util-7.3.0-sources.jar
[INFO] Downloading from central: https://repo.maven.apache.org/maven2/biz/aQute/bnd/biz.aQute.bnd.util/7.3.0/biz.aQute.bnd.util-7.3.0-sources.jar
[INFO] Downloaded from central: https://repo.maven.apache.org/maven2/biz/aQute/bnd/biz.aQute.bnd.util/7.3.0/biz.aQute.bnd.util-7.3.0-sources.jar (129 kB at 5.0 MB/s)
[INFO] Downloading from eclipse-hosted: https://repo.eclipse.org/content/repositories/eclipse/biz/aQute/bnd/biz.aQute.bndlib/7.3.0/biz.aQute.bndlib-7.3.0.pom
[INFO] Downloading from central: https://repo.maven.apache.org/maven2/biz/aQute/bnd/biz.aQute.bndlib/7.3.0/biz.aQute.bndlib-7.3.0.pom
[INFO] Downloaded from central: https://repo.maven.apache.org/maven2/biz/aQute/bnd/biz.aQute.bndlib/7.3.0/biz.aQute.bndlib-7.3.0.pom (6.2 kB at 257 kB/s)
[INFO] Downloading from eclipse-hosted: https://repo.eclipse.org/content/repositories/eclipse/biz/aQute/bnd/biz.aQute.bndlib/7.3.0/biz.aQute.bndlib-7.3.0.jar
[INFO] Downloading from central: https://repo.maven.apache.org/maven2/biz/aQute/bnd/biz.aQute.bndlib/7.3.0/biz.aQute.bndlib-7.3.0.jar
[INFO] Downloaded from central: https://repo.maven.apache.org/maven2/biz/aQute/bnd/biz.aQute.bndlib/7.3.0/biz.aQute.bndlib-7.3.0.jar (3.5 MB at 76 MB/s)
[INFO] Downloading from eclipse-hosted: https://repo.eclipse.org/content/repositories/eclipse/biz/aQute/bnd/biz.aQute.bndlib/7.3.0/biz.aQute.bndlib-7.3.0-sources.jar
[INFO] Downloading from central: https://repo.maven.apache.org/maven2/biz/aQute/bnd/biz.aQute.bndlib/7.3.0/biz.aQute.bndlib-7.3.0-sources.jar
[INFO] Downloaded from central: https://repo.maven.apache.org/maven2/biz/aQute/bnd/biz.aQute.bndlib/7.3.0/biz.aQute.bndlib-7.3.0-sources.jar (1.1 MB at 27 MB/s)
[INFO] Downloading from eclipse-hosted: https://repo.eclipse.org/content/repositories/eclipse/biz/aQute/bnd/biz.aQute.repository/7.3.0/biz.aQute.repository-7.3.0.pom
[INFO] Downloading from central: https://repo.maven.apache.org/maven2/biz/aQute/bnd/biz.aQute.repository/7.3.0/biz.aQute.repository-7.3.0.pom
[INFO] Downloaded from central: https://repo.maven.apache.org/maven2/biz/aQute/bnd/biz.aQute.repository/7.3.0/biz.aQute.repository-7.3.0.pom (5.6 kB at 200 kB/s)
[INFO] Downloading from eclipse-hosted: https://repo.eclipse.org/content/repositories/eclipse/biz/aQute/bnd/biz.aQute.repository/7.3.0/biz.aQute.repository-7.3.0.jar
[INFO] Downloading from central: https://repo.maven.apache.org/maven2/biz/aQute/bnd/biz.aQute.repository/7.3.0/biz.aQute.repository-7.3.0.jar
[INFO] Downloaded from central: https://repo.maven.apache.org/maven2/biz/aQute/bnd/biz.aQute.repository/7.3.0/biz.aQute.repository-7.3.0.jar (1.2 MB at 45 MB/s)
[INFO] Downloading from eclipse-hosted: https://repo.eclipse.org/content/repositories/eclipse/biz/aQute/bnd/biz.aQute.repository/7.3.0/biz.aQute.repository-7.3.0-sources.jar
[INFO] Downloading from central: https://repo.maven.apache.org/maven2/biz/aQute/bnd/biz.aQute.repository/7.3.0/biz.aQute.repository-7.3.0-sources.jar
[INFO] Downloaded from central: https://repo.maven.apache.org/maven2/biz/aQute/bnd/biz.aQute.repository/7.3.0/biz.aQute.repository-7.3.0-sources.jar (335 kB at 10 MB/s)
[INFO] Downloading from eclipse-hosted: https://repo.eclipse.org/content/repositories/eclipse/biz/aQute/bnd/biz.aQute.resolve/7.3.0/biz.aQute.resolve-7.3.0.pom
[INFO] Downloading from central: https://repo.maven.apache.org/maven2/biz/aQute/bnd/biz.aQute.resolve/7.3.0/biz.aQute.resolve-7.3.0.pom
[INFO] Downloaded from central: https://repo.maven.apache.org/maven2/biz/aQute/bnd/biz.aQute.resolve/7.3.0/biz.aQute.resolve-7.3.0.pom (6.1 kB at 246 kB/s)
[INFO] Downloading from eclipse-hosted: https://repo.eclipse.org/content/repositories/eclipse/biz/aQute/bnd/biz.aQute.resolve/7.3.0/biz.aQute.resolve-7.3.0.jar
[INFO] Downloading from central: https://repo.maven.apache.org/maven2/biz/aQute/bnd/biz.aQute.resolve/7.3.0/biz.aQute.resolve-7.3.0.jar
[INFO] Downloaded from central: https://repo.maven.apache.org/maven2/biz/aQute/bnd/biz.aQute.resolve/7.3.0/biz.aQute.resolve-7.3.0.jar (691 kB at 20 MB/s)
[INFO] Downloading from eclipse-hosted: https://repo.eclipse.org/content/repositories/eclipse/biz/aQute/bnd/biz.aQute.resolve/7.3.0/biz.aQute.resolve-7.3.0-sources.jar
[INFO] Downloading from central: https://repo.maven.apache.org/maven2/biz/aQute/bnd/biz.aQute.resolve/7.3.0/biz.aQute.resolve-7.3.0-sources.jar
[INFO] Downloaded from central: https://repo.maven.apache.org/maven2/biz/aQute/bnd/biz.aQute.resolve/7.3.0/biz.aQute.resolve-7.3.0-sources.jar (215 kB at 8.3 MB/s)
[INFO] Downloading from eclipse-hosted: https://repo.eclipse.org/content/repositories/eclipse/biz/aQute/bnd/biz.aQute.tester.junit-platform/7.3.0/biz.aQute.tester.junit-platform-7.3.0.pom
[INFO] Downloading from central: https://repo.maven.apache.org/maven2/biz/aQute/bnd/biz.aQute.tester.junit-platform/7.3.0/biz.aQute.tester.junit-platform-7.3.0.pom
[INFO] Downloaded from central: https://repo.maven.apache.org/maven2/biz/aQute/bnd/biz.aQute.tester.junit-platform/7.3.0/biz.aQute.tester.junit-platform-7.3.0.pom (5.8 kB at 188 kB/s)
[INFO] Downloading from eclipse-hosted: https://repo.eclipse.org/content/repositories/eclipse/biz/aQute/bnd/biz.aQute.tester.junit-platform/7.3.0/biz.aQute.tester.junit-platform-7.3.0.jar
[INFO] Downloading from central: https://repo.maven.apache.org/maven2/biz/aQute/bnd/biz.aQute.tester.junit-platform/7.3.0/biz.aQute.tester.junit-platform-7.3.0.jar
[INFO] Downloaded from central: https://repo.maven.apache.org/maven2/biz/aQute/bnd/biz.aQute.tester.junit-platform/7.3.0/biz.aQute.tester.junit-platform-7.3.0.jar (158 kB at 3.3 MB/s)
[INFO] Downloading from eclipse-hosted: https://repo.eclipse.org/content/repositories/eclipse/biz/aQute/bnd/biz.aQute.tester.junit-platform/7.3.0/biz.aQute.tester.junit-platform-7.3.0-sources.jar
[INFO] Downloading from central: https://repo.maven.apache.org/maven2/biz/aQute/bnd/biz.aQute.tester.junit-platform/7.3.0/biz.aQute.tester.junit-platform-7.3.0-sources.jar
[INFO] Downloaded from central: https://repo.maven.apache.org/maven2/biz/aQute/bnd/biz.aQute.tester.junit-platform/7.3.0/biz.aQute.tester.junit-platform-7.3.0-sources.jar (47 kB at 1.9 MB/s)
[INFO] Downloading from eclipse-hosted: https://repo.eclipse.org/content/repositories/eclipse/biz/aQute/bnd/biz.aQute.tester/7.3.0/biz.aQute.tester-7.3.0.pom
[INFO] Downloading from central: https://repo.maven.apache.org/maven2/biz/aQute/bnd/biz.aQute.tester/7.3.0/biz.aQute.tester-7.3.0.pom
[INFO] Downloaded from central: https://repo.maven.apache.org/maven2/biz/aQute/bnd/biz.aQute.tester/7.3.0/biz.aQute.tester-7.3.0.pom (4.4 kB at 176 kB/s)
[INFO] Downloading from eclipse-hosted: https://repo.eclipse.org/content/repositories/eclipse/biz/aQute/bnd/biz.aQute.tester/7.3.0/biz.aQute.tester-7.3.0.jar
[INFO] Downloading from central: https://repo.maven.apache.org/maven2/biz/aQute/bnd/biz.aQute.tester/7.3.0/biz.aQute.tester-7.3.0.jar
[INFO] Downloaded from central: https://repo.maven.apache.org/maven2/biz/aQute/bnd/biz.aQute.tester/7.3.0/biz.aQute.tester-7.3.0.jar (83 kB at 3.3 MB/s)
[INFO] Downloading from eclipse-hosted: https://repo.eclipse.org/content/repositories/eclipse/biz/aQute/bnd/biz.aQute.tester/7.3.0/biz.aQute.tester-7.3.0-sources.jar
[INFO] Downloading from central: https://repo.maven.apache.org/maven2/biz/aQute/bnd/biz.aQute.tester/7.3.0/biz.aQute.tester-7.3.0-sources.jar
[INFO] Downloaded from central: https://repo.maven.apache.org/maven2/biz/aQute/bnd/biz.aQute.tester/7.3.0/biz.aQute.tester-7.3.0-sources.jar (26 kB at 958 kB/s)
[INFO] Downloading from eclipse-hosted: https://repo.eclipse.org/content/repositories/eclipse/org/bndtools/bndtools.api/7.3.0/bndtools.api-7.3.0.pom
[INFO] Downloading from central: https://repo.maven.apache.org/maven2/org/bndtools/bndtools.api/7.3.0/bndtools.api-7.3.0.pom
[INFO] Downloaded from central: https://repo.maven.apache.org/maven2/org/bndtools/bndtools.api/7.3.0/bndtools.api-7.3.0.pom (3.9 kB at 106 kB/s)
[INFO] Downloading from eclipse-hosted: https://repo.eclipse.org/content/repositories/eclipse/org/bndtools/bndtools.api/7.3.0/bndtools.api-7.3.0.jar
[INFO] Downloading from central: https://repo.maven.apache.org/maven2/org/bndtools/bndtools.api/7.3.0/bndtools.api-7.3.0.jar
[INFO] Downloaded from central: https://repo.maven.apache.org/maven2/org/bndtools/bndtools.api/7.3.0/bndtools.api-7.3.0.jar (66 kB at 2.0 MB/s)
[INFO] Downloading from eclipse-hosted: https://repo.eclipse.org/content/repositories/eclipse/org/bndtools/bndtools.api/7.3.0/bndtools.api-7.3.0-sources.jar
[INFO] Downloading from central: https://repo.maven.apache.org/maven2/org/bndtools/bndtools.api/7.3.0/bndtools.api-7.3.0-sources.jar
[INFO] Downloaded from central: https://repo.maven.apache.org/maven2/org/bndtools/bndtools.api/7.3.0/bndtools.api-7.3.0-sources.jar (22 kB at 892 kB/s)
[INFO] Downloading from eclipse-hosted: https://repo.eclipse.org/content/repositories/eclipse/org/bndtools/bndtools.jareditor/7.3.0/bndtools.jareditor-7.3.0.pom
[INFO] Downloading from central: https://repo.maven.apache.org/maven2/org/bndtools/bndtools.jareditor/7.3.0/bndtools.jareditor-7.3.0.pom
[INFO] Downloaded from central: https://repo.maven.apache.org/maven2/org/bndtools/bndtools.jareditor/7.3.0/bndtools.jareditor-7.3.0.pom (4.1 kB at 152 kB/s)
[INFO] Downloading from eclipse-hosted: https://repo.eclipse.org/content/repositories/eclipse/org/bndtools/bndtools.jareditor/7.3.0/bndtools.jareditor-7.3.0.jar
[INFO] Downloading from central: https://repo.maven.apache.org/maven2/org/bndtools/bndtools.jareditor/7.3.0/bndtools.jareditor-7.3.0.jar
[INFO] Downloaded from central: https://repo.maven.apache.org/maven2/org/bndtools/bndtools.jareditor/7.3.0/bndtools.jareditor-7.3.0.jar (294 kB at 9.8 MB/s)
[INFO] Downloading from eclipse-hosted: https://repo.eclipse.org/content/repositories/eclipse/org/bndtools/bndtools.jareditor/7.3.0/bndtools.jareditor-7.3.0-sources.jar
[INFO] Downloading from central: https://repo.maven.apache.org/maven2/org/bndtools/bndtools.jareditor/7.3.0/bndtools.jareditor-7.3.0-sources.jar
[INFO] Downloaded from central: https://repo.maven.apache.org/maven2/org/bndtools/bndtools.jareditor/7.3.0/bndtools.jareditor-7.3.0-sources.jar (77 kB at 2.5 MB/s)
[INFO] Downloading from eclipse-hosted: https://repo.eclipse.org/content/repositories/eclipse/org/bndtools/org.bndtools.headless.build.manager/7.3.0/org.bndtools.headless.build.manager-7.3.0.pom
[INFO] Downloading from central: https://repo.maven.apache.org/maven2/org/bndtools/org.bndtools.headless.build.manager/7.3.0/org.bndtools.headless.build.manager-7.3.0.pom
[INFO] Downloaded from central: https://repo.maven.apache.org/maven2/org/bndtools/org.bndtools.headless.build.manager/7.3.0/org.bndtools.headless.build.manager-7.3.0.pom (3.8 kB at 91 kB/s)
[INFO] Downloading from eclipse-hosted: https://repo.eclipse.org/content/repositories/eclipse/org/bndtools/org.bndtools.headless.build.manager/7.3.0/org.bndtools.headless.build.manager-7.3.0.jar
[INFO] Downloading from central: https://repo.maven.apache.org/maven2/org/bndtools/org.bndtools.headless.build.manager/7.3.0/org.bndtools.headless.build.manager-7.3.0.jar
[INFO] Downloaded from central: https://repo.maven.apache.org/maven2/org/bndtools/org.bndtools.headless.build.manager/7.3.0/org.bndtools.headless.build.manager-7.3.0.jar (14 kB at 489 kB/s)
[INFO] Downloading from eclipse-hosted: https://repo.eclipse.org/content/repositories/eclipse/org/bndtools/org.bndtools.headless.build.manager/7.3.0/org.bndtools.headless.build.manager-7.3.0-sources.jar
[INFO] Downloading from central: https://repo.maven.apache.org/maven2/org/bndtools/org.bndtools.headless.build.manager/7.3.0/org.bndtools.headless.build.manager-7.3.0-sources.jar
[INFO] Downloaded from central: https://repo.maven.apache.org/maven2/org/bndtools/org.bndtools.headless.build.manager/7.3.0/org.bndtools.headless.build.manager-7.3.0-sources.jar (4.4 kB at 184 kB/s)
[INFO] Downloading from eclipse-hosted: https://repo.eclipse.org/content/repositories/eclipse/org/bndtools/org.bndtools.headless.build.plugin.gradle/7.3.0/org.bndtools.headless.build.plugin.gradle-7.3.0.pom
[INFO] Downloading from central: https://repo.maven.apache.org/maven2/org/bndtools/org.bndtools.headless.build.plugin.gradle/7.3.0/org.bndtools.headless.build.plugin.gradle-7.3.0.pom
[INFO] Downloaded from central: https://repo.maven.apache.org/maven2/org/bndtools/org.bndtools.headless.build.plugin.gradle/7.3.0/org.bndtools.headless.build.plugin.gradle-7.3.0.pom (9.4 kB at 325 kB/s)
[INFO] Downloading from eclipse-hosted: https://repo.eclipse.org/content/repositories/eclipse/org/bndtools/org.bndtools.headless.build.plugin.gradle/7.3.0/org.bndtools.headless.build.plugin.gradle-7.3.0.jar
[INFO] Downloading from central: https://repo.maven.apache.org/maven2/org/bndtools/org.bndtools.headless.build.plugin.gradle/7.3.0/org.bndtools.headless.build.plugin.gradle-7.3.0.jar
[INFO] Downloaded from central: https://repo.maven.apache.org/maven2/org/bndtools/org.bndtools.headless.build.plugin.gradle/7.3.0/org.bndtools.headless.build.plugin.gradle-7.3.0.jar (118 kB at 5.1 MB/s)
[INFO] Downloading from eclipse-hosted: https://repo.eclipse.org/content/repositories/eclipse/org/bndtools/org.bndtools.headless.build.plugin.gradle/7.3.0/org.bndtools.headless.build.plugin.gradle-7.3.0-sources.jar
[INFO] Downloading from central: https://repo.maven.apache.org/maven2/org/bndtools/org.bndtools.headless.build.plugin.gradle/7.3.0/org.bndtools.headless.build.plugin.gradle-7.3.0-sources.jar
[INFO] Downloaded from central: https://repo.maven.apache.org/maven2/org/bndtools/org.bndtools.headless.build.plugin.gradle/7.3.0/org.bndtools.headless.build.plugin.gradle-7.3.0-sources.jar (36 kB at 1.3 MB/s)
[INFO] Downloading from eclipse-hosted: https://repo.eclipse.org/content/repositories/eclipse/org/bndtools/org.bndtools.templates.template/7.3.0/org.bndtools.templates.template-7.3.0.pom
[INFO] Downloading from central: https://repo.maven.apache.org/maven2/org/bndtools/org.bndtools.templates.template/7.3.0/org.bndtools.templates.template-7.3.0.pom
[INFO] Downloaded from central: https://repo.maven.apache.org/maven2/org/bndtools/org.bndtools.templates.template/7.3.0/org.bndtools.templates.template-7.3.0.pom (3.2 kB at 146 kB/s)
[INFO] Downloading from eclipse-hosted: https://repo.eclipse.org/content/repositories/eclipse/org/bndtools/org.bndtools.templates.template/7.3.0/org.bndtools.templates.template-7.3.0.jar
[INFO] Downloading from central: https://repo.maven.apache.org/maven2/org/bndtools/org.bndtools.templates.template/7.3.0/org.bndtools.templates.template-7.3.0.jar
[INFO] Downloaded from central: https://repo.maven.apache.org/maven2/org/bndtools/org.bndtools.templates.template/7.3.0/org.bndtools.templates.template-7.3.0.jar (19 kB at 617 kB/s)
[INFO] Downloading from eclipse-hosted: https://repo.eclipse.org/content/repositories/eclipse/org/bndtools/org.bndtools.templates.template/7.3.0/org.bndtools.templates.template-7.3.0-sources.jar
[INFO] Downloading from central: https://repo.maven.apache.org/maven2/org/bndtools/org.bndtools.templates.template/7.3.0/org.bndtools.templates.template-7.3.0-sources.jar
[INFO] Downloaded from central: https://repo.maven.apache.org/maven2/org/bndtools/org.bndtools.templates.template/7.3.0/org.bndtools.templates.template-7.3.0-sources.jar (301 B at 14 kB/s)
[INFO] Downloading from eclipse-hosted: https://repo.eclipse.org/content/repositories/eclipse/org/bndtools/org.bndtools.templating/7.3.0/org.bndtools.templating-7.3.0.pom
[INFO] Downloading from central: https://repo.maven.apache.org/maven2/org/bndtools/org.bndtools.templating/7.3.0/org.bndtools.templating-7.3.0.pom
[INFO] Downloaded from central: https://repo.maven.apache.org/maven2/org/bndtools/org.bndtools.templating/7.3.0/org.bndtools.templating-7.3.0.pom (5.7 kB at 195 kB/s)
[INFO] Downloading from eclipse-hosted: https://repo.eclipse.org/content/repositories/eclipse/org/bndtools/org.bndtools.templating/7.3.0/org.bndtools.templating-7.3.0.jar
[INFO] Downloading from central: https://repo.maven.apache.org/maven2/org/bndtools/org.bndtools.templating/7.3.0/org.bndtools.templating-7.3.0.jar
[INFO] Downloaded from central: https://repo.maven.apache.org/maven2/org/bndtools/org.bndtools.templating/7.3.0/org.bndtools.templating-7.3.0.jar (3.3 MB at 98 MB/s)
[INFO] Downloading from eclipse-hosted: https://repo.eclipse.org/content/repositories/eclipse/org/bndtools/org.bndtools.templating/7.3.0/org.bndtools.templating-7.3.0-sources.jar
[INFO] Downloading from central: https://repo.maven.apache.org/maven2/org/bndtools/org.bndtools.templating/7.3.0/org.bndtools.templating-7.3.0-sources.jar
[INFO] Downloaded from central: https://repo.maven.apache.org/maven2/org/bndtools/org.bndtools.templating/7.3.0/org.bndtools.templating-7.3.0-sources.jar (48 kB at 2.2 MB/s)
[INFO] Downloading from eclipse-hosted: https://repo.eclipse.org/content/repositories/eclipse/org/bndtools/org.bndtools.versioncontrol.ignores.manager/7.3.0/org.bndtools.versioncontrol.ignores.manager-7.3.0.pom
[INFO] Downloading from central: https://repo.maven.apache.org/maven2/org/bndtools/org.bndtools.versioncontrol.ignores.manager/7.3.0/org.bndtools.versioncontrol.ignores.manager-7.3.0.pom
[INFO] Downloaded from central: https://repo.maven.apache.org/maven2/org/bndtools/org.bndtools.versioncontrol.ignores.manager/7.3.0/org.bndtools.versioncontrol.ignores.manager-7.3.0.pom (3.9 kB at 120 kB/s)
[INFO] Downloading from eclipse-hosted: https://repo.eclipse.org/content/repositories/eclipse/org/bndtools/org.bndtools.versioncontrol.ignores.manager/7.3.0/org.bndtools.versioncontrol.ignores.manager-7.3.0.jar
[INFO] Downloading from central: https://repo.maven.apache.org/maven2/org/bndtools/org.bndtools.versioncontrol.ignores.manager/7.3.0/org.bndtools.versioncontrol.ignores.manager-7.3.0.jar
[INFO] Downloaded from central: https://repo.maven.apache.org/maven2/org/bndtools/org.bndtools.versioncontrol.ignores.manager/7.3.0/org.bndtools.versioncontrol.ignores.manager-7.3.0.jar (17 kB at 577 kB/s)
[INFO] Downloading from eclipse-hosted: https://repo.eclipse.org/content/repositories/eclipse/org/bndtools/org.bndtools.versioncontrol.ignores.manager/7.3.0/org.bndtools.versioncontrol.ignores.manager-7.3.0-sources.jar
[INFO] Downloading from central: https://repo.maven.apache.org/maven2/org/bndtools/org.bndtools.versioncontrol.ignores.manager/7.3.0/org.bndtools.versioncontrol.ignores.manager-7.3.0-sources.jar
[INFO] Downloaded from central: https://repo.maven.apache.org/maven2/org/bndtools/org.bndtools.versioncontrol.ignores.manager/7.3.0/org.bndtools.versioncontrol.ignores.manager-7.3.0-sources.jar (6.0 kB at 208 kB/s)
[INFO] Downloading from eclipse-hosted: https://repo.eclipse.org/content/repositories/eclipse/org/bndtools/org.bndtools.versioncontrol.ignores.plugin.git/7.3.0/org.bndtools.versioncontrol.ignores.plugin.git-7.3.0.pom
[INFO] Downloading from central: https://repo.maven.apache.org/maven2/org/bndtools/org.bndtools.versioncontrol.ignores.plugin.git/7.3.0/org.bndtools.versioncontrol.ignores.plugin.git-7.3.0.pom
[INFO] Downloaded from central: https://repo.maven.apache.org/maven2/org/bndtools/org.bndtools.versioncontrol.ignores.plugin.git/7.3.0/org.bndtools.versioncontrol.ignores.plugin.git-7.3.0.pom (4.1 kB at 140 kB/s)
[INFO] Downloading from eclipse-hosted: https://repo.eclipse.org/content/repositories/eclipse/org/bndtools/org.bndtools.versioncontrol.ignores.plugin.git/7.3.0/org.bndtools.versioncontrol.ignores.plugin.git-7.3.0.jar
[INFO] Downloading from central: https://repo.maven.apache.org/maven2/org/bndtools/org.bndtools.versioncontrol.ignores.plugin.git/7.3.0/org.bndtools.versioncontrol.ignores.plugin.git-7.3.0.jar
[INFO] Downloaded from central: https://repo.maven.apache.org/maven2/org/bndtools/org.bndtools.versioncontrol.ignores.plugin.git/7.3.0/org.bndtools.versioncontrol.ignores.plugin.git-7.3.0.jar (12 kB at 526 kB/s)
[INFO] Downloading from eclipse-hosted: https://repo.eclipse.org/content/repositories/eclipse/org/bndtools/org.bndtools.versioncontrol.ignores.plugin.git/7.3.0/org.bndtools.versioncontrol.ignores.plugin.git-7.3.0-sources.jar
[INFO] Downloading from central: https://repo.maven.apache.org/maven2/org/bndtools/org.bndtools.versioncontrol.ignores.plugin.git/7.3.0/org.bndtools.versioncontrol.ignores.plugin.git-7.3.0-sources.jar
[INFO] Downloaded from central: https://repo.maven.apache.org/maven2/org/bndtools/org.bndtools.versioncontrol.ignores.plugin.git/7.3.0/org.bndtools.versioncontrol.ignores.plugin.git-7.3.0-sources.jar (3.3 kB at 174 kB/s)
[INFO] Resolving MavenDependencyRoots = [GroupId = org.apache.felix, ArtifactId = org.apache.felix.gogo.command, Version = 1.1.2, ArtifactType = jar, GroupId = org.apache.felix, ArtifactId = org.apache.felix.gogo.runtime, Version = 1.1.6, ArtifactType = jar, GroupId = org.apache.felix, ArtifactId = org.apache.felix.gogo.shell, Version = 1.1.4, ArtifactType = jar, GroupId = org.apache.felix, ArtifactId = org.apache.felix.scr, Version = 2.2.18, ArtifactType = jar], IncludeDependencyScope = [compile], MissingManifestStrategy = ERROR, IncludeSource = true
[INFO] Downloading from eclipse-hosted: https://repo.eclipse.org/content/repositories/eclipse/org/apache/felix/org.apache.felix.gogo.command/1.1.2/org.apache.felix.gogo.command-1.1.2.pom
[INFO] Downloading from central: https://repo.maven.apache.org/maven2/org/apache/felix/org.apache.felix.gogo.command/1.1.2/org.apache.felix.gogo.command-1.1.2.pom
[INFO] Downloaded from central: https://repo.maven.apache.org/maven2/org/apache/felix/org.apache.felix.gogo.command/1.1.2/org.apache.felix.gogo.command-1.1.2.pom (3.5 kB at 95 kB/s)
[INFO] Downloading from eclipse-hosted: https://repo.eclipse.org/content/repositories/eclipse/org/apache/felix/gogo-parent/6/gogo-parent-6.pom
[INFO] Downloading from central: https://repo.maven.apache.org/maven2/org/apache/felix/gogo-parent/6/gogo-parent-6.pom
[INFO] Downloaded from central: https://repo.maven.apache.org/maven2/org/apache/felix/gogo-parent/6/gogo-parent-6.pom (5.4 kB at 118 kB/s)
[INFO] Downloading from eclipse-hosted: https://repo.eclipse.org/content/repositories/eclipse/org/apache/felix/felix-parent/5/felix-parent-5.pom
[INFO] Downloading from central: https://repo.maven.apache.org/maven2/org/apache/felix/felix-parent/5/felix-parent-5.pom
[INFO] Downloaded from central: https://repo.maven.apache.org/maven2/org/apache/felix/felix-parent/5/felix-parent-5.pom (22 kB at 781 kB/s)
[INFO] Downloading from eclipse-hosted: https://repo.eclipse.org/content/repositories/eclipse/org/apache/apache/19/apache-19.pom
[INFO] Downloading from central: https://repo.maven.apache.org/maven2/org/apache/apache/19/apache-19.pom
[INFO] Downloaded from central: https://repo.maven.apache.org/maven2/org/apache/apache/19/apache-19.pom (15 kB at 553 kB/s)
[INFO] Downloading from eclipse-hosted: https://repo.eclipse.org/content/repositories/eclipse/org/apache/felix/org.apache.felix.gogo.command/1.1.2/org.apache.felix.gogo.command-1.1.2.jar
[INFO] Downloading from central: https://repo.maven.apache.org/maven2/org/apache/felix/org.apache.felix.gogo.command/1.1.2/org.apache.felix.gogo.command-1.1.2.jar
[INFO] Downloaded from central: https://repo.maven.apache.org/maven2/org/apache/felix/org.apache.felix.gogo.command/1.1.2/org.apache.felix.gogo.command-1.1.2.jar (40 kB at 1.7 MB/s)
[INFO] Downloading from eclipse-hosted: https://repo.eclipse.org/content/repositories/eclipse/org/apache/felix/org.apache.felix.gogo.command/1.1.2/org.apache.felix.gogo.command-1.1.2-sources.jar
[INFO] Downloading from central: https://repo.maven.apache.org/maven2/org/apache/felix/org.apache.felix.gogo.command/1.1.2/org.apache.felix.gogo.command-1.1.2-sources.jar
[INFO] Downloaded from central: https://repo.maven.apache.org/maven2/org/apache/felix/org.apache.felix.gogo.command/1.1.2/org.apache.felix.gogo.command-1.1.2-sources.jar (26 kB at 1.0 MB/s)
[INFO] Downloading from eclipse-hosted: https://repo.eclipse.org/content/repositories/eclipse/org/apache/felix/org.apache.felix.gogo.runtime/1.1.6/org.apache.felix.gogo.runtime-1.1.6.pom
[INFO] Downloading from central: https://repo.maven.apache.org/maven2/org/apache/felix/org.apache.felix.gogo.runtime/1.1.6/org.apache.felix.gogo.runtime-1.1.6.pom
[INFO] Downloaded from central: https://repo.maven.apache.org/maven2/org/apache/felix/org.apache.felix.gogo.runtime/1.1.6/org.apache.felix.gogo.runtime-1.1.6.pom (3.9 kB at 161 kB/s)
[INFO] Downloading from eclipse-hosted: https://repo.eclipse.org/content/repositories/eclipse/org/apache/felix/org.apache.felix.gogo.runtime/1.1.6/org.apache.felix.gogo.runtime-1.1.6.jar
[INFO] Downloading from central: https://repo.maven.apache.org/maven2/org/apache/felix/org.apache.felix.gogo.runtime/1.1.6/org.apache.felix.gogo.runtime-1.1.6.jar
[INFO] Downloaded from central: https://repo.maven.apache.org/maven2/org/apache/felix/org.apache.felix.gogo.runtime/1.1.6/org.apache.felix.gogo.runtime-1.1.6.jar (203 kB at 6.0 MB/s)
[INFO] Downloading from eclipse-hosted: https://repo.eclipse.org/content/repositories/eclipse/org/apache/felix/org.apache.felix.gogo.runtime/1.1.6/org.apache.felix.gogo.runtime-1.1.6-sources.jar
[INFO] Downloading from central: https://repo.maven.apache.org/maven2/org/apache/felix/org.apache.felix.gogo.runtime/1.1.6/org.apache.felix.gogo.runtime-1.1.6-sources.jar
[INFO] Downloaded from central: https://repo.maven.apache.org/maven2/org/apache/felix/org.apache.felix.gogo.runtime/1.1.6/org.apache.felix.gogo.runtime-1.1.6-sources.jar (102 kB at 3.9 MB/s)
[INFO] Downloading from eclipse-hosted: https://repo.eclipse.org/content/repositories/eclipse/org/apache/felix/org.apache.felix.gogo.shell/1.1.4/org.apache.felix.gogo.shell-1.1.4.pom
[INFO] Downloading from central: https://repo.maven.apache.org/maven2/org/apache/felix/org.apache.felix.gogo.shell/1.1.4/org.apache.felix.gogo.shell-1.1.4.pom
[INFO] Downloaded from central: https://repo.maven.apache.org/maven2/org/apache/felix/org.apache.felix.gogo.shell/1.1.4/org.apache.felix.gogo.shell-1.1.4.pom (3.7 kB at 113 kB/s)
[INFO] Downloading from eclipse-hosted: https://repo.eclipse.org/content/repositories/eclipse/org/apache/felix/org.apache.felix.gogo.shell/1.1.4/org.apache.felix.gogo.shell-1.1.4.jar
[INFO] Downloading from central: https://repo.maven.apache.org/maven2/org/apache/felix/org.apache.felix.gogo.shell/1.1.4/org.apache.felix.gogo.shell-1.1.4.jar
[INFO] Downloaded from central: https://repo.maven.apache.org/maven2/org/apache/felix/org.apache.felix.gogo.shell/1.1.4/org.apache.felix.gogo.shell-1.1.4.jar (59 kB at 2.7 MB/s)
[INFO] Downloading from eclipse-hosted: https://repo.eclipse.org/content/repositories/eclipse/org/apache/felix/org.apache.felix.gogo.shell/1.1.4/org.apache.felix.gogo.shell-1.1.4-sources.jar
[INFO] Downloading from central: https://repo.maven.apache.org/maven2/org/apache/felix/org.apache.felix.gogo.shell/1.1.4/org.apache.felix.gogo.shell-1.1.4-sources.jar
[INFO] Downloaded from central: https://repo.maven.apache.org/maven2/org/apache/felix/org.apache.felix.gogo.shell/1.1.4/org.apache.felix.gogo.shell-1.1.4-sources.jar (38 kB at 1.3 MB/s)
[INFO] Artifact org.apache.felix:org.apache.felix.scr:pom:2.2.18 is present in the local repository, but cached from a remote repository ID that is unavailable in current build context, verifying that is downloadable from [eclipse-hosted (https://repo.eclipse.org/content/repositories/eclipse/, default, releases+snapshots), eclipse (https://download.eclipse.org/eclipse/updates/4.41/R-4.41-202608281142/, p2, disabled), central (https://repo.maven.apache.org/maven2, default, releases)]
[INFO] Artifact org.apache.felix:org.apache.felix.scr:pom:2.2.18 is present in the local repository, but cached from a remote repository ID that is unavailable in current build context, verifying that is downloadable from [eclipse-hosted (https://repo.eclipse.org/content/repositories/eclipse/, default, releases+snapshots), eclipse (https://download.eclipse.org/eclipse/updates/4.41/R-4.41-202608281142/, p2, disabled), central (https://repo.maven.apache.org/maven2, default, releases)]
[INFO] Downloading from eclipse-hosted: https://repo.eclipse.org/content/repositories/eclipse/org/apache/felix/org.apache.felix.scr/2.2.18/org.apache.felix.scr-2.2.18.pom
[INFO] Downloading from central: https://repo.maven.apache.org/maven2/org/apache/felix/org.apache.felix.scr/2.2.18/org.apache.felix.scr-2.2.18.pom
[INFO] Downloaded from central: https://repo.maven.apache.org/maven2/org/apache/felix/org.apache.felix.scr/2.2.18/org.apache.felix.scr-2.2.18.pom (0 B at 0 B/s)
[INFO] Artifact org.apache.felix:org.apache.felix.scr:jar:2.2.18 is present in the local repository, but cached from a remote repository ID that is unavailable in current build context, verifying that is downloadable from [eclipse-hosted (https://repo.eclipse.org/content/repositories/eclipse/, default, releases+snapshots), eclipse (https://download.eclipse.org/eclipse/updates/4.41/R-4.41-202608281142/, p2, disabled), central (https://repo.maven.apache.org/maven2, default, releases)]
[INFO] Artifact org.apache.felix:org.apache.felix.scr:jar:2.2.18 is present in the local repository, but cached from a remote repository ID that is unavailable in current build context, verifying that is downloadable from [eclipse-hosted (https://repo.eclipse.org/content/repositories/eclipse/, default, releases+snapshots), eclipse (https://download.eclipse.org/eclipse/updates/4.41/R-4.41-202608281142/, p2, disabled), central (https://repo.maven.apache.org/maven2, default, releases)]
[INFO] Downloading from eclipse-hosted: https://repo.eclipse.org/content/repositories/eclipse/org/apache/felix/org.apache.felix.scr/2.2.18/org.apache.felix.scr-2.2.18.jar
[INFO] Downloading from central: https://repo.maven.apache.org/maven2/org/apache/felix/org.apache.felix.scr/2.2.18/org.apache.felix.scr-2.2.18.jar
[INFO] Downloaded from central: https://repo.maven.apache.org/maven2/org/apache/felix/org.apache.felix.scr/2.2.18/org.apache.felix.scr-2.2.18.jar (0 B at 0 B/s)
[INFO] Downloading from eclipse-hosted: https://repo.eclipse.org/content/repositories/eclipse/org/apache/felix/org.apache.felix.scr/2.2.18/org.apache.felix.scr-2.2.18-sources.jar
[INFO] Downloading from central: https://repo.maven.apache.org/maven2/org/apache/felix/org.apache.felix.scr/2.2.18/org.apache.felix.scr-2.2.18-sources.jar
[INFO] Downloaded from central: https://repo.maven.apache.org/maven2/org/apache/felix/org.apache.felix.scr/2.2.18/org.apache.felix.scr-2.2.18-sources.jar (271 kB at 9.3 MB/s)
[INFO] Resolving MavenDependencyRoots = [GroupId = org.apiguardian, ArtifactId = apiguardian-api, Version = 1.1.2, ArtifactType = jar, GroupId = org.junit.jupiter, ArtifactId = junit-jupiter-api, Version = 5.14.4, ArtifactType = jar, GroupId = org.junit.jupiter, ArtifactId = junit-jupiter-engine, Version = 5.14.4, ArtifactType = jar, GroupId = org.junit.jupiter, ArtifactId = junit-jupiter-migrationsupport, Version = 5.14.4, ArtifactType = jar, GroupId = org.junit.jupiter, ArtifactId = junit-jupiter-params, Version = 5.14.4, ArtifactType = jar, GroupId = org.junit.platform, ArtifactId = junit-platform-commons, Version = 1.14.4, ArtifactType = jar, GroupId = org.junit.platform, ArtifactId = junit-platform-engine, Version = 1.14.4, ArtifactType = jar, GroupId = org.junit.platform, ArtifactId = junit-platform-launcher, Version = 1.14.4, ArtifactType = jar, GroupId = org.junit.platform, ArtifactId = junit-platform-runner, Version = 1.14.4, ArtifactType = jar, GroupId = org.junit.platform, ArtifactId = junit-platform-suite-api, Version = 1.14.4, ArtifactType = jar, GroupId = org.junit.platform, ArtifactId = junit-platform-suite-commons, Version = 1.14.4, ArtifactType = jar, GroupId = org.junit.platform, ArtifactId = junit-platform-suite-engine, Version = 1.14.4, ArtifactType = jar, GroupId = org.junit.vintage, ArtifactId = junit-vintage-engine, Version = 5.14.4, ArtifactType = jar, GroupId = org.opentest4j, ArtifactId = opentest4j, Version = 1.3.0, ArtifactType = jar], IncludeDependencyScope = [compile], MissingManifestStrategy = ERROR, IncludeSource = true
[INFO] Downloading from eclipse-hosted: https://repo.eclipse.org/content/repositories/eclipse/org/apiguardian/apiguardian-api/1.1.2/apiguardian-api-1.1.2.pom
[INFO] Downloading from central: https://repo.maven.apache.org/maven2/org/apiguardian/apiguardian-api/1.1.2/apiguardian-api-1.1.2.pom
[INFO] Downloaded from central: https://repo.maven.apache.org/maven2/org/apiguardian/apiguardian-api/1.1.2/apiguardian-api-1.1.2.pom (1.5 kB at 51 kB/s)
[INFO] Downloading from eclipse-hosted: https://repo.eclipse.org/content/repositories/eclipse/org/apiguardian/apiguardian-api/1.1.2/apiguardian-api-1.1.2.jar
[INFO] Downloading from central: https://repo.maven.apache.org/maven2/org/apiguardian/apiguardian-api/1.1.2/apiguardian-api-1.1.2.jar
[INFO] Downloaded from central: https://repo.maven.apache.org/maven2/org/apiguardian/apiguardian-api/1.1.2/apiguardian-api-1.1.2.jar (6.8 kB at 262 kB/s)
[INFO] Downloading from eclipse-hosted: https://repo.eclipse.org/content/repositories/eclipse/org/apiguardian/apiguardian-api/1.1.2/apiguardian-api-1.1.2-sources.jar
[INFO] Downloading from central: https://repo.maven.apache.org/maven2/org/apiguardian/apiguardian-api/1.1.2/apiguardian-api-1.1.2-sources.jar
[INFO] Downloaded from central: https://repo.maven.apache.org/maven2/org/apiguardian/apiguardian-api/1.1.2/apiguardian-api-1.1.2-sources.jar (6.6 kB at 316 kB/s)
[INFO] Downloading from eclipse-hosted: https://repo.eclipse.org/content/repositories/eclipse/org/junit/jupiter/junit-jupiter-api/5.14.4/junit-jupiter-api-5.14.4.pom
[INFO] Downloading from central: https://repo.maven.apache.org/maven2/org/junit/jupiter/junit-jupiter-api/5.14.4/junit-jupiter-api-5.14.4.pom
[INFO] Downloaded from central: https://repo.maven.apache.org/maven2/org/junit/jupiter/junit-jupiter-api/5.14.4/junit-jupiter-api-5.14.4.pom (3.2 kB at 139 kB/s)
[INFO] Downloading from eclipse-hosted: https://repo.eclipse.org/content/repositories/eclipse/org/junit/junit-bom/5.14.4/junit-bom-5.14.4.pom
[INFO] Downloading from central: https://repo.maven.apache.org/maven2/org/junit/junit-bom/5.14.4/junit-bom-5.14.4.pom
[INFO] Downloaded from central: https://repo.maven.apache.org/maven2/org/junit/junit-bom/5.14.4/junit-bom-5.14.4.pom (5.7 kB at 258 kB/s)
[INFO] Downloading from eclipse-hosted: https://repo.eclipse.org/content/repositories/eclipse/org/junit/jupiter/junit-jupiter-api/5.14.4/junit-jupiter-api-5.14.4.jar
[INFO] Downloading from central: https://repo.maven.apache.org/maven2/org/junit/jupiter/junit-jupiter-api/5.14.4/junit-jupiter-api-5.14.4.jar
[INFO] Downloaded from central: https://repo.maven.apache.org/maven2/org/junit/jupiter/junit-jupiter-api/5.14.4/junit-jupiter-api-5.14.4.jar (242 kB at 9.0 MB/s)
[INFO] Downloading from eclipse-hosted: https://repo.eclipse.org/content/repositories/eclipse/org/junit/jupiter/junit-jupiter-api/5.14.4/junit-jupiter-api-5.14.4-sources.jar
[INFO] Downloading from central: https://repo.maven.apache.org/maven2/org/junit/jupiter/junit-jupiter-api/5.14.4/junit-jupiter-api-5.14.4-sources.jar
[INFO] Downloaded from central: https://repo.maven.apache.org/maven2/org/junit/jupiter/junit-jupiter-api/5.14.4/junit-jupiter-api-5.14.4-sources.jar (246 kB at 7.2 MB/s)
[INFO] Downloading from eclipse-hosted: https://repo.eclipse.org/content/repositories/eclipse/org/junit/jupiter/junit-jupiter-engine/5.14.4/junit-jupiter-engine-5.14.4.pom
[INFO] Downloading from central: https://repo.maven.apache.org/maven2/org/junit/jupiter/junit-jupiter-engine/5.14.4/junit-jupiter-engine-5.14.4.pom
[INFO] Downloaded from central: https://repo.maven.apache.org/maven2/org/junit/jupiter/junit-jupiter-engine/5.14.4/junit-jupiter-engine-5.14.4.pom (3.2 kB at 90 kB/s)
[INFO] Downloading from eclipse-hosted: https://repo.eclipse.org/content/repositories/eclipse/org/junit/jupiter/junit-jupiter-engine/5.14.4/junit-jupiter-engine-5.14.4.jar
[INFO] Downloading from central: https://repo.maven.apache.org/maven2/org/junit/jupiter/junit-jupiter-engine/5.14.4/junit-jupiter-engine-5.14.4.jar
[INFO] Downloaded from central: https://repo.maven.apache.org/maven2/org/junit/jupiter/junit-jupiter-engine/5.14.4/junit-jupiter-engine-5.14.4.jar (344 kB at 7.8 MB/s)
[INFO] Downloading from eclipse-hosted: https://repo.eclipse.org/content/repositories/eclipse/org/junit/jupiter/junit-jupiter-engine/5.14.4/junit-jupiter-engine-5.14.4-sources.jar
[INFO] Downloading from central: https://repo.maven.apache.org/maven2/org/junit/jupiter/junit-jupiter-engine/5.14.4/junit-jupiter-engine-5.14.4-sources.jar
[INFO] Downloaded from central: https://repo.maven.apache.org/maven2/org/junit/jupiter/junit-jupiter-engine/5.14.4/junit-jupiter-engine-5.14.4-sources.jar (168 kB at 4.5 MB/s)
[INFO] Downloading from eclipse-hosted: https://repo.eclipse.org/content/repositories/eclipse/org/junit/jupiter/junit-jupiter-migrationsupport/5.14.4/junit-jupiter-migrationsupport-5.14.4.pom
[INFO] Downloading from central: https://repo.maven.apache.org/maven2/org/junit/jupiter/junit-jupiter-migrationsupport/5.14.4/junit-jupiter-migrationsupport-5.14.4.pom
[INFO] Downloaded from central: https://repo.maven.apache.org/maven2/org/junit/jupiter/junit-jupiter-migrationsupport/5.14.4/junit-jupiter-migrationsupport-5.14.4.pom (3.2 kB at 81 kB/s)
[INFO] Downloading from eclipse-hosted: https://repo.eclipse.org/content/repositories/eclipse/org/junit/jupiter/junit-jupiter-migrationsupport/5.14.4/junit-jupiter-migrationsupport-5.14.4.jar
[INFO] Downloading from central: https://repo.maven.apache.org/maven2/org/junit/jupiter/junit-jupiter-migrationsupport/5.14.4/junit-jupiter-migrationsupport-5.14.4.jar
[INFO] Downloaded from central: https://repo.maven.apache.org/maven2/org/junit/jupiter/junit-jupiter-migrationsupport/5.14.4/junit-jupiter-migrationsupport-5.14.4.jar (28 kB at 640 kB/s)
[INFO] Downloading from eclipse-hosted: https://repo.eclipse.org/content/repositories/eclipse/org/junit/jupiter/junit-jupiter-migrationsupport/5.14.4/junit-jupiter-migrationsupport-5.14.4-sources.jar
[INFO] Downloading from central: https://repo.maven.apache.org/maven2/org/junit/jupiter/junit-jupiter-migrationsupport/5.14.4/junit-jupiter-migrationsupport-5.14.4-sources.jar
[INFO] Downloaded from central: https://repo.maven.apache.org/maven2/org/junit/jupiter/junit-jupiter-migrationsupport/5.14.4/junit-jupiter-migrationsupport-5.14.4-sources.jar (24 kB at 828 kB/s)
[INFO] Downloading from eclipse-hosted: https://repo.eclipse.org/content/repositories/eclipse/org/junit/jupiter/junit-jupiter-params/5.14.4/junit-jupiter-params-5.14.4.pom
[INFO] Downloading from central: https://repo.maven.apache.org/maven2/org/junit/jupiter/junit-jupiter-params/5.14.4/junit-jupiter-params-5.14.4.pom
[INFO] Downloaded from central: https://repo.maven.apache.org/maven2/org/junit/jupiter/junit-jupiter-params/5.14.4/junit-jupiter-params-5.14.4.pom (3.0 kB at 95 kB/s)
[INFO] Downloading from eclipse-hosted: https://repo.eclipse.org/content/repositories/eclipse/org/junit/jupiter/junit-jupiter-params/5.14.4/junit-jupiter-params-5.14.4.jar
[INFO] Downloading from central: https://repo.maven.apache.org/maven2/org/junit/jupiter/junit-jupiter-params/5.14.4/junit-jupiter-params-5.14.4.jar
[INFO] Downloaded from central: https://repo.maven.apache.org/maven2/org/junit/jupiter/junit-jupiter-params/5.14.4/junit-jupiter-params-5.14.4.jar (663 kB at 17 MB/s)
[INFO] Downloading from eclipse-hosted: https://repo.eclipse.org/content/repositories/eclipse/org/junit/jupiter/junit-jupiter-params/5.14.4/junit-jupiter-params-5.14.4-sources.jar
[INFO] Downloading from central: https://repo.maven.apache.org/maven2/org/junit/jupiter/junit-jupiter-params/5.14.4/junit-jupiter-params-5.14.4-sources.jar
[INFO] Downloaded from central: https://repo.maven.apache.org/maven2/org/junit/jupiter/junit-jupiter-params/5.14.4/junit-jupiter-params-5.14.4-sources.jar (134 kB at 2.9 MB/s)
[INFO] Downloading from eclipse-hosted: https://repo.eclipse.org/content/repositories/eclipse/org/junit/platform/junit-platform-commons/1.14.4/junit-platform-commons-1.14.4.pom
[INFO] Downloading from central: https://repo.maven.apache.org/maven2/org/junit/platform/junit-platform-commons/1.14.4/junit-platform-commons-1.14.4.pom
[INFO] Downloaded from central: https://repo.maven.apache.org/maven2/org/junit/platform/junit-platform-commons/1.14.4/junit-platform-commons-1.14.4.pom (2.9 kB at 50 kB/s)
[INFO] Downloading from eclipse-hosted: https://repo.eclipse.org/content/repositories/eclipse/org/junit/platform/junit-platform-commons/1.14.4/junit-platform-commons-1.14.4.jar
[INFO] Downloading from central: https://repo.maven.apache.org/maven2/org/junit/platform/junit-platform-commons/1.14.4/junit-platform-commons-1.14.4.jar
[INFO] Downloaded from central: https://repo.maven.apache.org/maven2/org/junit/platform/junit-platform-commons/1.14.4/junit-platform-commons-1.14.4.jar (164 kB at 5.3 MB/s)
[INFO] Downloading from eclipse-hosted: https://repo.eclipse.org/content/repositories/eclipse/org/junit/platform/junit-platform-commons/1.14.4/junit-platform-commons-1.14.4-sources.jar
[INFO] Downloading from central: https://repo.maven.apache.org/maven2/org/junit/platform/junit-platform-commons/1.14.4/junit-platform-commons-1.14.4-sources.jar
[INFO] Downloaded from central: https://repo.maven.apache.org/maven2/org/junit/platform/junit-platform-commons/1.14.4/junit-platform-commons-1.14.4-sources.jar (111 kB at 3.7 MB/s)
[INFO] Downloading from eclipse-hosted: https://repo.eclipse.org/content/repositories/eclipse/org/junit/platform/junit-platform-engine/1.14.4/junit-platform-engine-1.14.4.pom
[INFO] Downloading from central: https://repo.maven.apache.org/maven2/org/junit/platform/junit-platform-engine/1.14.4/junit-platform-engine-1.14.4.pom
[INFO] Downloaded from central: https://repo.maven.apache.org/maven2/org/junit/platform/junit-platform-engine/1.14.4/junit-platform-engine-1.14.4.pom (3.2 kB at 81 kB/s)
[INFO] Downloading from eclipse-hosted: https://repo.eclipse.org/content/repositories/eclipse/org/junit/platform/junit-platform-engine/1.14.4/junit-platform-engine-1.14.4.jar
[INFO] Downloading from central: https://repo.maven.apache.org/maven2/org/junit/platform/junit-platform-engine/1.14.4/junit-platform-engine-1.14.4.jar
[INFO] Downloaded from central: https://repo.maven.apache.org/maven2/org/junit/platform/junit-platform-engine/1.14.4/junit-platform-engine-1.14.4.jar (272 kB at 12 MB/s)
[INFO] Downloading from eclipse-hosted: https://repo.eclipse.org/content/repositories/eclipse/org/junit/platform/junit-platform-engine/1.14.4/junit-platform-engine-1.14.4-sources.jar
[INFO] Downloading from central: https://repo.maven.apache.org/maven2/org/junit/platform/junit-platform-engine/1.14.4/junit-platform-engine-1.14.4-sources.jar
[INFO] Downloaded from central: https://repo.maven.apache.org/maven2/org/junit/platform/junit-platform-engine/1.14.4/junit-platform-engine-1.14.4-sources.jar (170 kB at 5.7 MB/s)
[INFO] Downloading from eclipse-hosted: https://repo.eclipse.org/content/repositories/eclipse/org/junit/platform/junit-platform-launcher/1.14.4/junit-platform-launcher-1.14.4.pom
[INFO] Downloading from central: https://repo.maven.apache.org/maven2/org/junit/platform/junit-platform-launcher/1.14.4/junit-platform-launcher-1.14.4.pom
[INFO] Downloaded from central: https://repo.maven.apache.org/maven2/org/junit/platform/junit-platform-launcher/1.14.4/junit-platform-launcher-1.14.4.pom (3.0 kB at 90 kB/s)
[INFO] Downloading from eclipse-hosted: https://repo.eclipse.org/content/repositories/eclipse/org/junit/platform/junit-platform-launcher/1.14.4/junit-platform-launcher-1.14.4.jar
[INFO] Downloading from central: https://repo.maven.apache.org/maven2/org/junit/platform/junit-platform-launcher/1.14.4/junit-platform-launcher-1.14.4.jar
[INFO] Downloaded from central: https://repo.maven.apache.org/maven2/org/junit/platform/junit-platform-launcher/1.14.4/junit-platform-launcher-1.14.4.jar (223 kB at 9.7 MB/s)
[INFO] Downloading from eclipse-hosted: https://repo.eclipse.org/content/repositories/eclipse/org/junit/platform/junit-platform-launcher/1.14.4/junit-platform-launcher-1.14.4-sources.jar
[INFO] Downloading from central: https://repo.maven.apache.org/maven2/org/junit/platform/junit-platform-launcher/1.14.4/junit-platform-launcher-1.14.4-sources.jar
[INFO] Downloaded from central: https://repo.maven.apache.org/maven2/org/junit/platform/junit-platform-launcher/1.14.4/junit-platform-launcher-1.14.4-sources.jar (126 kB at 4.5 MB/s)
[INFO] Downloading from eclipse-hosted: https://repo.eclipse.org/content/repositories/eclipse/org/junit/platform/junit-platform-runner/1.14.4/junit-platform-runner-1.14.4.pom
[INFO] Downloading from central: https://repo.maven.apache.org/maven2/org/junit/platform/junit-platform-runner/1.14.4/junit-platform-runner-1.14.4.pom
[INFO] Downloaded from central: https://repo.maven.apache.org/maven2/org/junit/platform/junit-platform-runner/1.14.4/junit-platform-runner-1.14.4.pom (3.6 kB at 77 kB/s)
[INFO] Downloading from eclipse-hosted: https://repo.eclipse.org/content/repositories/eclipse/org/junit/platform/junit-platform-runner/1.14.4/junit-platform-runner-1.14.4.jar
[INFO] Downloading from central: https://repo.maven.apache.org/maven2/org/junit/platform/junit-platform-runner/1.14.4/junit-platform-runner-1.14.4.jar
[INFO] Downloaded from central: https://repo.maven.apache.org/maven2/org/junit/platform/junit-platform-runner/1.14.4/junit-platform-runner-1.14.4.jar (17 kB at 454 kB/s)
[INFO] Downloading from eclipse-hosted: https://repo.eclipse.org/content/repositories/eclipse/org/junit/platform/junit-platform-runner/1.14.4/junit-platform-runner-1.14.4-sources.jar
[INFO] Downloading from central: https://repo.maven.apache.org/maven2/org/junit/platform/junit-platform-runner/1.14.4/junit-platform-runner-1.14.4-sources.jar
[INFO] Downloaded from central: https://repo.maven.apache.org/maven2/org/junit/platform/junit-platform-runner/1.14.4/junit-platform-runner-1.14.4-sources.jar (12 kB at 309 kB/s)
[INFO] Downloading from eclipse-hosted: https://repo.eclipse.org/content/repositories/eclipse/org/junit/platform/junit-platform-suite-api/1.14.4/junit-platform-suite-api-1.14.4.pom
[INFO] Downloading from central: https://repo.maven.apache.org/maven2/org/junit/platform/junit-platform-suite-api/1.14.4/junit-platform-suite-api-1.14.4.pom
[INFO] Downloaded from central: https://repo.maven.apache.org/maven2/org/junit/platform/junit-platform-suite-api/1.14.4/junit-platform-suite-api-1.14.4.pom (3.1 kB at 62 kB/s)
[INFO] Downloading from eclipse-hosted: https://repo.eclipse.org/content/repositories/eclipse/org/junit/platform/junit-platform-suite-api/1.14.4/junit-platform-suite-api-1.14.4.jar
[INFO] Downloading from central: https://repo.maven.apache.org/maven2/org/junit/platform/junit-platform-suite-api/1.14.4/junit-platform-suite-api-1.14.4.jar
[INFO] Downloaded from central: https://repo.maven.apache.org/maven2/org/junit/platform/junit-platform-suite-api/1.14.4/junit-platform-suite-api-1.14.4.jar (26 kB at 967 kB/s)
[INFO] Downloading from eclipse-hosted: https://repo.eclipse.org/content/repositories/eclipse/org/junit/platform/junit-platform-suite-api/1.14.4/junit-platform-suite-api-1.14.4-sources.jar
[INFO] Downloading from central: https://repo.maven.apache.org/maven2/org/junit/platform/junit-platform-suite-api/1.14.4/junit-platform-suite-api-1.14.4-sources.jar
[INFO] Downloaded from central: https://repo.maven.apache.org/maven2/org/junit/platform/junit-platform-suite-api/1.14.4/junit-platform-suite-api-1.14.4-sources.jar (37 kB at 1.2 MB/s)
[INFO] Downloading from eclipse-hosted: https://repo.eclipse.org/content/repositories/eclipse/org/junit/platform/junit-platform-suite-commons/1.14.4/junit-platform-suite-commons-1.14.4.pom
[INFO] Downloading from central: https://repo.maven.apache.org/maven2/org/junit/platform/junit-platform-suite-commons/1.14.4/junit-platform-suite-commons-1.14.4.pom
[INFO] Downloaded from central: https://repo.maven.apache.org/maven2/org/junit/platform/junit-platform-suite-commons/1.14.4/junit-platform-suite-commons-1.14.4.pom (3.5 kB at 89 kB/s)
[INFO] Downloading from eclipse-hosted: https://repo.eclipse.org/content/repositories/eclipse/org/junit/platform/junit-platform-suite-commons/1.14.4/junit-platform-suite-commons-1.14.4.jar
[INFO] Downloading from central: https://repo.maven.apache.org/maven2/org/junit/platform/junit-platform-suite-commons/1.14.4/junit-platform-suite-commons-1.14.4.jar
[INFO] Downloaded from central: https://repo.maven.apache.org/maven2/org/junit/platform/junit-platform-suite-commons/1.14.4/junit-platform-suite-commons-1.14.4.jar (19 kB at 517 kB/s)
[INFO] Downloading from eclipse-hosted: https://repo.eclipse.org/content/repositories/eclipse/org/junit/platform/junit-platform-suite-commons/1.14.4/junit-platform-suite-commons-1.14.4-sources.jar
[INFO] Downloading from central: https://repo.maven.apache.org/maven2/org/junit/platform/junit-platform-suite-commons/1.14.4/junit-platform-suite-commons-1.14.4-sources.jar
[INFO] Downloaded from central: https://repo.maven.apache.org/maven2/org/junit/platform/junit-platform-suite-commons/1.14.4/junit-platform-suite-commons-1.14.4-sources.jar (13 kB at 417 kB/s)
[INFO] Downloading from eclipse-hosted: https://repo.eclipse.org/content/repositories/eclipse/org/junit/platform/junit-platform-suite-engine/1.14.4/junit-platform-suite-engine-1.14.4.pom
[INFO] Downloading from central: https://repo.maven.apache.org/maven2/org/junit/platform/junit-platform-suite-engine/1.14.4/junit-platform-suite-engine-1.14.4.pom
[INFO] Downloaded from central: https://repo.maven.apache.org/maven2/org/junit/platform/junit-platform-suite-engine/1.14.4/junit-platform-suite-engine-1.14.4.pom (3.5 kB at 91 kB/s)
[INFO] Downloading from eclipse-hosted: https://repo.eclipse.org/content/repositories/eclipse/org/junit/platform/junit-platform-suite-engine/1.14.4/junit-platform-suite-engine-1.14.4.jar
[INFO] Downloading from central: https://repo.maven.apache.org/maven2/org/junit/platform/junit-platform-suite-engine/1.14.4/junit-platform-suite-engine-1.14.4.jar
[INFO] Downloaded from central: https://repo.maven.apache.org/maven2/org/junit/platform/junit-platform-suite-engine/1.14.4/junit-platform-suite-engine-1.14.4.jar (33 kB at 1.3 MB/s)
[INFO] Downloading from eclipse-hosted: https://repo.eclipse.org/content/repositories/eclipse/org/junit/platform/junit-platform-suite-engine/1.14.4/junit-platform-suite-engine-1.14.4-sources.jar
[INFO] Downloading from central: https://repo.maven.apache.org/maven2/org/junit/platform/junit-platform-suite-engine/1.14.4/junit-platform-suite-engine-1.14.4-sources.jar
[INFO] Downloaded from central: https://repo.maven.apache.org/maven2/org/junit/platform/junit-platform-suite-engine/1.14.4/junit-platform-suite-engine-1.14.4-sources.jar (19 kB at 617 kB/s)
[INFO] Downloading from eclipse-hosted: https://repo.eclipse.org/content/repositories/eclipse/org/junit/vintage/junit-vintage-engine/5.14.4/junit-vintage-engine-5.14.4.pom
[INFO] Downloading from central: https://repo.maven.apache.org/maven2/org/junit/vintage/junit-vintage-engine/5.14.4/junit-vintage-engine-5.14.4.pom
[INFO] Downloaded from central: https://repo.maven.apache.org/maven2/org/junit/vintage/junit-vintage-engine/5.14.4/junit-vintage-engine-5.14.4.pom (3.2 kB at 89 kB/s)
[INFO] Downloading from eclipse-hosted: https://repo.eclipse.org/content/repositories/eclipse/org/junit/vintage/junit-vintage-engine/5.14.4/junit-vintage-engine-5.14.4.jar
[INFO] Downloading from central: https://repo.maven.apache.org/maven2/org/junit/vintage/junit-vintage-engine/5.14.4/junit-vintage-engine-5.14.4.jar
[INFO] Downloaded from central: https://repo.maven.apache.org/maven2/org/junit/vintage/junit-vintage-engine/5.14.4/junit-vintage-engine-5.14.4.jar (76 kB at 2.8 MB/s)
[INFO] Downloading from eclipse-hosted: https://repo.eclipse.org/content/repositories/eclipse/org/junit/vintage/junit-vintage-engine/5.14.4/junit-vintage-engine-5.14.4-sources.jar
[INFO] Downloading from central: https://repo.maven.apache.org/maven2/org/junit/vintage/junit-vintage-engine/5.14.4/junit-vintage-engine-5.14.4-sources.jar
[INFO] Downloaded from central: https://repo.maven.apache.org/maven2/org/junit/vintage/junit-vintage-engine/5.14.4/junit-vintage-engine-5.14.4-sources.jar (42 kB at 1.6 MB/s)
[INFO] Downloading from eclipse-hosted: https://repo.eclipse.org/content/repositories/eclipse/org/opentest4j/opentest4j/1.3.0/opentest4j-1.3.0.pom
[INFO] Downloading from central: https://repo.maven.apache.org/maven2/org/opentest4j/opentest4j/1.3.0/opentest4j-1.3.0.pom
[INFO] Downloaded from central: https://repo.maven.apache.org/maven2/org/opentest4j/opentest4j/1.3.0/opentest4j-1.3.0.pom (2.0 kB at 60 kB/s)
[INFO] Downloading from eclipse-hosted: https://repo.eclipse.org/content/repositories/eclipse/org/opentest4j/opentest4j/1.3.0/opentest4j-1.3.0.jar
[INFO] Downloading from central: https://repo.maven.apache.org/maven2/org/opentest4j/opentest4j/1.3.0/opentest4j-1.3.0.jar
[INFO] Downloaded from central: https://repo.maven.apache.org/maven2/org/opentest4j/opentest4j/1.3.0/opentest4j-1.3.0.jar (14 kB at 477 kB/s)
[INFO] Downloading from eclipse-hosted: https://repo.eclipse.org/content/repositories/eclipse/org/opentest4j/opentest4j/1.3.0/opentest4j-1.3.0-sources.jar
[INFO] Downloading from central: https://repo.maven.apache.org/maven2/org/opentest4j/opentest4j/1.3.0/opentest4j-1.3.0-sources.jar
[INFO] Downloaded from central: https://repo.maven.apache.org/maven2/org/opentest4j/opentest4j/1.3.0/opentest4j-1.3.0-sources.jar (10 kB at 294 kB/s)
[INFO] Resolving MavenDependencyRoots = [GroupId = org.junit.jupiter, ArtifactId = junit-jupiter-api, Version = 6.1.3, ArtifactType = jar, GroupId = org.junit.jupiter, ArtifactId = junit-jupiter-engine, Version = 6.1.3, ArtifactType = jar, GroupId = org.junit.jupiter, ArtifactId = junit-jupiter-migrationsupport, Version = 6.1.3, ArtifactType = jar, GroupId = org.junit.jupiter, ArtifactId = junit-jupiter-params, Version = 6.1.3, ArtifactType = jar, GroupId = org.junit.platform, ArtifactId = junit-platform-commons, Version = 6.1.3, ArtifactType = jar, GroupId = org.junit.platform, ArtifactId = junit-platform-engine, Version = 6.1.3, ArtifactType = jar, GroupId = org.junit.platform, ArtifactId = junit-platform-launcher, Version = 6.1.3, ArtifactType = jar, GroupId = org.junit.platform, ArtifactId = junit-platform-suite-api, Version = 6.1.3, ArtifactType = jar, GroupId = org.junit.platform, ArtifactId = junit-platform-suite-engine, Version = 6.1.3, ArtifactType = jar, GroupId = org.junit.vintage, ArtifactId = junit-vintage-engine, Version = 6.1.3, ArtifactType = jar], IncludeDependencyScope = [compile], MissingManifestStrategy = ERROR, IncludeSource = true
[INFO] Downloading from eclipse-hosted: https://repo.eclipse.org/content/repositories/eclipse/org/junit/jupiter/junit-jupiter-api/6.1.3/junit-jupiter-api-6.1.3.pom
[INFO] Downloading from central: https://repo.maven.apache.org/maven2/org/junit/jupiter/junit-jupiter-api/6.1.3/junit-jupiter-api-6.1.3.pom
[INFO] Downloaded from central: https://repo.maven.apache.org/maven2/org/junit/jupiter/junit-jupiter-api/6.1.3/junit-jupiter-api-6.1.3.pom (3.5 kB at 95 kB/s)
[INFO] Downloading from eclipse-hosted: https://repo.eclipse.org/content/repositories/eclipse/org/junit/junit-bom/6.1.3/junit-bom-6.1.3.pom
[INFO] Downloading from central: https://repo.maven.apache.org/maven2/org/junit/junit-bom/6.1.3/junit-bom-6.1.3.pom
[INFO] Downloaded from central: https://repo.maven.apache.org/maven2/org/junit/junit-bom/6.1.3/junit-bom-6.1.3.pom (5.4 kB at 175 kB/s)
[INFO] Downloading from eclipse-hosted: https://repo.eclipse.org/content/repositories/eclipse/org/junit/jupiter/junit-jupiter-api/6.1.3/junit-jupiter-api-6.1.3.jar
[INFO] Downloading from central: https://repo.maven.apache.org/maven2/org/junit/jupiter/junit-jupiter-api/6.1.3/junit-jupiter-api-6.1.3.jar
[INFO] Downloaded from central: https://repo.maven.apache.org/maven2/org/junit/jupiter/junit-jupiter-api/6.1.3/junit-jupiter-api-6.1.3.jar (313 kB at 8.0 MB/s)
[INFO] Downloading from eclipse-hosted: https://repo.eclipse.org/content/repositories/eclipse/org/junit/jupiter/junit-jupiter-api/6.1.3/junit-jupiter-api-6.1.3-sources.jar
[INFO] Downloading from central: https://repo.maven.apache.org/maven2/org/junit/jupiter/junit-jupiter-api/6.1.3/junit-jupiter-api-6.1.3-sources.jar
[INFO] Downloaded from central: https://repo.maven.apache.org/maven2/org/junit/jupiter/junit-jupiter-api/6.1.3/junit-jupiter-api-6.1.3-sources.jar (289 kB at 5.3 MB/s)
[INFO] Downloading from eclipse-hosted: https://repo.eclipse.org/content/repositories/eclipse/org/junit/jupiter/junit-jupiter-engine/6.1.3/junit-jupiter-engine-6.1.3.pom
[INFO] Downloading from central: https://repo.maven.apache.org/maven2/org/junit/jupiter/junit-jupiter-engine/6.1.3/junit-jupiter-engine-6.1.3.pom
[INFO] Downloaded from central: https://repo.maven.apache.org/maven2/org/junit/jupiter/junit-jupiter-engine/6.1.3/junit-jupiter-engine-6.1.3.pom (3.5 kB at 93 kB/s)
[INFO] Downloading from eclipse-hosted: https://repo.eclipse.org/content/repositories/eclipse/org/junit/jupiter/junit-jupiter-engine/6.1.3/junit-jupiter-engine-6.1.3.jar
[INFO] Downloading from central: https://repo.maven.apache.org/maven2/org/junit/jupiter/junit-jupiter-engine/6.1.3/junit-jupiter-engine-6.1.3.jar
[INFO] Downloaded from central: https://repo.maven.apache.org/maven2/org/junit/jupiter/junit-jupiter-engine/6.1.3/junit-jupiter-engine-6.1.3.jar (353 kB at 8.4 MB/s)
[INFO] Downloading from eclipse-hosted: https://repo.eclipse.org/content/repositories/eclipse/org/junit/jupiter/junit-jupiter-engine/6.1.3/junit-jupiter-engine-6.1.3-sources.jar
[INFO] Downloading from central: https://repo.maven.apache.org/maven2/org/junit/jupiter/junit-jupiter-engine/6.1.3/junit-jupiter-engine-6.1.3-sources.jar
[INFO] Downloaded from central: https://repo.maven.apache.org/maven2/org/junit/jupiter/junit-jupiter-engine/6.1.3/junit-jupiter-engine-6.1.3-sources.jar (172 kB at 5.5 MB/s)
[INFO] Downloading from eclipse-hosted: https://repo.eclipse.org/content/repositories/eclipse/org/junit/jupiter/junit-jupiter-migrationsupport/6.1.3/junit-jupiter-migrationsupport-6.1.3.pom
[INFO] Downloading from central: https://repo.maven.apache.org/maven2/org/junit/jupiter/junit-jupiter-migrationsupport/6.1.3/junit-jupiter-migrationsupport-6.1.3.pom
[INFO] Downloaded from central: https://repo.maven.apache.org/maven2/org/junit/jupiter/junit-jupiter-migrationsupport/6.1.3/junit-jupiter-migrationsupport-6.1.3.pom (3.5 kB at 88 kB/s)
[INFO] Downloading from eclipse-hosted: https://repo.eclipse.org/content/repositories/eclipse/org/junit/jupiter/junit-jupiter-migrationsupport/6.1.3/junit-jupiter-migrationsupport-6.1.3.jar
[INFO] Downloading from central: https://repo.maven.apache.org/maven2/org/junit/jupiter/junit-jupiter-migrationsupport/6.1.3/junit-jupiter-migrationsupport-6.1.3.jar
[INFO] Downloaded from central: https://repo.maven.apache.org/maven2/org/junit/jupiter/junit-jupiter-migrationsupport/6.1.3/junit-jupiter-migrationsupport-6.1.3.jar (31 kB at 1.1 MB/s)
[INFO] Downloading from eclipse-hosted: https://repo.eclipse.org/content/repositories/eclipse/org/junit/jupiter/junit-jupiter-migrationsupport/6.1.3/junit-jupiter-migrationsupport-6.1.3-sources.jar
[INFO] Downloading from central: https://repo.maven.apache.org/maven2/org/junit/jupiter/junit-jupiter-migrationsupport/6.1.3/junit-jupiter-migrationsupport-6.1.3-sources.jar
[INFO] Downloaded from central: https://repo.maven.apache.org/maven2/org/junit/jupiter/junit-jupiter-migrationsupport/6.1.3/junit-jupiter-migrationsupport-6.1.3-sources.jar (26 kB at 627 kB/s)
[INFO] Downloading from eclipse-hosted: https://repo.eclipse.org/content/repositories/eclipse/org/junit/jupiter/junit-jupiter-params/6.1.3/junit-jupiter-params-6.1.3.pom
[INFO] Downloading from central: https://repo.maven.apache.org/maven2/org/junit/jupiter/junit-jupiter-params/6.1.3/junit-jupiter-params-6.1.3.pom
[INFO] Downloaded from central: https://repo.maven.apache.org/maven2/org/junit/jupiter/junit-jupiter-params/6.1.3/junit-jupiter-params-6.1.3.pom (3.3 kB at 101 kB/s)
[INFO] Downloading from eclipse-hosted: https://repo.eclipse.org/content/repositories/eclipse/org/junit/jupiter/junit-jupiter-params/6.1.3/junit-jupiter-params-6.1.3.jar
[INFO] Downloading from central: https://repo.maven.apache.org/maven2/org/junit/jupiter/junit-jupiter-params/6.1.3/junit-jupiter-params-6.1.3.jar
[INFO] Downloaded from central: https://repo.maven.apache.org/maven2/org/junit/jupiter/junit-jupiter-params/6.1.3/junit-jupiter-params-6.1.3.jar (303 kB at 7.6 MB/s)
[INFO] Downloading from eclipse-hosted: https://repo.eclipse.org/content/repositories/eclipse/org/junit/jupiter/junit-jupiter-params/6.1.3/junit-jupiter-params-6.1.3-sources.jar
[INFO] Downloading from central: https://repo.maven.apache.org/maven2/org/junit/jupiter/junit-jupiter-params/6.1.3/junit-jupiter-params-6.1.3-sources.jar
[INFO] Downloaded from central: https://repo.maven.apache.org/maven2/org/junit/jupiter/junit-jupiter-params/6.1.3/junit-jupiter-params-6.1.3-sources.jar (141 kB at 3.8 MB/s)
[INFO] Downloading from eclipse-hosted: https://repo.eclipse.org/content/repositories/eclipse/org/junit/platform/junit-platform-commons/6.1.3/junit-platform-commons-6.1.3.pom
[INFO] Downloading from central: https://repo.maven.apache.org/maven2/org/junit/platform/junit-platform-commons/6.1.3/junit-platform-commons-6.1.3.pom
[INFO] Downloaded from central: https://repo.maven.apache.org/maven2/org/junit/platform/junit-platform-commons/6.1.3/junit-platform-commons-6.1.3.pom (3.2 kB at 90 kB/s)
[INFO] Downloading from eclipse-hosted: https://repo.eclipse.org/content/repositories/eclipse/org/junit/platform/junit-platform-commons/6.1.3/junit-platform-commons-6.1.3.jar
[INFO] Downloading from central: https://repo.maven.apache.org/maven2/org/junit/platform/junit-platform-commons/6.1.3/junit-platform-commons-6.1.3.jar
[INFO] Downloaded from central: https://repo.maven.apache.org/maven2/org/junit/platform/junit-platform-commons/6.1.3/junit-platform-commons-6.1.3.jar (176 kB at 5.7 MB/s)
[INFO] Downloading from eclipse-hosted: https://repo.eclipse.org/content/repositories/eclipse/org/junit/platform/junit-platform-commons/6.1.3/junit-platform-commons-6.1.3-sources.jar
[INFO] Downloading from central: https://repo.maven.apache.org/maven2/org/junit/platform/junit-platform-commons/6.1.3/junit-platform-commons-6.1.3-sources.jar
[INFO] Downloaded from central: https://repo.maven.apache.org/maven2/org/junit/platform/junit-platform-commons/6.1.3/junit-platform-commons-6.1.3-sources.jar (117 kB at 3.8 MB/s)
[INFO] Downloading from eclipse-hosted: https://repo.eclipse.org/content/repositories/eclipse/org/junit/platform/junit-platform-engine/6.1.3/junit-platform-engine-6.1.3.pom
[INFO] Downloading from central: https://repo.maven.apache.org/maven2/org/junit/platform/junit-platform-engine/6.1.3/junit-platform-engine-6.1.3.pom
[INFO] Downloaded from central: https://repo.maven.apache.org/maven2/org/junit/platform/junit-platform-engine/6.1.3/junit-platform-engine-6.1.3.pom (3.5 kB at 77 kB/s)
[INFO] Downloading from eclipse-hosted: https://repo.eclipse.org/content/repositories/eclipse/org/junit/platform/junit-platform-engine/6.1.3/junit-platform-engine-6.1.3.jar
[INFO] Downloading from central: https://repo.maven.apache.org/maven2/org/junit/platform/junit-platform-engine/6.1.3/junit-platform-engine-6.1.3.jar
[INFO] Downloaded from central: https://repo.maven.apache.org/maven2/org/junit/platform/junit-platform-engine/6.1.3/junit-platform-engine-6.1.3.jar (325 kB at 9.3 MB/s)
[INFO] Downloading from eclipse-hosted: https://repo.eclipse.org/content/repositories/eclipse/org/junit/platform/junit-platform-engine/6.1.3/junit-platform-engine-6.1.3-sources.jar
[INFO] Downloading from central: https://repo.maven.apache.org/maven2/org/junit/platform/junit-platform-engine/6.1.3/junit-platform-engine-6.1.3-sources.jar
[INFO] Downloaded from central: https://repo.maven.apache.org/maven2/org/junit/platform/junit-platform-engine/6.1.3/junit-platform-engine-6.1.3-sources.jar (188 kB at 4.5 MB/s)
[INFO] Downloading from eclipse-hosted: https://repo.eclipse.org/content/repositories/eclipse/org/junit/platform/junit-platform-launcher/6.1.3/junit-platform-launcher-6.1.3.pom
[INFO] Downloading from central: https://repo.maven.apache.org/maven2/org/junit/platform/junit-platform-launcher/6.1.3/junit-platform-launcher-6.1.3.pom
[INFO] Downloaded from central: https://repo.maven.apache.org/maven2/org/junit/platform/junit-platform-launcher/6.1.3/junit-platform-launcher-6.1.3.pom (3.4 kB at 129 kB/s)
[INFO] Downloading from eclipse-hosted: https://repo.eclipse.org/content/repositories/eclipse/org/junit/platform/junit-platform-launcher/6.1.3/junit-platform-launcher-6.1.3.jar
[INFO] Downloading from central: https://repo.maven.apache.org/maven2/org/junit/platform/junit-platform-launcher/6.1.3/junit-platform-launcher-6.1.3.jar
[INFO] Downloaded from central: https://repo.maven.apache.org/maven2/org/junit/platform/junit-platform-launcher/6.1.3/junit-platform-launcher-6.1.3.jar (253 kB at 9.0 MB/s)
[INFO] Downloading from eclipse-hosted: https://repo.eclipse.org/content/repositories/eclipse/org/junit/platform/junit-platform-launcher/6.1.3/junit-platform-launcher-6.1.3-sources.jar
[INFO] Downloading from central: https://repo.maven.apache.org/maven2/org/junit/platform/junit-platform-launcher/6.1.3/junit-platform-launcher-6.1.3-sources.jar
[INFO] Downloaded from central: https://repo.maven.apache.org/maven2/org/junit/platform/junit-platform-launcher/6.1.3/junit-platform-launcher-6.1.3-sources.jar (140 kB at 4.1 MB/s)
[INFO] Downloading from eclipse-hosted: https://repo.eclipse.org/content/repositories/eclipse/org/junit/platform/junit-platform-suite-api/6.1.3/junit-platform-suite-api-6.1.3.pom
[INFO] Downloading from central: https://repo.maven.apache.org/maven2/org/junit/platform/junit-platform-suite-api/6.1.3/junit-platform-suite-api-6.1.3.pom
[INFO] Downloaded from central: https://repo.maven.apache.org/maven2/org/junit/platform/junit-platform-suite-api/6.1.3/junit-platform-suite-api-6.1.3.pom (3.4 kB at 105 kB/s)
[INFO] Downloading from eclipse-hosted: https://repo.eclipse.org/content/repositories/eclipse/org/junit/platform/junit-platform-suite-api/6.1.3/junit-platform-suite-api-6.1.3.jar
[INFO] Downloading from central: https://repo.maven.apache.org/maven2/org/junit/platform/junit-platform-suite-api/6.1.3/junit-platform-suite-api-6.1.3.jar
[INFO] Downloaded from central: https://repo.maven.apache.org/maven2/org/junit/platform/junit-platform-suite-api/6.1.3/junit-platform-suite-api-6.1.3.jar (26 kB at 894 kB/s)
[INFO] Downloading from eclipse-hosted: https://repo.eclipse.org/content/repositories/eclipse/org/junit/platform/junit-platform-suite-api/6.1.3/junit-platform-suite-api-6.1.3-sources.jar
[INFO] Downloading from central: https://repo.maven.apache.org/maven2/org/junit/platform/junit-platform-suite-api/6.1.3/junit-platform-suite-api-6.1.3-sources.jar
[INFO] Downloaded from central: https://repo.maven.apache.org/maven2/org/junit/platform/junit-platform-suite-api/6.1.3/junit-platform-suite-api-6.1.3-sources.jar (36 kB at 858 kB/s)
[INFO] Downloading from eclipse-hosted: https://repo.eclipse.org/content/repositories/eclipse/org/junit/platform/junit-platform-suite-engine/6.1.3/junit-platform-suite-engine-6.1.3.pom
[INFO] Downloading from central: https://repo.maven.apache.org/maven2/org/junit/platform/junit-platform-suite-engine/6.1.3/junit-platform-suite-engine-6.1.3.pom
[INFO] Downloaded from central: https://repo.maven.apache.org/maven2/org/junit/platform/junit-platform-suite-engine/6.1.3/junit-platform-suite-engine-6.1.3.pom (3.8 kB at 94 kB/s)
[INFO] Downloading from eclipse-hosted: https://repo.eclipse.org/content/repositories/eclipse/org/junit/platform/junit-platform-suite-engine/6.1.3/junit-platform-suite-engine-6.1.3.jar
[INFO] Downloading from central: https://repo.maven.apache.org/maven2/org/junit/platform/junit-platform-suite-engine/6.1.3/junit-platform-suite-engine-6.1.3.jar
[INFO] Downloaded from central: https://repo.maven.apache.org/maven2/org/junit/platform/junit-platform-suite-engine/6.1.3/junit-platform-suite-engine-6.1.3.jar (46 kB at 2.0 MB/s)
[INFO] Downloading from eclipse-hosted: https://repo.eclipse.org/content/repositories/eclipse/org/junit/platform/junit-platform-suite-engine/6.1.3/junit-platform-suite-engine-6.1.3-sources.jar
[INFO] Downloading from central: https://repo.maven.apache.org/maven2/org/junit/platform/junit-platform-suite-engine/6.1.3/junit-platform-suite-engine-6.1.3-sources.jar
[INFO] Downloaded from central: https://repo.maven.apache.org/maven2/org/junit/platform/junit-platform-suite-engine/6.1.3/junit-platform-suite-engine-6.1.3-sources.jar (25 kB at 461 kB/s)
[INFO] Downloading from eclipse-hosted: https://repo.eclipse.org/content/repositories/eclipse/org/junit/vintage/junit-vintage-engine/6.1.3/junit-vintage-engine-6.1.3.pom
[INFO] Downloading from central: https://repo.maven.apache.org/maven2/org/junit/vintage/junit-vintage-engine/6.1.3/junit-vintage-engine-6.1.3.pom
[INFO] Downloaded from central: https://repo.maven.apache.org/maven2/org/junit/vintage/junit-vintage-engine/6.1.3/junit-vintage-engine-6.1.3.pom (3.5 kB at 82 kB/s)
[INFO] Downloading from eclipse-hosted: https://repo.eclipse.org/content/repositories/eclipse/org/junit/vintage/junit-vintage-engine/6.1.3/junit-vintage-engine-6.1.3.jar
[INFO] Downloading from central: https://repo.maven.apache.org/maven2/org/junit/vintage/junit-vintage-engine/6.1.3/junit-vintage-engine-6.1.3.jar
[INFO] Downloaded from central: https://repo.maven.apache.org/maven2/org/junit/vintage/junit-vintage-engine/6.1.3/junit-vintage-engine-6.1.3.jar (81 kB at 2.5 MB/s)
[INFO] Downloading from eclipse-hosted: https://repo.eclipse.org/content/repositories/eclipse/org/junit/vintage/junit-vintage-engine/6.1.3/junit-vintage-engine-6.1.3-sources.jar
[INFO] Downloading from central: https://repo.maven.apache.org/maven2/org/junit/vintage/junit-vintage-engine/6.1.3/junit-vintage-engine-6.1.3-sources.jar
[INFO] Downloaded from central: https://repo.maven.apache.org/maven2/org/junit/vintage/junit-vintage-engine/6.1.3/junit-vintage-engine-6.1.3-sources.jar (45 kB at 946 kB/s)
[INFO] Resolving MavenDependencyRoots = [GroupId = jakarta.activation, ArtifactId = jakarta.activation-api, Version = 2.1.4, ArtifactType = jar, GroupId = jakarta.annotation, ArtifactId = jakarta.annotation-api, Version = 1.3.5, ArtifactType = jar, GroupId = jakarta.annotation, ArtifactId = jakarta.annotation-api, Version = 3.0.0, ArtifactType = jar, GroupId = jakarta.inject, ArtifactId = jakarta.inject-api, Version = 1.0.5, ArtifactType = jar, GroupId = jakarta.inject, ArtifactId = jakarta.inject-api, Version = 2.0.1, ArtifactType = jar, GroupId = jakarta.xml.bind, ArtifactId = jakarta.xml.bind-api, Version = 4.0.5, ArtifactType = jar], IncludeDependencyScope = [compile], MissingManifestStrategy = ERROR, IncludeSource = true
[INFO] Downloading from eclipse-hosted: https://repo.eclipse.org/content/repositories/eclipse/jakarta/activation/jakarta.activation-api/2.1.4/jakarta.activation-api-2.1.4.pom
[INFO] Downloading from central: https://repo.maven.apache.org/maven2/jakarta/activation/jakarta.activation-api/2.1.4/jakarta.activation-api-2.1.4.pom
[INFO] Downloaded from central: https://repo.maven.apache.org/maven2/jakarta/activation/jakarta.activation-api/2.1.4/jakarta.activation-api-2.1.4.pom (19 kB at 280 kB/s)
[INFO] Downloading from eclipse-hosted: https://repo.eclipse.org/content/repositories/eclipse/org/eclipse/ee4j/project/1.0.9/project-1.0.9.pom
[INFO] Downloading from central: https://repo.maven.apache.org/maven2/org/eclipse/ee4j/project/1.0.9/project-1.0.9.pom
[INFO] Downloaded from central: https://repo.maven.apache.org/maven2/org/eclipse/ee4j/project/1.0.9/project-1.0.9.pom (16 kB at 375 kB/s)
[INFO] Downloading from eclipse-hosted: https://repo.eclipse.org/content/repositories/eclipse/jakarta/activation/jakarta.activation-api/2.1.4/jakarta.activation-api-2.1.4.jar
[INFO] Downloading from central: https://repo.maven.apache.org/maven2/jakarta/activation/jakarta.activation-api/2.1.4/jakarta.activation-api-2.1.4.jar
[INFO] Downloaded from central: https://repo.maven.apache.org/maven2/jakarta/activation/jakarta.activation-api/2.1.4/jakarta.activation-api-2.1.4.jar (67 kB at 1.9 MB/s)
[INFO] Downloading from eclipse-hosted: https://repo.eclipse.org/content/repositories/eclipse/jakarta/activation/jakarta.activation-api/2.1.4/jakarta.activation-api-2.1.4-sources.jar
[INFO] Downloading from central: https://repo.maven.apache.org/maven2/jakarta/activation/jakarta.activation-api/2.1.4/jakarta.activation-api-2.1.4-sources.jar
[INFO] Downloaded from central: https://repo.maven.apache.org/maven2/jakarta/activation/jakarta.activation-api/2.1.4/jakarta.activation-api-2.1.4-sources.jar (60 kB at 2.3 MB/s)
[INFO] Downloading from eclipse-hosted: https://repo.eclipse.org/content/repositories/eclipse/jakarta/annotation/jakarta.annotation-api/1.3.5/jakarta.annotation-api-1.3.5.pom
[INFO] Downloading from central: https://repo.maven.apache.org/maven2/jakarta/annotation/jakarta.annotation-api/1.3.5/jakarta.annotation-api-1.3.5.pom
[INFO] Downloaded from central: https://repo.maven.apache.org/maven2/jakarta/annotation/jakarta.annotation-api/1.3.5/jakarta.annotation-api-1.3.5.pom (16 kB at 354 kB/s)
[INFO] Downloading from eclipse-hosted: https://repo.eclipse.org/content/repositories/eclipse/jakarta/annotation/ca-parent/1.3.5/ca-parent-1.3.5.pom
[INFO] Downloading from central: https://repo.maven.apache.org/maven2/jakarta/annotation/ca-parent/1.3.5/ca-parent-1.3.5.pom
[INFO] Downloaded from central: https://repo.maven.apache.org/maven2/jakarta/annotation/ca-parent/1.3.5/ca-parent-1.3.5.pom (2.8 kB at 93 kB/s)
[INFO] Downloading from eclipse-hosted: https://repo.eclipse.org/content/repositories/eclipse/jakarta/annotation/jakarta.annotation-api/1.3.5/jakarta.annotation-api-1.3.5.jar
[INFO] Downloading from central: https://repo.maven.apache.org/maven2/jakarta/annotation/jakarta.annotation-api/1.3.5/jakarta.annotation-api-1.3.5.jar
[INFO] Downloaded from central: https://repo.maven.apache.org/maven2/jakarta/annotation/jakarta.annotation-api/1.3.5/jakarta.annotation-api-1.3.5.jar (25 kB at 895 kB/s)
[INFO] Downloading from eclipse-hosted: https://repo.eclipse.org/content/repositories/eclipse/jakarta/annotation/jakarta.annotation-api/1.3.5/jakarta.annotation-api-1.3.5-sources.jar
[INFO] Downloading from central: https://repo.maven.apache.org/maven2/jakarta/annotation/jakarta.annotation-api/1.3.5/jakarta.annotation-api-1.3.5-sources.jar
[INFO] Downloaded from central: https://repo.maven.apache.org/maven2/jakarta/annotation/jakarta.annotation-api/1.3.5/jakarta.annotation-api-1.3.5-sources.jar (38 kB at 1.3 MB/s)
[INFO] Downloading from eclipse-hosted: https://repo.eclipse.org/content/repositories/eclipse/jakarta/annotation/jakarta.annotation-api/3.0.0/jakarta.annotation-api-3.0.0.pom
[INFO] Downloading from central: https://repo.maven.apache.org/maven2/jakarta/annotation/jakarta.annotation-api/3.0.0/jakarta.annotation-api-3.0.0.pom
[INFO] Downloaded from central: https://repo.maven.apache.org/maven2/jakarta/annotation/jakarta.annotation-api/3.0.0/jakarta.annotation-api-3.0.0.pom (15 kB at 581 kB/s)
[INFO] Downloading from eclipse-hosted: https://repo.eclipse.org/content/repositories/eclipse/jakarta/annotation/jakarta.annotation-api/3.0.0/jakarta.annotation-api-3.0.0.jar
[INFO] Downloading from central: https://repo.maven.apache.org/maven2/jakarta/annotation/jakarta.annotation-api/3.0.0/jakarta.annotation-api-3.0.0.jar
[INFO] Downloaded from central: https://repo.maven.apache.org/maven2/jakarta/annotation/jakarta.annotation-api/3.0.0/jakarta.annotation-api-3.0.0.jar (26 kB at 1.2 MB/s)
[INFO] Downloading from eclipse-hosted: https://repo.eclipse.org/content/repositories/eclipse/jakarta/annotation/jakarta.annotation-api/3.0.0/jakarta.annotation-api-3.0.0-sources.jar
[INFO] Downloading from central: https://repo.maven.apache.org/maven2/jakarta/annotation/jakarta.annotation-api/3.0.0/jakarta.annotation-api-3.0.0-sources.jar
[INFO] Downloaded from central: https://repo.maven.apache.org/maven2/jakarta/annotation/jakarta.annotation-api/3.0.0/jakarta.annotation-api-3.0.0-sources.jar (36 kB at 1.3 MB/s)
[INFO] Downloading from eclipse-hosted: https://repo.eclipse.org/content/repositories/eclipse/jakarta/inject/jakarta.inject-api/1.0.5/jakarta.inject-api-1.0.5.pom
[INFO] Downloading from central: https://repo.maven.apache.org/maven2/jakarta/inject/jakarta.inject-api/1.0.5/jakarta.inject-api-1.0.5.pom
[INFO] Downloaded from central: https://repo.maven.apache.org/maven2/jakarta/inject/jakarta.inject-api/1.0.5/jakarta.inject-api-1.0.5.pom (5.8 kB at 160 kB/s)
[INFO] Downloading from eclipse-hosted: https://repo.eclipse.org/content/repositories/eclipse/jakarta/inject/jakarta.inject-api/1.0.5/jakarta.inject-api-1.0.5.jar
[INFO] Downloading from central: https://repo.maven.apache.org/maven2/jakarta/inject/jakarta.inject-api/1.0.5/jakarta.inject-api-1.0.5.jar
[INFO] Downloaded from central: https://repo.maven.apache.org/maven2/jakarta/inject/jakarta.inject-api/1.0.5/jakarta.inject-api-1.0.5.jar (11 kB at 329 kB/s)
[INFO] Downloading from eclipse-hosted: https://repo.eclipse.org/content/repositories/eclipse/jakarta/inject/jakarta.inject-api/1.0.5/jakarta.inject-api-1.0.5-sources.jar
[INFO] Downloading from central: https://repo.maven.apache.org/maven2/jakarta/inject/jakarta.inject-api/1.0.5/jakarta.inject-api-1.0.5-sources.jar
[INFO] Downloaded from central: https://repo.maven.apache.org/maven2/jakarta/inject/jakarta.inject-api/1.0.5/jakarta.inject-api-1.0.5-sources.jar (18 kB at 728 kB/s)
[INFO] Artifact jakarta.inject:jakarta.inject-api:pom:2.0.1 is present in the local repository, but cached from a remote repository ID that is unavailable in current build context, verifying that is downloadable from [eclipse-hosted (https://repo.eclipse.org/content/repositories/eclipse/, default, releases+snapshots), eclipse (https://download.eclipse.org/eclipse/updates/4.41/R-4.41-202608281142/, p2, disabled), central (https://repo.maven.apache.org/maven2, default, releases)]
[INFO] Artifact jakarta.inject:jakarta.inject-api:pom:2.0.1 is present in the local repository, but cached from a remote repository ID that is unavailable in current build context, verifying that is downloadable from [eclipse-hosted (https://repo.eclipse.org/content/repositories/eclipse/, default, releases+snapshots), eclipse (https://download.eclipse.org/eclipse/updates/4.41/R-4.41-202608281142/, p2, disabled), central (https://repo.maven.apache.org/maven2, default, releases)]
[INFO] Downloading from eclipse-hosted: https://repo.eclipse.org/content/repositories/eclipse/jakarta/inject/jakarta.inject-api/2.0.1/jakarta.inject-api-2.0.1.pom
[INFO] Downloading from central: https://repo.maven.apache.org/maven2/jakarta/inject/jakarta.inject-api/2.0.1/jakarta.inject-api-2.0.1.pom
[INFO] Downloaded from central: https://repo.maven.apache.org/maven2/jakarta/inject/jakarta.inject-api/2.0.1/jakarta.inject-api-2.0.1.pom (0 B at 0 B/s)
[INFO] Downloading from eclipse-hosted: https://repo.eclipse.org/content/repositories/eclipse/jakarta/inject/jakarta.inject-api/2.0.1/jakarta.inject-api-2.0.1.jar
[INFO] Downloading from central: https://repo.maven.apache.org/maven2/jakarta/inject/jakarta.inject-api/2.0.1/jakarta.inject-api-2.0.1.jar
[INFO] Downloaded from central: https://repo.maven.apache.org/maven2/jakarta/inject/jakarta.inject-api/2.0.1/jakarta.inject-api-2.0.1.jar (11 kB at 445 kB/s)
[INFO] Downloading from eclipse-hosted: https://repo.eclipse.org/content/repositories/eclipse/jakarta/inject/jakarta.inject-api/2.0.1/jakarta.inject-api-2.0.1-sources.jar
[INFO] Downloading from central: https://repo.maven.apache.org/maven2/jakarta/inject/jakarta.inject-api/2.0.1/jakarta.inject-api-2.0.1-sources.jar
[INFO] Downloaded from central: https://repo.maven.apache.org/maven2/jakarta/inject/jakarta.inject-api/2.0.1/jakarta.inject-api-2.0.1-sources.jar (18 kB at 738 kB/s)
[INFO] Downloading from eclipse-hosted: https://repo.eclipse.org/content/repositories/eclipse/jakarta/xml/bind/jakarta.xml.bind-api/4.0.5/jakarta.xml.bind-api-4.0.5.pom
[INFO] Downloading from central: https://repo.maven.apache.org/maven2/jakarta/xml/bind/jakarta.xml.bind-api/4.0.5/jakarta.xml.bind-api-4.0.5.pom
[INFO] Downloaded from central: https://repo.maven.apache.org/maven2/jakarta/xml/bind/jakarta.xml.bind-api/4.0.5/jakarta.xml.bind-api-4.0.5.pom (13 kB at 265 kB/s)
[INFO] Downloading from eclipse-hosted: https://repo.eclipse.org/content/repositories/eclipse/jakarta/xml/bind/jakarta.xml.bind-api-parent/4.0.5/jakarta.xml.bind-api-parent-4.0.5.pom
[INFO] Downloading from central: https://repo.maven.apache.org/maven2/jakarta/xml/bind/jakarta.xml.bind-api-parent/4.0.5/jakarta.xml.bind-api-parent-4.0.5.pom
[INFO] Downloaded from central: https://repo.maven.apache.org/maven2/jakarta/xml/bind/jakarta.xml.bind-api-parent/4.0.5/jakarta.xml.bind-api-parent-4.0.5.pom (9.1 kB at 352 kB/s)
[INFO] Downloading from eclipse-hosted: https://repo.eclipse.org/content/repositories/eclipse/jakarta/xml/bind/jakarta.xml.bind-api/4.0.5/jakarta.xml.bind-api-4.0.5.jar
[INFO] Downloading from central: https://repo.maven.apache.org/maven2/jakarta/xml/bind/jakarta.xml.bind-api/4.0.5/jakarta.xml.bind-api-4.0.5.jar
[INFO] Downloaded from central: https://repo.maven.apache.org/maven2/jakarta/xml/bind/jakarta.xml.bind-api/4.0.5/jakarta.xml.bind-api-4.0.5.jar (131 kB at 5.5 MB/s)
[INFO] Downloading from eclipse-hosted: https://repo.eclipse.org/content/repositories/eclipse/jakarta/xml/bind/jakarta.xml.bind-api/4.0.5/jakarta.xml.bind-api-4.0.5-sources.jar
[INFO] Downloading from central: https://repo.maven.apache.org/maven2/jakarta/xml/bind/jakarta.xml.bind-api/4.0.5/jakarta.xml.bind-api-4.0.5-sources.jar
[INFO] Downloaded from central: https://repo.maven.apache.org/maven2/jakarta/xml/bind/jakarta.xml.bind-api/4.0.5/jakarta.xml.bind-api-4.0.5-sources.jar (198 kB at 4.6 MB/s)
[INFO] Resolving MavenDependencyRoots = [GroupId = org.osgi, ArtifactId = org.osgi.test.assertj.framework, Version = 1.3.0, ArtifactType = jar, GroupId = org.osgi, ArtifactId = org.osgi.test.assertj.log, Version = 1.3.0, ArtifactType = jar, GroupId = org.osgi, ArtifactId = org.osgi.test.assertj.promise, Version = 1.3.0, ArtifactType = jar, GroupId = org.osgi, ArtifactId = org.osgi.test.common, Version = 1.3.0, ArtifactType = jar, GroupId = org.osgi, ArtifactId = org.osgi.test.junit4, Version = 1.3.0, ArtifactType = jar, GroupId = org.osgi, ArtifactId = org.osgi.test.junit5.cm, Version = 1.3.0, ArtifactType = jar, GroupId = org.osgi, ArtifactId = org.osgi.test.junit5, Version = 1.3.0, ArtifactType = jar], IncludeDependencyScope = [compile], MissingManifestStrategy = ERROR, IncludeSource = true
[INFO] Downloading from eclipse-hosted: https://repo.eclipse.org/content/repositories/eclipse/org/osgi/org.osgi.test.assertj.framework/1.3.0/org.osgi.test.assertj.framework-1.3.0.pom
[INFO] Downloading from central: https://repo.maven.apache.org/maven2/org/osgi/org.osgi.test.assertj.framework/1.3.0/org.osgi.test.assertj.framework-1.3.0.pom
[INFO] Downloaded from central: https://repo.maven.apache.org/maven2/org/osgi/org.osgi.test.assertj.framework/1.3.0/org.osgi.test.assertj.framework-1.3.0.pom (4.5 kB at 95 kB/s)
[INFO] Downloading from eclipse-hosted: https://repo.eclipse.org/content/repositories/eclipse/org/osgi/org.osgi.test.assertj.framework/1.3.0/org.osgi.test.assertj.framework-1.3.0.jar
[INFO] Downloading from central: https://repo.maven.apache.org/maven2/org/osgi/org.osgi.test.assertj.framework/1.3.0/org.osgi.test.assertj.framework-1.3.0.jar
[INFO] Downloaded from central: https://repo.maven.apache.org/maven2/org/osgi/org.osgi.test.assertj.framework/1.3.0/org.osgi.test.assertj.framework-1.3.0.jar (66 kB at 2.6 MB/s)
[INFO] Downloading from eclipse-hosted: https://repo.eclipse.org/content/repositories/eclipse/org/osgi/org.osgi.test.assertj.framework/1.3.0/org.osgi.test.assertj.framework-1.3.0-sources.jar
[INFO] Downloading from central: https://repo.maven.apache.org/maven2/org/osgi/org.osgi.test.assertj.framework/1.3.0/org.osgi.test.assertj.framework-1.3.0-sources.jar
[INFO] Downloaded from central: https://repo.maven.apache.org/maven2/org/osgi/org.osgi.test.assertj.framework/1.3.0/org.osgi.test.assertj.framework-1.3.0-sources.jar (55 kB at 1.5 MB/s)
[INFO] Downloading from eclipse-hosted: https://repo.eclipse.org/content/repositories/eclipse/org/osgi/org.osgi.test.assertj.log/1.3.0/org.osgi.test.assertj.log-1.3.0.pom
[INFO] Downloading from central: https://repo.maven.apache.org/maven2/org/osgi/org.osgi.test.assertj.log/1.3.0/org.osgi.test.assertj.log-1.3.0.pom
[INFO] Downloaded from central: https://repo.maven.apache.org/maven2/org/osgi/org.osgi.test.assertj.log/1.3.0/org.osgi.test.assertj.log-1.3.0.pom (4.9 kB at 169 kB/s)
[INFO] Downloading from eclipse-hosted: https://repo.eclipse.org/content/repositories/eclipse/org/osgi/org.osgi.test.assertj.log/1.3.0/org.osgi.test.assertj.log-1.3.0.jar
[INFO] Downloading from central: https://repo.maven.apache.org/maven2/org/osgi/org.osgi.test.assertj.log/1.3.0/org.osgi.test.assertj.log-1.3.0.jar
[INFO] Downloaded from central: https://repo.maven.apache.org/maven2/org/osgi/org.osgi.test.assertj.log/1.3.0/org.osgi.test.assertj.log-1.3.0.jar (13 kB at 435 kB/s)
[INFO] Downloading from eclipse-hosted: https://repo.eclipse.org/content/repositories/eclipse/org/osgi/org.osgi.test.assertj.log/1.3.0/org.osgi.test.assertj.log-1.3.0-sources.jar
[INFO] Downloading from central: https://repo.maven.apache.org/maven2/org/osgi/org.osgi.test.assertj.log/1.3.0/org.osgi.test.assertj.log-1.3.0-sources.jar
[INFO] Downloaded from central: https://repo.maven.apache.org/maven2/org/osgi/org.osgi.test.assertj.log/1.3.0/org.osgi.test.assertj.log-1.3.0-sources.jar (7.1 kB at 262 kB/s)
[INFO] Downloading from eclipse-hosted: https://repo.eclipse.org/content/repositories/eclipse/org/osgi/org.osgi.test.assertj.promise/1.3.0/org.osgi.test.assertj.promise-1.3.0.pom
[INFO] Downloading from central: https://repo.maven.apache.org/maven2/org/osgi/org.osgi.test.assertj.promise/1.3.0/org.osgi.test.assertj.promise-1.3.0.pom
[INFO] Downloaded from central: https://repo.maven.apache.org/maven2/org/osgi/org.osgi.test.assertj.promise/1.3.0/org.osgi.test.assertj.promise-1.3.0.pom (4.9 kB at 149 kB/s)
[INFO] Downloading from eclipse-hosted: https://repo.eclipse.org/content/repositories/eclipse/org/osgi/org.osgi.test.assertj.promise/1.3.0/org.osgi.test.assertj.promise-1.3.0.jar
[INFO] Downloading from central: https://repo.maven.apache.org/maven2/org/osgi/org.osgi.test.assertj.promise/1.3.0/org.osgi.test.assertj.promise-1.3.0.jar
[INFO] Downloaded from central: https://repo.maven.apache.org/maven2/org/osgi/org.osgi.test.assertj.promise/1.3.0/org.osgi.test.assertj.promise-1.3.0.jar (15 kB at 359 kB/s)
[INFO] Downloading from eclipse-hosted: https://repo.eclipse.org/content/repositories/eclipse/org/osgi/org.osgi.test.assertj.promise/1.3.0/org.osgi.test.assertj.promise-1.3.0-sources.jar
[INFO] Downloading from central: https://repo.maven.apache.org/maven2/org/osgi/org.osgi.test.assertj.promise/1.3.0/org.osgi.test.assertj.promise-1.3.0-sources.jar
[INFO] Downloaded from central: https://repo.maven.apache.org/maven2/org/osgi/org.osgi.test.assertj.promise/1.3.0/org.osgi.test.assertj.promise-1.3.0-sources.jar (9.2 kB at 229 kB/s)
[INFO] Downloading from eclipse-hosted: https://repo.eclipse.org/content/repositories/eclipse/org/osgi/org.osgi.test.common/1.3.0/org.osgi.test.common-1.3.0.pom
[INFO] Downloading from central: https://repo.maven.apache.org/maven2/org/osgi/org.osgi.test.common/1.3.0/org.osgi.test.common-1.3.0.pom
[INFO] Downloaded from central: https://repo.maven.apache.org/maven2/org/osgi/org.osgi.test.common/1.3.0/org.osgi.test.common-1.3.0.pom (4.3 kB at 78 kB/s)
[INFO] Downloading from eclipse-hosted: https://repo.eclipse.org/content/repositories/eclipse/org/osgi/org.osgi.test.common/1.3.0/org.osgi.test.common-1.3.0.jar
[INFO] Downloading from central: https://repo.maven.apache.org/maven2/org/osgi/org.osgi.test.common/1.3.0/org.osgi.test.common-1.3.0.jar
[INFO] Downloaded from central: https://repo.maven.apache.org/maven2/org/osgi/org.osgi.test.common/1.3.0/org.osgi.test.common-1.3.0.jar (96 kB at 2.7 MB/s)
[INFO] Downloading from eclipse-hosted: https://repo.eclipse.org/content/repositories/eclipse/org/osgi/org.osgi.test.common/1.3.0/org.osgi.test.common-1.3.0-sources.jar
[INFO] Downloading from central: https://repo.maven.apache.org/maven2/org/osgi/org.osgi.test.common/1.3.0/org.osgi.test.common-1.3.0-sources.jar
[INFO] Downloaded from central: https://repo.maven.apache.org/maven2/org/osgi/org.osgi.test.common/1.3.0/org.osgi.test.common-1.3.0-sources.jar (53 kB at 1.1 MB/s)
[INFO] Downloading from eclipse-hosted: https://repo.eclipse.org/content/repositories/eclipse/org/osgi/org.osgi.test.junit4/1.3.0/org.osgi.test.junit4-1.3.0.pom
[INFO] Downloading from central: https://repo.maven.apache.org/maven2/org/osgi/org.osgi.test.junit4/1.3.0/org.osgi.test.junit4-1.3.0.pom
[INFO] Downloaded from central: https://repo.maven.apache.org/maven2/org/osgi/org.osgi.test.junit4/1.3.0/org.osgi.test.junit4-1.3.0.pom (4.7 kB at 80 kB/s)
[INFO] Downloading from eclipse-hosted: https://repo.eclipse.org/content/repositories/eclipse/org/osgi/org.osgi.test.junit4/1.3.0/org.osgi.test.junit4-1.3.0.jar
[INFO] Downloading from central: https://repo.maven.apache.org/maven2/org/osgi/org.osgi.test.junit4/1.3.0/org.osgi.test.junit4-1.3.0.jar
[INFO] Downloaded from central: https://repo.maven.apache.org/maven2/org/osgi/org.osgi.test.junit4/1.3.0/org.osgi.test.junit4-1.3.0.jar (31 kB at 857 kB/s)
[INFO] Downloading from eclipse-hosted: https://repo.eclipse.org/content/repositories/eclipse/org/osgi/org.osgi.test.junit4/1.3.0/org.osgi.test.junit4-1.3.0-sources.jar
[INFO] Downloading from central: https://repo.maven.apache.org/maven2/org/osgi/org.osgi.test.junit4/1.3.0/org.osgi.test.junit4-1.3.0-sources.jar
[INFO] Downloaded from central: https://repo.maven.apache.org/maven2/org/osgi/org.osgi.test.junit4/1.3.0/org.osgi.test.junit4-1.3.0-sources.jar (19 kB at 500 kB/s)
[INFO] Downloading from eclipse-hosted: https://repo.eclipse.org/content/repositories/eclipse/org/osgi/org.osgi.test.junit5.cm/1.3.0/org.osgi.test.junit5.cm-1.3.0.pom
[INFO] Downloading from central: https://repo.maven.apache.org/maven2/org/osgi/org.osgi.test.junit5.cm/1.3.0/org.osgi.test.junit5.cm-1.3.0.pom
[INFO] Downloaded from central: https://repo.maven.apache.org/maven2/org/osgi/org.osgi.test.junit5.cm/1.3.0/org.osgi.test.junit5.cm-1.3.0.pom (5.3 kB at 93 kB/s)
[INFO] Downloading from eclipse-hosted: https://repo.eclipse.org/content/repositories/eclipse/org/osgi/org.osgi.test.junit5.cm/1.3.0/org.osgi.test.junit5.cm-1.3.0.jar
[INFO] Downloading from central: https://repo.maven.apache.org/maven2/org/osgi/org.osgi.test.junit5.cm/1.3.0/org.osgi.test.junit5.cm-1.3.0.jar
[INFO] Downloaded from central: https://repo.maven.apache.org/maven2/org/osgi/org.osgi.test.junit5.cm/1.3.0/org.osgi.test.junit5.cm-1.3.0.jar (32 kB at 720 kB/s)
[INFO] Downloading from eclipse-hosted: https://repo.eclipse.org/content/repositories/eclipse/org/osgi/org.osgi.test.junit5.cm/1.3.0/org.osgi.test.junit5.cm-1.3.0-sources.jar
[INFO] Downloading from central: https://repo.maven.apache.org/maven2/org/osgi/org.osgi.test.junit5.cm/1.3.0/org.osgi.test.junit5.cm-1.3.0-sources.jar
[INFO] Downloaded from central: https://repo.maven.apache.org/maven2/org/osgi/org.osgi.test.junit5.cm/1.3.0/org.osgi.test.junit5.cm-1.3.0-sources.jar (22 kB at 726 kB/s)
[INFO] Downloading from eclipse-hosted: https://repo.eclipse.org/content/repositories/eclipse/org/osgi/org.osgi.test.junit5/1.3.0/org.osgi.test.junit5-1.3.0.pom
[INFO] Downloading from central: https://repo.maven.apache.org/maven2/org/osgi/org.osgi.test.junit5/1.3.0/org.osgi.test.junit5-1.3.0.pom
[INFO] Downloaded from central: https://repo.maven.apache.org/maven2/org/osgi/org.osgi.test.junit5/1.3.0/org.osgi.test.junit5-1.3.0.pom (4.9 kB at 109 kB/s)
[INFO] Downloading from eclipse-hosted: https://repo.eclipse.org/content/repositories/eclipse/org/osgi/org.osgi.test.junit5/1.3.0/org.osgi.test.junit5-1.3.0.jar
[INFO] Downloading from central: https://repo.maven.apache.org/maven2/org/osgi/org.osgi.test.junit5/1.3.0/org.osgi.test.junit5-1.3.0.jar
[INFO] Downloaded from central: https://repo.maven.apache.org/maven2/org/osgi/org.osgi.test.junit5/1.3.0/org.osgi.test.junit5-1.3.0.jar (48 kB at 1.1 MB/s)
[INFO] Downloading from eclipse-hosted: https://repo.eclipse.org/content/repositories/eclipse/org/osgi/org.osgi.test.junit5/1.3.0/org.osgi.test.junit5-1.3.0-sources.jar
[INFO] Downloading from central: https://repo.maven.apache.org/maven2/org/osgi/org.osgi.test.junit5/1.3.0/org.osgi.test.junit5-1.3.0-sources.jar
[INFO] Downloaded from central: https://repo.maven.apache.org/maven2/org/osgi/org.osgi.test.junit5/1.3.0/org.osgi.test.junit5-1.3.0-sources.jar (31 kB at 814 kB/s)
[INFO] Resolving MavenDependencyRoots = [GroupId = org.commonmark, ArtifactId = commonmark-ext-gfm-tables, Version = 0.30.0, ArtifactType = jar, GroupId = org.commonmark, ArtifactId = commonmark, Version = 0.30.0, ArtifactType = jar], IncludeDependencyScope = [compile], MissingManifestStrategy = ERROR, IncludeSource = true
[INFO] Downloading from eclipse-hosted: https://repo.eclipse.org/content/repositories/eclipse/org/commonmark/commonmark-ext-gfm-tables/0.30.0/commonmark-ext-gfm-tables-0.30.0.pom
[INFO] Downloading from central: https://repo.maven.apache.org/maven2/org/commonmark/commonmark-ext-gfm-tables/0.30.0/commonmark-ext-gfm-tables-0.30.0.pom
[INFO] Downloaded from central: https://repo.maven.apache.org/maven2/org/commonmark/commonmark-ext-gfm-tables/0.30.0/commonmark-ext-gfm-tables-0.30.0.pom (1.0 kB at 20 kB/s)
[INFO] Downloading from eclipse-hosted: https://repo.eclipse.org/content/repositories/eclipse/org/commonmark/commonmark-parent/0.30.0/commonmark-parent-0.30.0.pom
[INFO] Downloading from central: https://repo.maven.apache.org/maven2/org/commonmark/commonmark-parent/0.30.0/commonmark-parent-0.30.0.pom
[INFO] Downloaded from central: https://repo.maven.apache.org/maven2/org/commonmark/commonmark-parent/0.30.0/commonmark-parent-0.30.0.pom (14 kB at 345 kB/s)
[INFO] Downloading from eclipse-hosted: https://repo.eclipse.org/content/repositories/eclipse/org/commonmark/commonmark-ext-gfm-tables/0.30.0/commonmark-ext-gfm-tables-0.30.0.jar
[INFO] Downloading from central: https://repo.maven.apache.org/maven2/org/commonmark/commonmark-ext-gfm-tables/0.30.0/commonmark-ext-gfm-tables-0.30.0.jar
[INFO] Downloaded from central: https://repo.maven.apache.org/maven2/org/commonmark/commonmark-ext-gfm-tables/0.30.0/commonmark-ext-gfm-tables-0.30.0.jar (24 kB at 408 kB/s)
[INFO] Downloading from eclipse-hosted: https://repo.eclipse.org/content/repositories/eclipse/org/commonmark/commonmark-ext-gfm-tables/0.30.0/commonmark-ext-gfm-tables-0.30.0-sources.jar
[INFO] Downloading from central: https://repo.maven.apache.org/maven2/org/commonmark/commonmark-ext-gfm-tables/0.30.0/commonmark-ext-gfm-tables-0.30.0-sources.jar
[INFO] Downloaded from central: https://repo.maven.apache.org/maven2/org/commonmark/commonmark-ext-gfm-tables/0.30.0/commonmark-ext-gfm-tables-0.30.0-sources.jar (13 kB at 228 kB/s)
[INFO] Downloading from eclipse-hosted: https://repo.eclipse.org/content/repositories/eclipse/org/commonmark/commonmark/0.30.0/commonmark-0.30.0.pom
[INFO] Downloading from central: https://repo.maven.apache.org/maven2/org/commonmark/commonmark/0.30.0/commonmark-0.30.0.pom
[INFO] Downloaded from central: https://repo.maven.apache.org/maven2/org/commonmark/commonmark/0.30.0/commonmark-0.30.0.pom (2.4 kB at 70 kB/s)
[INFO] Downloading from eclipse-hosted: https://repo.eclipse.org/content/repositories/eclipse/org/commonmark/commonmark/0.30.0/commonmark-0.30.0.jar
[INFO] Downloading from central: https://repo.maven.apache.org/maven2/org/commonmark/commonmark/0.30.0/commonmark-0.30.0.jar
[INFO] Downloaded from central: https://repo.maven.apache.org/maven2/org/commonmark/commonmark/0.30.0/commonmark-0.30.0.jar (220 kB at 6.9 MB/s)
[INFO] Downloading from eclipse-hosted: https://repo.eclipse.org/content/repositories/eclipse/org/commonmark/commonmark/0.30.0/commonmark-0.30.0-sources.jar
[INFO] Downloading from central: https://repo.maven.apache.org/maven2/org/commonmark/commonmark/0.30.0/commonmark-0.30.0-sources.jar
[INFO] Downloaded from central: https://repo.maven.apache.org/maven2/org/commonmark/commonmark/0.30.0/commonmark-0.30.0-sources.jar (145 kB at 5.2 MB/s)
[INFO] Adding repository https://download.eclipse.org/eclipse/updates/4.41/R-4.41-202608281142
[INFO] Downloading from eclipse-hosted: https://repo.eclipse.org/content/repositories/eclipse/net/java/dev/jna/jna/5.19.1/jna-5.19.1.pom
[INFO] Downloading from central: https://repo.maven.apache.org/maven2/net/java/dev/jna/jna/5.19.1/jna-5.19.1.pom
[INFO] Downloaded from central: https://repo.maven.apache.org/maven2/net/java/dev/jna/jna/5.19.1/jna-5.19.1.pom (2.0 kB at 78 kB/s)
[INFO] Artifact org.codehaus.mojo:animal-sniffer-annotations:jar:1.9 is present in the local repository, but cached from a remote repository ID that is unavailable in current build context, verifying that is downloadable from [eclipse-hosted (https://repo.eclipse.org/content/repositories/eclipse/, default, releases+snapshots), eclipse (https://download.eclipse.org/eclipse/updates/4.41/R-4.41-202608281142/, p2, disabled), central (https://repo.maven.apache.org/maven2, default, releases), apache.snapshots (https://repository.apache.org/snapshots, default, snapshots)]
[INFO] Artifact org.codehaus.mojo:animal-sniffer-annotations:jar:1.9 is present in the local repository, but cached from a remote repository ID that is unavailable in current build context, verifying that is downloadable from [eclipse-hosted (https://repo.eclipse.org/content/repositories/eclipse/, default, releases+snapshots), eclipse (https://download.eclipse.org/eclipse/updates/4.41/R-4.41-202608281142/, p2, disabled), central (https://repo.maven.apache.org/maven2, default, releases), apache.snapshots (https://repository.apache.org/snapshots, default, snapshots)]
[INFO] Downloading from eclipse-hosted: https://repo.eclipse.org/content/repositories/eclipse/net/java/dev/jna/jna/5.19.1/jna-5.19.1.jar
[INFO] Downloading from eclipse-hosted: https://repo.eclipse.org/content/repositories/eclipse/org/codehaus/mojo/animal-sniffer-annotations/1.9/animal-sniffer-annotations-1.9.jar
[INFO] Downloading from central: https://repo.maven.apache.org/maven2/net/java/dev/jna/jna/5.19.1/jna-5.19.1.jar
[INFO] Downloaded from central: https://repo.maven.apache.org/maven2/net/java/dev/jna/jna/5.19.1/jna-5.19.1.jar (2.0 MB at 59 MB/s)
[INFO] Downloading from central: https://repo.maven.apache.org/maven2/org/codehaus/mojo/animal-sniffer-annotations/1.9/animal-sniffer-annotations-1.9.jar
[INFO] Downloaded from central: https://repo.maven.apache.org/maven2/org/codehaus/mojo/animal-sniffer-annotations/1.9/animal-sniffer-annotations-1.9.jar (0 B at 0 B/s)
[INFO] 
[INFO] --- clean:3.5.0:clean (default-clean) @ org.eclipse.jdt.debug ---
[INFO] 
[INFO] --- tycho-packaging:5.0.3:build-qualifier (default-build-qualifier) @ org.eclipse.jdt.debug ---
[INFO] The project's OSGi version is 3.26.100.v20261007-1312
[INFO] 
[INFO] --- tycho-packaging:5.0.3:validate-id (default-validate-id) @ org.eclipse.jdt.debug ---
[INFO] 
[INFO] --- tycho-packaging:5.0.3:validate-version (default-validate-version) @ org.eclipse.jdt.debug ---
[INFO] 
[INFO] --- target-platform-configuration:5.0.3:target-platform (default-target-platform) @ org.eclipse.jdt.debug ---
[INFO] 
[INFO] --- tycho-compiler:5.0.3:validate-classpath (default-validate-classpath) @ org.eclipse.jdt.debug ---
[INFO] Resolving class path of [bundle] JDI Debug Model
[INFO] 
[INFO] --- build-helper:3.6.1:add-source (eclipse-classpath-add-source-1) @ org.eclipse.jdt.debug ---
[INFO] Downloading from tycho-snapshots: https://repo.eclipse.org/content/repositories/tycho-maven2-snapshots/org/apache-extras/beanshell/bsh/2.0b6/bsh-2.0b6.pom
[INFO] Downloading from eclipse-snapshots: https://repo.eclipse.org/content/repositories/eclipse-maven2-snapshots/org/apache-extras/beanshell/bsh/2.0b6/bsh-2.0b6.pom
[INFO] Downloading from eclipse-cbi: https://repo.eclipse.org/content/repositories/cbi-maven2/org/apache-extras/beanshell/bsh/2.0b6/bsh-2.0b6.pom
[INFO] Downloaded from eclipse-cbi: https://repo.eclipse.org/content/repositories/cbi-maven2/org/apache-extras/beanshell/bsh/2.0b6/bsh-2.0b6.pom (5.0 kB at 111 kB/s)
[INFO] Downloading from tycho-snapshots: https://repo.eclipse.org/content/repositories/tycho-maven2-snapshots/org/apache/maven/shared/file-management/3.2.0/file-management-3.2.0.pom
[INFO] Downloading from eclipse-snapshots: https://repo.eclipse.org/content/repositories/eclipse-maven2-snapshots/org/apache/maven/shared/file-management/3.2.0/file-management-3.2.0.pom
[INFO] Downloading from eclipse-cbi: https://repo.eclipse.org/content/repositories/cbi-maven2/org/apache/maven/shared/file-management/3.2.0/file-management-3.2.0.pom
[INFO] Downloaded from eclipse-cbi: https://repo.eclipse.org/content/repositories/cbi-maven2/org/apache/maven/shared/file-management/3.2.0/file-management-3.2.0.pom (4.5 kB at 90 kB/s)
[INFO] Downloading from tycho-snapshots: https://repo.eclipse.org/content/repositories/tycho-maven2-snapshots/org/apache/maven/shared/maven-shared-components/44/maven-shared-components-44.pom
[INFO] Downloading from eclipse-snapshots: https://repo.eclipse.org/content/repositories/eclipse-maven2-snapshots/org/apache/maven/shared/maven-shared-components/44/maven-shared-components-44.pom
[INFO] Downloading from eclipse-cbi: https://repo.eclipse.org/content/repositories/cbi-maven2/org/apache/maven/shared/maven-shared-components/44/maven-shared-components-44.pom
[INFO] Downloaded from eclipse-cbi: https://repo.eclipse.org/content/repositories/cbi-maven2/org/apache/maven/shared/maven-shared-components/44/maven-shared-components-44.pom (3.8 kB at 76 kB/s)
[INFO] Downloading from tycho-snapshots: https://repo.eclipse.org/content/repositories/tycho-maven2-snapshots/commons-io/commons-io/2.19.0/commons-io-2.19.0.pom
[INFO] Downloading from eclipse-snapshots: https://repo.eclipse.org/content/repositories/eclipse-maven2-snapshots/commons-io/commons-io/2.19.0/commons-io-2.19.0.pom
[INFO] Downloading from eclipse-cbi: https://repo.eclipse.org/content/repositories/cbi-maven2/commons-io/commons-io/2.19.0/commons-io-2.19.0.pom
[INFO] Downloaded from eclipse-cbi: https://repo.eclipse.org/content/repositories/cbi-maven2/commons-io/commons-io/2.19.0/commons-io-2.19.0.pom (21 kB at 430 kB/s)
[INFO] Downloading from tycho-snapshots: https://repo.eclipse.org/content/repositories/tycho-maven2-snapshots/org/apache/commons/commons-parent/81/commons-parent-81.pom
[INFO] Downloading from eclipse-snapshots: https://repo.eclipse.org/content/repositories/eclipse-maven2-snapshots/org/apache/commons/commons-parent/81/commons-parent-81.pom
[INFO] Downloading from eclipse-cbi: https://repo.eclipse.org/content/repositories/cbi-maven2/org/apache/commons/commons-parent/81/commons-parent-81.pom
[INFO] Downloaded from eclipse-cbi: https://repo.eclipse.org/content/repositories/cbi-maven2/org/apache/commons/commons-parent/81/commons-parent-81.pom (78 kB at 1.0 MB/s)
[INFO] Downloading from tycho-snapshots: https://repo.eclipse.org/content/repositories/tycho-maven2-snapshots/org/apache-extras/beanshell/bsh/2.0b6/bsh-2.0b6.jar
[INFO] Downloading from tycho-snapshots: https://repo.eclipse.org/content/repositories/tycho-maven2-snapshots/org/apache/maven/shared/file-management/3.2.0/file-management-3.2.0.jar
[INFO] Downloading from tycho-snapshots: https://repo.eclipse.org/content/repositories/tycho-maven2-snapshots/commons-io/commons-io/2.19.0/commons-io-2.19.0.jar
[INFO] Downloading from eclipse-snapshots: https://repo.eclipse.org/content/repositories/eclipse-maven2-snapshots/org/apache-extras/beanshell/bsh/2.0b6/bsh-2.0b6.jar
[INFO] Downloading from eclipse-snapshots: https://repo.eclipse.org/content/repositories/eclipse-maven2-snapshots/org/apache/maven/shared/file-management/3.2.0/file-management-3.2.0.jar
[INFO] Downloading from eclipse-snapshots: https://repo.eclipse.org/content/repositories/eclipse-maven2-snapshots/commons-io/commons-io/2.19.0/commons-io-2.19.0.jar
[INFO] Downloading from eclipse-cbi: https://repo.eclipse.org/content/repositories/cbi-maven2/org/apache-extras/beanshell/bsh/2.0b6/bsh-2.0b6.jar
[INFO] Downloaded from eclipse-cbi: https://repo.eclipse.org/content/repositories/cbi-maven2/org/apache-extras/beanshell/bsh/2.0b6/bsh-2.0b6.jar (389 kB at 2.5 MB/s)
[INFO] Downloading from eclipse-cbi: https://repo.eclipse.org/content/repositories/cbi-maven2/org/apache/maven/shared/file-management/3.2.0/file-management-3.2.0.jar
[INFO] Downloading from eclipse-cbi: https://repo.eclipse.org/content/repositories/cbi-maven2/commons-io/commons-io/2.19.0/commons-io-2.19.0.jar
[INFO] Downloaded from eclipse-cbi: https://repo.eclipse.org/content/repositories/cbi-maven2/org/apache/maven/shared/file-management/3.2.0/file-management-3.2.0.jar (26 kB at 411 kB/s)
[INFO] Downloaded from eclipse-cbi: https://repo.eclipse.org/content/repositories/cbi-maven2/commons-io/commons-io/2.19.0/commons-io-2.19.0.jar (556 kB at 4.6 MB/s)
[INFO] Source directory: /home/runner/work/eclipse.jdt.debug/eclipse.jdt.debug/org.eclipse.jdt.debug/jdi added.
[INFO] 
[INFO] --- build-helper:3.6.1:add-source (eclipse-classpath-add-source-2) @ org.eclipse.jdt.debug ---
[INFO] Source directory: /home/runner/work/eclipse.jdt.debug/eclipse.jdt.debug/org.eclipse.jdt.debug/eval added.
[INFO] 
[INFO] --- resources:3.5.0:resources (default-resources) @ org.eclipse.jdt.debug ---
[INFO] Downloading from tycho-snapshots: https://repo.eclipse.org/content/repositories/tycho-maven2-snapshots/org/apache/maven/shared/maven-filtering/3.5.0/maven-filtering-3.5.0.pom
[INFO] Downloading from eclipse-snapshots: https://repo.eclipse.org/content/repositories/eclipse-maven2-snapshots/org/apache/maven/shared/maven-filtering/3.5.0/maven-filtering-3.5.0.pom
[INFO] Downloading from eclipse-cbi: https://repo.eclipse.org/content/repositories/cbi-maven2/org/apache/maven/shared/maven-filtering/3.5.0/maven-filtering-3.5.0.pom
[INFO] Downloaded from eclipse-cbi: https://repo.eclipse.org/content/repositories/cbi-maven2/org/apache/maven/shared/maven-filtering/3.5.0/maven-filtering-3.5.0.pom (6.2 kB at 144 kB/s)
[INFO] Downloading from tycho-snapshots: https://repo.eclipse.org/content/repositories/tycho-maven2-snapshots/org/apache/maven/shared/maven-shared-components/47/maven-shared-components-47.pom
[INFO] Downloading from eclipse-snapshots: https://repo.eclipse.org/content/repositories/eclipse-maven2-snapshots/org/apache/maven/shared/maven-shared-components/47/maven-shared-components-47.pom
[INFO] Downloading from eclipse-cbi: https://repo.eclipse.org/content/repositories/cbi-maven2/org/apache/maven/shared/maven-shared-components/47/maven-shared-components-47.pom
[INFO] Downloaded from eclipse-cbi: https://repo.eclipse.org/content/repositories/cbi-maven2/org/apache/maven/shared/maven-shared-components/47/maven-shared-components-47.pom (3.8 kB at 88 kB/s)
[INFO] Downloading from tycho-snapshots: https://repo.eclipse.org/content/repositories/tycho-maven2-snapshots/org/codehaus/plexus/plexus-build-api/1.2.0/plexus-build-api-1.2.0.pom
[INFO] Downloading from eclipse-snapshots: https://repo.eclipse.org/content/repositories/eclipse-maven2-snapshots/org/codehaus/plexus/plexus-build-api/1.2.0/plexus-build-api-1.2.0.pom
[INFO] Downloading from eclipse-cbi: https://repo.eclipse.org/content/repositories/cbi-maven2/org/codehaus/plexus/plexus-build-api/1.2.0/plexus-build-api-1.2.0.pom
[INFO] Downloaded from eclipse-cbi: https://repo.eclipse.org/content/repositories/cbi-maven2/org/codehaus/plexus/plexus-build-api/1.2.0/plexus-build-api-1.2.0.pom (4.7 kB at 105 kB/s)
[INFO] Downloading from tycho-snapshots: https://repo.eclipse.org/content/repositories/tycho-maven2-snapshots/org/codehaus/plexus/plexus/13/plexus-13.pom
[INFO] Downloading from eclipse-snapshots: https://repo.eclipse.org/content/repositories/eclipse-maven2-snapshots/org/codehaus/plexus/plexus/13/plexus-13.pom
[INFO] Downloading from eclipse-cbi: https://repo.eclipse.org/content/repositories/cbi-maven2/org/codehaus/plexus/plexus/13/plexus-13.pom
[INFO] Downloaded from eclipse-cbi: https://repo.eclipse.org/content/repositories/cbi-maven2/org/codehaus/plexus/plexus/13/plexus-13.pom (27 kB at 702 kB/s)
[INFO] Downloading from tycho-snapshots: https://repo.eclipse.org/content/repositories/tycho-maven2-snapshots/org/junit/junit-bom/5.9.3/junit-bom-5.9.3.pom
[INFO] Downloading from eclipse-snapshots: https://repo.eclipse.org/content/repositories/eclipse-maven2-snapshots/org/junit/junit-bom/5.9.3/junit-bom-5.9.3.pom
[INFO] Downloading from eclipse-cbi: https://repo.eclipse.org/content/repositories/cbi-maven2/org/junit/junit-bom/5.9.3/junit-bom-5.9.3.pom
[INFO] Downloaded from eclipse-cbi: https://repo.eclipse.org/content/repositories/cbi-maven2/org/junit/junit-bom/5.9.3/junit-bom-5.9.3.pom (5.6 kB at 131 kB/s)
[INFO] Downloading from tycho-snapshots: https://repo.eclipse.org/content/repositories/tycho-maven2-snapshots/org/codehaus/plexus/plexus-utils/3.6.0/plexus-utils-3.6.0.pom
[INFO] Downloading from eclipse-snapshots: https://repo.eclipse.org/content/repositories/eclipse-maven2-snapshots/org/codehaus/plexus/plexus-utils/3.6.0/plexus-utils-3.6.0.pom
[INFO] Downloading from eclipse-cbi: https://repo.eclipse.org/content/repositories/cbi-maven2/org/codehaus/plexus/plexus-utils/3.6.0/plexus-utils-3.6.0.pom
[INFO] Downloaded from eclipse-cbi: https://repo.eclipse.org/content/repositories/cbi-maven2/org/codehaus/plexus/plexus-utils/3.6.0/plexus-utils-3.6.0.pom (7.6 kB at 153 kB/s)
[INFO] Downloading from tycho-snapshots: https://repo.eclipse.org/content/repositories/tycho-maven2-snapshots/org/codehaus/plexus/plexus/19/plexus-19.pom
[INFO] Downloading from eclipse-snapshots: https://repo.eclipse.org/content/repositories/eclipse-maven2-snapshots/org/codehaus/plexus/plexus/19/plexus-19.pom
[INFO] Downloading from eclipse-cbi: https://repo.eclipse.org/content/repositories/cbi-maven2/org/codehaus/plexus/plexus/19/plexus-19.pom
[INFO] Downloaded from eclipse-cbi: https://repo.eclipse.org/content/repositories/cbi-maven2/org/codehaus/plexus/plexus/19/plexus-19.pom (25 kB at 651 kB/s)
[INFO] Downloading from tycho-snapshots: https://repo.eclipse.org/content/repositories/tycho-maven2-snapshots/org/junit/junit-bom/5.11.1/junit-bom-5.11.1.pom
[INFO] Downloading from eclipse-snapshots: https://repo.eclipse.org/content/repositories/eclipse-maven2-snapshots/org/junit/junit-bom/5.11.1/junit-bom-5.11.1.pom
[INFO] Downloading from eclipse-cbi: https://repo.eclipse.org/content/repositories/cbi-maven2/org/junit/junit-bom/5.11.1/junit-bom-5.11.1.pom
[INFO] Downloaded from eclipse-cbi: https://repo.eclipse.org/content/repositories/cbi-maven2/org/junit/junit-bom/5.11.1/junit-bom-5.11.1.pom (5.6 kB at 97 kB/s)
[INFO] Downloading from tycho-snapshots: https://repo.eclipse.org/content/repositories/tycho-maven2-snapshots/org/eclipse/sisu/org.eclipse.sisu.plexus/0.9.0.M4/org.eclipse.sisu.plexus-0.9.0.M4.pom
[INFO] Downloading from eclipse-snapshots: https://repo.eclipse.org/content/repositories/eclipse-maven2-snapshots/org/eclipse/sisu/org.eclipse.sisu.plexus/0.9.0.M4/org.eclipse.sisu.plexus-0.9.0.M4.pom
[INFO] Downloading from eclipse-cbi: https://repo.eclipse.org/content/repositories/cbi-maven2/org/eclipse/sisu/org.eclipse.sisu.plexus/0.9.0.M4/org.eclipse.sisu.plexus-0.9.0.M4.pom
[INFO] Downloaded from eclipse-cbi: https://repo.eclipse.org/content/repositories/cbi-maven2/org/eclipse/sisu/org.eclipse.sisu.plexus/0.9.0.M4/org.eclipse.sisu.plexus-0.9.0.M4.pom (17 kB at 369 kB/s)
[INFO] Downloading from tycho-snapshots: https://repo.eclipse.org/content/repositories/tycho-maven2-snapshots/org/eclipse/sisu/sisu-inject/0.9.0.M4/sisu-inject-0.9.0.M4.pom
[INFO] Downloading from eclipse-snapshots: https://repo.eclipse.org/content/repositories/eclipse-maven2-snapshots/org/eclipse/sisu/sisu-inject/0.9.0.M4/sisu-inject-0.9.0.M4.pom
[INFO] Downloading from eclipse-cbi: https://repo.eclipse.org/content/repositories/cbi-maven2/org/eclipse/sisu/sisu-inject/0.9.0.M4/sisu-inject-0.9.0.M4.pom
[INFO] Downloaded from eclipse-cbi: https://repo.eclipse.org/content/repositories/cbi-maven2/org/eclipse/sisu/sisu-inject/0.9.0.M4/sisu-inject-0.9.0.M4.pom (25 kB at 650 kB/s)
[INFO] Downloading from tycho-snapshots: https://repo.eclipse.org/content/repositories/tycho-maven2-snapshots/org/apache/maven/shared/maven-filtering/3.5.0/maven-filtering-3.5.0.jar
[INFO] Downloading from tycho-snapshots: https://repo.eclipse.org/content/repositories/tycho-maven2-snapshots/org/codehaus/plexus/plexus-build-api/1.2.0/plexus-build-api-1.2.0.jar
[INFO] Downloading from tycho-snapshots: https://repo.eclipse.org/content/repositories/tycho-maven2-snapshots/org/eclipse/sisu/org.eclipse.sisu.plexus/0.9.0.M4/org.eclipse.sisu.plexus-0.9.0.M4.jar
[INFO] Downloading from tycho-snapshots: https://repo.eclipse.org/content/repositories/tycho-maven2-snapshots/org/codehaus/plexus/plexus-utils/3.6.0/plexus-utils-3.6.0.jar
[INFO] Downloading from eclipse-snapshots: https://repo.eclipse.org/content/repositories/eclipse-maven2-snapshots/org/apache/maven/shared/maven-filtering/3.5.0/maven-filtering-3.5.0.jar
[INFO] Downloading from eclipse-snapshots: https://repo.eclipse.org/content/repositories/eclipse-maven2-snapshots/org/codehaus/plexus/plexus-build-api/1.2.0/plexus-build-api-1.2.0.jar
[INFO] Downloading from eclipse-snapshots: https://repo.eclipse.org/content/repositories/eclipse-maven2-snapshots/org/eclipse/sisu/org.eclipse.sisu.plexus/0.9.0.M4/org.eclipse.sisu.plexus-0.9.0.M4.jar
[INFO] Downloading from eclipse-snapshots: https://repo.eclipse.org/content/repositories/eclipse-maven2-snapshots/org/codehaus/plexus/plexus-utils/3.6.0/plexus-utils-3.6.0.jar
[INFO] Downloading from eclipse-cbi: https://repo.eclipse.org/content/repositories/cbi-maven2/org/apache/maven/shared/maven-filtering/3.5.0/maven-filtering-3.5.0.jar
[INFO] Downloaded from eclipse-cbi: https://repo.eclipse.org/content/repositories/cbi-maven2/org/apache/maven/shared/maven-filtering/3.5.0/maven-filtering-3.5.0.jar (61 kB at 617 kB/s)
[INFO] Downloading from eclipse-cbi: https://repo.eclipse.org/content/repositories/cbi-maven2/org/codehaus/plexus/plexus-build-api/1.2.0/plexus-build-api-1.2.0.jar
[INFO] Downloading from eclipse-cbi: https://repo.eclipse.org/content/repositories/cbi-maven2/org/eclipse/sisu/org.eclipse.sisu.plexus/0.9.0.M4/org.eclipse.sisu.plexus-0.9.0.M4.jar
[INFO] Downloading from eclipse-cbi: https://repo.eclipse.org/content/repositories/cbi-maven2/org/codehaus/plexus/plexus-utils/3.6.0/plexus-utils-3.6.0.jar
[INFO] Downloaded from eclipse-cbi: https://repo.eclipse.org/content/repositories/cbi-maven2/org/codehaus/plexus/plexus-build-api/1.2.0/plexus-build-api-1.2.0.jar (6.6 kB at 173 kB/s)
[INFO] Downloaded from eclipse-cbi: https://repo.eclipse.org/content/repositories/cbi-maven2/org/codehaus/plexus/plexus-utils/3.6.0/plexus-utils-3.6.0.jar (272 kB at 4.3 MB/s)
[INFO] Downloaded from eclipse-cbi: https://repo.eclipse.org/content/repositories/cbi-maven2/org/eclipse/sisu/org.eclipse.sisu.plexus/0.9.0.M4/org.eclipse.sisu.plexus-0.9.0.M4.jar (216 kB at 1.9 MB/s)
[INFO] skip non existing resourceDirectory /home/runner/work/eclipse.jdt.debug/eclipse.jdt.debug/org.eclipse.jdt.debug/src/main/resources
[INFO] 
[INFO] --- tycho-compiler:5.0.3:compile (default-compile) @ org.eclipse.jdt.debug ---
[INFO] Downloading from central: https://repo.maven.apache.org/maven2/org/osgi/org.osgi.annotation.bundle/maven-metadata.xml
[INFO] Downloading from eclipse-hosted: https://repo.eclipse.org/content/repositories/eclipse/org/osgi/org.osgi.annotation.bundle/maven-metadata.xml
[INFO] Downloaded from central: https://repo.maven.apache.org/maven2/org/osgi/org.osgi.annotation.bundle/maven-metadata.xml (455 B at 18 kB/s)
[INFO] Downloading from eclipse-hosted: https://repo.eclipse.org/content/repositories/eclipse/org/osgi/org.osgi.annotation.bundle/1.1.1/org.osgi.annotation.bundle-1.1.1.jar
[INFO] Downloading from central: https://repo.maven.apache.org/maven2/org/osgi/org.osgi.annotation.bundle/1.1.1/org.osgi.annotation.bundle-1.1.1.jar
[INFO] Downloaded from central: https://repo.maven.apache.org/maven2/org/osgi/org.osgi.annotation.bundle/1.1.1/org.osgi.annotation.bundle-1.1.1.jar (30 kB at 1.1 MB/s)
[INFO] Downloading from eclipse-hosted: https://repo.eclipse.org/content/repositories/eclipse/org/eclipse/pde/org.eclipse.pde.api.tools.annotations/maven-metadata.xml
[INFO] Downloading from central: https://repo.maven.apache.org/maven2/org/eclipse/pde/org.eclipse.pde.api.tools.annotations/maven-metadata.xml
[INFO] Downloaded from central: https://repo.maven.apache.org/maven2/org/eclipse/pde/org.eclipse.pde.api.tools.annotations/maven-metadata.xml (687 B at 19 kB/s)
[INFO] Downloaded from eclipse-hosted: https://repo.eclipse.org/content/repositories/eclipse/org/eclipse/pde/org.eclipse.pde.api.tools.annotations/maven-metadata.xml (415 B at 8.0 kB/s)
[INFO] Downloading from eclipse-hosted: https://repo.eclipse.org/content/repositories/eclipse/org/eclipse/pde/org.eclipse.pde.api.tools.annotations/1.4.100/org.eclipse.pde.api.tools.annotations-1.4.100.jar
[INFO] Downloading from central: https://repo.maven.apache.org/maven2/org/eclipse/pde/org.eclipse.pde.api.tools.annotations/1.4.100/org.eclipse.pde.api.tools.annotations-1.4.100.jar
[INFO] Downloaded from central: https://repo.maven.apache.org/maven2/org/eclipse/pde/org.eclipse.pde.api.tools.annotations/1.4.100/org.eclipse.pde.api.tools.annotations-1.4.100.jar (15 kB at 732 kB/s)
[INFO] Downloading from central: https://repo.maven.apache.org/maven2/org/osgi/org.osgi.service.component.annotations/maven-metadata.xml
[INFO] Downloading from eclipse-hosted: https://repo.eclipse.org/content/repositories/eclipse/org/osgi/org.osgi.service.component.annotations/maven-metadata.xml
[INFO] Downloaded from central: https://repo.maven.apache.org/maven2/org/osgi/org.osgi.service.component.annotations/maven-metadata.xml (537 B at 21 kB/s)
[INFO] Compiling 363 source files to /home/runner/work/eclipse.jdt.debug/eclipse.jdt.debug/org.eclipse.jdt.debug/target/classes using Eclipse Compiler for Java(TM) 3.46.100.v20260826-1225
[WARNING] /home/runner/work/eclipse.jdt.debug/eclipse.jdt.debug/org.eclipse.jdt.debug/eval/org/eclipse/jdt/internal/debug/eval/LocalEvaluationEngine.java:[128] 
	* XXX: constants should be 'default' or 'final'. Where are these constants
	  ^^^^^^^^^^^^^^^^^^^^^^^^^^^^^^^^^^^^^^^^^^^^^^^^^^^^^^^^^^^^^^^^^^^^^^^^
XXX: constants should be 'default' or 'final'. Where are these constants
[WARNING] /home/runner/work/eclipse.jdt.debug/eclipse.jdt.debug/org.eclipse.jdt.debug/eval/org/eclipse/jdt/internal/debug/eval/RemoteEvaluatorBuilder.java:[892] 
	/* TODO: Make tricks here when we access fields where we have non-public access */
	   ^^^^^^^^^^^^^^^^^^^^^^^^^^^^^^^^^^^^^^^^^^^^^^^^^^^^^^^^^^^^^^^^^^^^^^^^^^^^
TODO: Make tricks here when we access fields where we have non-public access
[WARNING] /home/runner/work/eclipse.jdt.debug/eclipse.jdt.debug/org.eclipse.jdt.debug/eval/org/eclipse/jdt/internal/debug/eval/RemoteEvaluatorBuilder.java:[1526] 
	// TODO: Fix this to use same method as visit(FieldAccess)
	   ^^^^^^^^^^^^^^^^^^^^^^^^^^^^^^^^^^^^^^^^^^^^^^^^^^^^^^^
TODO: Fix this to use same method as visit(FieldAccess)
[WARNING] /home/runner/work/eclipse.jdt.debug/eclipse.jdt.debug/org.eclipse.jdt.debug/eval/org/eclipse/jdt/internal/debug/eval/ast/engine/Interpreter.java:[197] 
	// XXX: exception
	   ^^^^^^^^^^^^^^
XXX: exception
[WARNING] /home/runner/work/eclipse.jdt.debug/eclipse.jdt.debug/org.eclipse.jdt.debug/jdi/org/eclipse/jdi/internal/MethodImpl.java:[915] 
	// TODO: remove this test when j9 solve its problem
	   ^^^^^^^^^^^^^^^^^^^^^^^^^^^^^^^^^^^^^^^^^^^^^^^^
TODO: remove this test when j9 solve its problem
[WARNING] /home/runner/work/eclipse.jdt.debug/eclipse.jdt.debug/org.eclipse.jdt.debug/jdi/org/eclipse/jdi/internal/ReferenceTypeImpl.java:[1751] 
	// TODO: remove the workaround when the J9SC20030415 bug is fixed (see
	   ^^^^^^^^^^^^^^^^^^^^^^^^^^^^^^^^^^^^^^^^^^^^^^^^^^^^^^^^^^^^^^^^^^^
TODO: remove the workaround when the J9SC20030415 bug is fixed (see
[WARNING] /home/runner/work/eclipse.jdt.debug/eclipse.jdt.debug/org.eclipse.jdt.debug/jdi/org/eclipse/jdi/internal/VirtualMachineImpl.java:[1412] 
	// TODO: how to inform the user that the VM doesn't manage
	   ^^^^^^^^^^^^^^^^^^^^^^^^^^^^^^^^^^^^^^^^^^^^^^^^^^^^^^^
TODO: how to inform the user that the VM doesn't manage
[WARNING] /home/runner/work/eclipse.jdt.debug/eclipse.jdt.debug/org.eclipse.jdt.debug/jdi/org/eclipse/jdi/internal/connect/SocketListeningConnectorImpl.java:[67] 
	// FIXME: connectionLimit is not actually used in this class, but in the higher-level controller, SocketListenConnector.
	   ^^^^^^^^^^^^^^^^^^^^^^^^^^^^^^^^^^^^^^^^^^^^^^^^^^^^^^^^^^^^^^^^^^^^^^^^^^^^^^^^^^^^^^^^^^^^^^^^^^^^^^^^^^^^^^^^^^^^^
FIXME: connectionLimit is not actually used in this class, but in the higher-level controller, SocketListenConnector.
[WARNING] /home/runner/work/eclipse.jdt.debug/eclipse.jdt.debug/org.eclipse.jdt.debug/model/org/eclipse/jdt/internal/debug/core/JavaDebugUtils.java:[151] 
	// TODO: this may break fix to bug 21518
	   ^^^^^^^^^^^^^^^^^^^^^^^^^^^^^^^^^^^^^
TODO: this may break fix to bug 21518
[WARNING] /home/runner/work/eclipse.jdt.debug/eclipse.jdt.debug/org.eclipse.jdt.debug/model/org/eclipse/jdt/internal/debug/core/breakpoints/ConditionalBreakpointHandler.java:[262] 
	// TODO: timeout?
	   ^^^^^^^^^^^^^^
TODO: timeout?
[WARNING] /home/runner/work/eclipse.jdt.debug/eclipse.jdt.debug/org.eclipse.jdt.debug/model/org/eclipse/jdt/internal/debug/core/breakpoints/JavaClassPrepareBreakpoint.java:[131] 
	// TODO: do we show anything for types already loaded?
	   ^^^^^^^^^^^^^^^^^^^^^^^^^^^^^^^^^^^^^^^^^^^^^^^^^^^
TODO: do we show anything for types already loaded?
[WARNING] /home/runner/work/eclipse.jdt.debug/eclipse.jdt.debug/org.eclipse.jdt.debug/model/org/eclipse/jdt/internal/debug/core/breakpoints/JavaExceptionBreakpoint.java:[787] 
	* TODO: make API in future release.
	  ^^^^^^^^^^^^^^^^^^^^^^^^^^^^^^^^^
TODO: make API in future release.
[WARNING] /home/runner/work/eclipse.jdt.debug/eclipse.jdt.debug/org.eclipse.jdt.debug/model/org/eclipse/jdt/internal/debug/core/model/JDIDebugTarget.java:[136] 
	* TODO investigate making this a synchronized collection, to remove all this copying
	  ^^^^^^^^^^^^^^^^^^^^^^^^^^^^^^^^^^^^^^^^^^^^^^^^^^^^^^^^^^^^^^^^^^^^^^^^^^^^^^^^^^
TODO investigate making this a synchronized collection, to remove all this copying
[WARNING] /home/runner/work/eclipse.jdt.debug/eclipse.jdt.debug/org.eclipse.jdt.debug/model/org/eclipse/jdt/internal/debug/core/model/JDIDebugTarget.java:[489] 
	//TODO investigate making fThreads be a synchronized collection, to remove all this copying
	  ^^^^^^^^^^^^^^^^^^^^^^^^^^^^^^^^^^^^^^^^^^^^^^^^^^^^^^^^^^^^^^^^^^^^^^^^^^^^^^^^^^^^^^^^^
TODO investigate making fThreads be a synchronized collection, to remove all this copying
[WARNING] /home/runner/work/eclipse.jdt.debug/eclipse.jdt.debug/org.eclipse.jdt.debug/model/org/eclipse/jdt/internal/debug/core/model/JDIStackFrame.java:[198] 
	// TODO: what about receiving type being the same?
	   ^^^^^^^^^^^^^^^^^^^^^^^^^^^^^^^^^^^^^^^^^^^^^^^
TODO: what about receiving type being the same?
[WARNING] /home/runner/work/eclipse.jdt.debug/eclipse.jdt.debug/org.eclipse.jdt.debug/model/org/eclipse/jdt/internal/debug/core/model/JDIStackFrame.java:[1579] 
	((IJavaThread) getThread()).stepWithFilters();
	                            ^^^^^^^^^^^^^^^
The method stepWithFilters() from the type IFilteredStep is deprecated
16 problems (null, 16 warnings)
[INFO] 
[INFO] --- tycho-bnd:5.0.3:process (default-process) @ org.eclipse.jdt.debug ---
[INFO] 
[INFO] --- tycho-ds:5.0.3:declarative-services (default-declarative-services) @ org.eclipse.jdt.debug ---
[INFO] 
[INFO] --- tycho-apitools:5.0.3:generate (generate) @ org.eclipse.jdt.debug ---
[INFO] 
[INFO] --- resources:3.5.0:testResources (default-testResources) @ org.eclipse.jdt.debug ---
[INFO] skip non existing resourceDirectory /home/runner/work/eclipse.jdt.debug/eclipse.jdt.debug/org.eclipse.jdt.debug/src/test/resources
[INFO] 
[INFO] --- tycho-compiler:5.0.3:testCompile (default-testCompile) @ org.eclipse.jdt.debug ---
[INFO] 
[INFO] --- tycho-packaging:5.0.3:update-consumer-pom (default-update-consumer-pom) @ org.eclipse.jdt.debug ---
[INFO] 
[INFO] --- tycho-source:5.0.3:plugin-source (plugin-source) @ org.eclipse.jdt.debug ---
[INFO] Building jar: /home/runner/work/eclipse.jdt.debug/eclipse.jdt.debug/org.eclipse.jdt.debug/target/org.eclipse.jdt.debug-3.26.100-SNAPSHOT-sources.jar
[INFO] 
[INFO] --- tycho-packaging:5.0.3:package-plugin (default-package-plugin) @ org.eclipse.jdt.debug ---
[INFO] Building jar: /home/runner/work/eclipse.jdt.debug/eclipse.jdt.debug/org.eclipse.jdt.debug/jdimodel.jar
[INFO] Building jar: /home/runner/work/eclipse.jdt.debug/eclipse.jdt.debug/org.eclipse.jdt.debug/target/org.eclipse.jdt.debug-3.26.100-SNAPSHOT.jar
[INFO] 
[INFO] --- tycho-p2-plugin:5.0.3:p2-metadata-default (default-p2-metadata-default) @ org.eclipse.jdt.debug ---
[INFO] No baseline version org.eclipse.jdt:org.eclipse.jdt.debug:eclipse-plugin:3.26.100-SNAPSHOT
[INFO] 
[INFO] --- tycho-p2-extras:5.0.3:compare-version-with-baselines (compare-attached-artifacts-with-release) @ org.eclipse.jdt.debug ---
[INFO] Execution was skipped
[INFO] 
[INFO] -------------< org.eclipse.jdt:org.eclipse.jdt.launching >--------------
[INFO] Building org.eclipse.jdt.launching 3.24.300-SNAPSHOT               [3/5]
[INFO]   from org.eclipse.jdt.launching/pom.xml
[INFO] ---------------------------[ eclipse-plugin ]---------------------------
[INFO] 
[INFO] --- clean:3.5.0:clean (default-clean) @ org.eclipse.jdt.launching ---
[INFO] 
[INFO] --- tycho-packaging:5.0.3:build-qualifier (default-build-qualifier) @ org.eclipse.jdt.launching ---
[INFO] The project's OSGi version is 3.24.300.v20261007-1312
[INFO] 
[INFO] --- tycho-packaging:5.0.3:validate-id (default-validate-id) @ org.eclipse.jdt.launching ---
[INFO] 
[INFO] --- tycho-packaging:5.0.3:validate-version (default-validate-version) @ org.eclipse.jdt.launching ---
[INFO] 
[INFO] --- target-platform-configuration:5.0.3:target-platform (default-target-platform) @ org.eclipse.jdt.launching ---
[INFO] 
[INFO] --- tycho-compiler:5.0.3:validate-classpath (default-validate-classpath) @ org.eclipse.jdt.launching ---
[INFO] Resolving class path of org.eclipse.jdt.launching
[INFO] 
[INFO] --- resources:3.5.0:resources (default-resources) @ org.eclipse.jdt.launching ---
[INFO] skip non existing resourceDirectory /home/runner/work/eclipse.jdt.debug/eclipse.jdt.debug/org.eclipse.jdt.launching/src/main/resources
[INFO] 
[INFO] --- tycho-compiler:5.0.3:compile (default-compile) @ org.eclipse.jdt.launching ---
[INFO] Compiling 132 source files to /home/runner/work/eclipse.jdt.debug/eclipse.jdt.debug/org.eclipse.jdt.launching/target/classes using Eclipse Compiler for Java(TM) 3.46.100.v20260826-1225
[WARNING] /home/runner/work/eclipse.jdt.debug/eclipse.jdt.debug/org.eclipse.jdt.launching/launching/org/eclipse/jdt/internal/launching/JavaFxLibraryResolver.java:[58] 
	* TODO: We don't know if JavaSE-9 will ship JavaFX in the ext folder as well. If yes, then we have to use something like
	  ^^^^^^^^^^^^^^^^^^^^^^^^^^^^^^^^^^^^^^^^^^^^^^^^^^^^^^^^^^^^^^^^^^^^^^^^^^^^^^^^^^^^^^^^^^^^^^^^^^^^^^^^^^^^^^^^^^^^^^
TODO: We don't know if JavaSE-9 will ship JavaFX in the ext folder as well. If yes, then we have to use something like
[WARNING] /home/runner/work/eclipse.jdt.debug/eclipse.jdt.debug/org.eclipse.jdt.launching/launching/org/eclipse/jdt/internal/launching/StandardVMDebugger.java:[578] 
	// XXX: Revisit - allows us to put a quote (") around the classpath
	   ^^^^^^^^^^^^^^^^^^^^^^^^^^^^^^^^^^^^^^^^^^^^^^^^^^^^^^^^^^^^^^^^
XXX: Revisit - allows us to put a quote (") around the classpath
[WARNING] /home/runner/work/eclipse.jdt.debug/eclipse.jdt.debug/org.eclipse.jdt.launching/launching/org/eclipse/jdt/internal/launching/StandardVMRunner.java:[348] 
	// XXX JDKs Javadoc specifies:
	   ^^^^^^^^^^^^^^^^^^^^^^^^^^^
XXX JDKs Javadoc specifies:
[WARNING] /home/runner/work/eclipse.jdt.debug/eclipse.jdt.debug/org.eclipse.jdt.launching/launching/org/eclipse/jdt/internal/launching/StandardVMType.java:[448] 
	// TODO: Bug 489207: Temporary workaround for Jigsaw-previews that don't declare a bootpath.
	   ^^^^^^^^^^^^^^^^^^^^^^^^^^^^^^^^^^^^^^^^^^^^^^^^^^^^^^^^^^^^^^^^^^^^^^^^^^^^^^^^^^^^^^^^^
TODO: Bug 489207: Temporary workaround for Jigsaw-previews that don't declare a bootpath.
[WARNING] /home/runner/work/eclipse.jdt.debug/eclipse.jdt.debug/org.eclipse.jdt.launching/launching/org/eclipse/jdt/internal/launching/environments/EnvironmentsManager.java:[315] 
	// TODO: progress reporting?
	   ^^^^^^^^^^^^^^^^^^^^^^^^^
TODO: progress reporting?
[WARNING] /home/runner/work/eclipse.jdt.debug/eclipse.jdt.debug/org.eclipse.jdt.launching/launching/org/eclipse/jdt/internal/launching/environments/EnvironmentsManager.java:[447] 
	// TODO: progress reporting?
	   ^^^^^^^^^^^^^^^^^^^^^^^^^
TODO: progress reporting?
[WARNING] /home/runner/work/eclipse.jdt.debug/eclipse.jdt.debug/org.eclipse.jdt.launching/launching/org/eclipse/jdt/internal/launching/environments/ExecutionEnvironment.java:[444] 
	// TODO: use safe runnable
	   ^^^^^^^^^^^^^^^^^^^^^^^
TODO: use safe runnable
[WARNING] /home/runner/work/eclipse.jdt.debug/eclipse.jdt.debug/org.eclipse.jdt.launching/launching/org/eclipse/jdt/internal/launching/environments/ExecutionEnvironmentAnalyzer.java:[42] 
	// XXX: Note that this string is not yet standardized by OSGi, see http://wiki.osgi.org/wiki/Execution_Environment
	   ^^^^^^^^^^^^^^^^^^^^^^^^^^^^^^^^^^^^^^^^^^^^^^^^^^^^^^^^^^^^^^^^^^^^^^^^^^^^^^^^^^^^^^^^^^^^^^^^^^^^^^^^^^^^^^^
XXX: Note that this string is not yet standardized by OSGi, see http://wiki.osgi.org/wiki/Execution_Environment
[WARNING] /home/runner/work/eclipse.jdt.debug/eclipse.jdt.debug/org.eclipse.jdt.launching/launching/org/eclipse/jdt/internal/launching/sourcelookup/advanced/AdvancedSourceLookupSupport.java:[38] 
	// TODO consider moving to LaunchingPlugin
	   ^^^^^^^^^^^^^^^^^^^^^^^^^^^^^^^^^^^^^^^
TODO consider moving to LaunchingPlugin
[WARNING] /home/runner/work/eclipse.jdt.debug/eclipse.jdt.debug/org.eclipse.jdt.launching/launching/org/eclipse/jdt/internal/launching/sourcelookup/advanced/AdvancedSourceLookupSupport.java:[41] 
	// TODO consider moving to LaunchingPlugin
	   ^^^^^^^^^^^^^^^^^^^^^^^^^^^^^^^^^^^^^^^
TODO consider moving to LaunchingPlugin
[WARNING] /home/runner/work/eclipse.jdt.debug/eclipse.jdt.debug/org.eclipse.jdt.launching/launching/org/eclipse/jdt/internal/launching/sourcelookup/advanced/JDIHelpers.java:[156] 
	// TODO consider ignoring DebugException for all IJDIHeloper methods
	   ^^^^^^^^^^^^^^^^^^^^^^^^^^^^^^^^^^^^^^^^^^^^^^^^^^^^^^^^^^^^^^^^^
TODO consider ignoring DebugException for all IJDIHeloper methods
[WARNING] /home/runner/work/eclipse.jdt.debug/eclipse.jdt.debug/org.eclipse.jdt.launching/launching/org/eclipse/jdt/internal/launching/sourcelookup/advanced/WorkspaceProjectSourceContainers.java:[87] 
	// TODO review, this looks too complicated to add/remove java projects
	   ^^^^^^^^^^^^^^^^^^^^^^^^^^^^^^^^^^^^^^^^^^^^^^^^^^^^^^^^^^^^^^^^^^^
TODO review, this looks too complicated to add/remove java projects
[WARNING] /home/runner/work/eclipse.jdt.debug/eclipse.jdt.debug/org.eclipse.jdt.launching/launching/org/eclipse/jdt/internal/launching/sourcelookup/advanced/WorkspaceProjectSourceContainers.java:[149] 
	// TODO decide what happens if the same location is associated with multiple package fragment roots
	   ^^^^^^^^^^^^^^^^^^^^^^^^^^^^^^^^^^^^^^^^^^^^^^^^^^^^^^^^^^^^^^^^^^^^^^^^^^^^^^^^^^^^^^^^^^^^^^^^
TODO decide what happens if the same location is associated with multiple package fragment roots
[WARNING] /home/runner/work/eclipse.jdt.debug/eclipse.jdt.debug/org.eclipse.jdt.launching/launching/org/eclipse/jdt/internal/launching/sourcelookup/advanced/WorkspaceProjectSourceContainers.java:[314] 
	// TODO this can take significant time for large workspaces, consider running on multiple threads
	   ^^^^^^^^^^^^^^^^^^^^^^^^^^^^^^^^^^^^^^^^^^^^^^^^^^^^^^^^^^^^^^^^^^^^^^^^^^^^^^^^^^^^^^^^^^^^^^
TODO this can take significant time for large workspaces, consider running on multiple threads
[WARNING] /home/runner/work/eclipse.jdt.debug/eclipse.jdt.debug/org.eclipse.jdt.launching/launching/org/eclipse/jdt/launching/AbstractJavaLaunchConfigurationDelegate.java:[367] 
	// TODO: this test does not tell us if the bootpath entries are different (could still be
	   ^^^^^^^^^^^^^^^^^^^^^^^^^^^^^^^^^^^^^^^^^^^^^^^^^^^^^^^^^^^^^^^^^^^^^^^^^^^^^^^^^^^^^^
TODO: this test does not tell us if the bootpath entries are different (could still be
[WARNING] /home/runner/work/eclipse.jdt.debug/eclipse.jdt.debug/org.eclipse.jdt.launching/launching/org/eclipse/jdt/launching/AbstractJavaLaunchConfigurationDelegate.java:[1198] 
	// TODO: revisit to examine other possible solutions
	   ^^^^^^^^^^^^^^^^^^^^^^^^^^^^^^^^^^^^^^^^^^^^^^^^^
TODO: revisit to examine other possible solutions
[WARNING] /home/runner/work/eclipse.jdt.debug/eclipse.jdt.debug/org.eclipse.jdt.launching/launching/org/eclipse/jdt/launching/environments/ExecutionEnvironmentDescription.java:[316] 
	value = resolveHome(value, eeHome); // TODO: remove once getProperties() has been removed
	                                       ^^^^^^^^^^^^^^^^^^^^^^^^^^^^^^^^^^^^^^^^^^^^^^^^^^
TODO: remove once getProperties() has been removed
17 problems (null, 17 warnings)
[INFO] 
[INFO] --- antrun:3.2.0:run (compile-internal-jar) @ org.eclipse.jdt.launching ---
[INFO] Downloading from tycho-snapshots: https://repo.eclipse.org/content/repositories/tycho-maven2-snapshots/org/codehaus/plexus/plexus-xml/3.0.1/plexus-xml-3.0.1.pom
[INFO] Downloading from eclipse-snapshots: https://repo.eclipse.org/content/repositories/eclipse-maven2-snapshots/org/codehaus/plexus/plexus-xml/3.0.1/plexus-xml-3.0.1.pom
[INFO] Downloading from eclipse-cbi: https://repo.eclipse.org/content/repositories/cbi-maven2/org/codehaus/plexus/plexus-xml/3.0.1/plexus-xml-3.0.1.pom
[INFO] Downloaded from eclipse-cbi: https://repo.eclipse.org/content/repositories/cbi-maven2/org/codehaus/plexus/plexus-xml/3.0.1/plexus-xml-3.0.1.pom (3.7 kB at 77 kB/s)
[INFO] Downloading from tycho-snapshots: https://repo.eclipse.org/content/repositories/tycho-maven2-snapshots/org/codehaus/plexus/plexus/18/plexus-18.pom
[INFO] Downloading from eclipse-snapshots: https://repo.eclipse.org/content/repositories/eclipse-maven2-snapshots/org/codehaus/plexus/plexus/18/plexus-18.pom
[INFO] Downloading from eclipse-cbi: https://repo.eclipse.org/content/repositories/cbi-maven2/org/codehaus/plexus/plexus/18/plexus-18.pom
[INFO] Downloaded from eclipse-cbi: https://repo.eclipse.org/content/repositories/cbi-maven2/org/codehaus/plexus/plexus/18/plexus-18.pom (29 kB at 412 kB/s)
[INFO] Downloading from tycho-snapshots: https://repo.eclipse.org/content/repositories/tycho-maven2-snapshots/org/apache/ant/ant/1.10.15/ant-1.10.15.pom
[INFO] Downloading from eclipse-snapshots: https://repo.eclipse.org/content/repositories/eclipse-maven2-snapshots/org/apache/ant/ant/1.10.15/ant-1.10.15.pom
[INFO] Downloading from eclipse-cbi: https://repo.eclipse.org/content/repositories/cbi-maven2/org/apache/ant/ant/1.10.15/ant-1.10.15.pom
[INFO] Downloaded from eclipse-cbi: https://repo.eclipse.org/content/repositories/cbi-maven2/org/apache/ant/ant/1.10.15/ant-1.10.15.pom (17 kB at 359 kB/s)
[INFO] Downloading from tycho-snapshots: https://repo.eclipse.org/content/repositories/tycho-maven2-snapshots/org/apache/ant/ant-parent/1.10.15/ant-parent-1.10.15.pom
[INFO] Downloading from eclipse-snapshots: https://repo.eclipse.org/content/repositories/eclipse-maven2-snapshots/org/apache/ant/ant-parent/1.10.15/ant-parent-1.10.15.pom
[INFO] Downloading from eclipse-cbi: https://repo.eclipse.org/content/repositories/cbi-maven2/org/apache/ant/ant-parent/1.10.15/ant-parent-1.10.15.pom
[INFO] Downloaded from eclipse-cbi: https://repo.eclipse.org/content/repositories/cbi-maven2/org/apache/ant/ant-parent/1.10.15/ant-parent-1.10.15.pom (6.6 kB at 146 kB/s)
[INFO] Downloading from tycho-snapshots: https://repo.eclipse.org/content/repositories/tycho-maven2-snapshots/org/apache/ant/ant-launcher/1.10.15/ant-launcher-1.10.15.pom
[INFO] Downloading from eclipse-snapshots: https://repo.eclipse.org/content/repositories/eclipse-maven2-snapshots/org/apache/ant/ant-launcher/1.10.15/ant-launcher-1.10.15.pom
[INFO] Downloading from eclipse-cbi: https://repo.eclipse.org/content/repositories/cbi-maven2/org/apache/ant/ant-launcher/1.10.15/ant-launcher-1.10.15.pom
[INFO] Downloaded from eclipse-cbi: https://repo.eclipse.org/content/repositories/cbi-maven2/org/apache/ant/ant-launcher/1.10.15/ant-launcher-1.10.15.pom (3.2 kB at 67 kB/s)
[INFO] Downloading from tycho-snapshots: https://repo.eclipse.org/content/repositories/tycho-maven2-snapshots/org/codehaus/plexus/plexus-xml/3.0.1/plexus-xml-3.0.1.jar
[INFO] Downloading from tycho-snapshots: https://repo.eclipse.org/content/repositories/tycho-maven2-snapshots/org/apache/ant/ant/1.10.15/ant-1.10.15.jar
[INFO] Downloading from tycho-snapshots: https://repo.eclipse.org/content/repositories/tycho-maven2-snapshots/org/apache/ant/ant-launcher/1.10.15/ant-launcher-1.10.15.jar
[INFO] Downloading from eclipse-snapshots: https://repo.eclipse.org/content/repositories/eclipse-maven2-snapshots/org/codehaus/plexus/plexus-xml/3.0.1/plexus-xml-3.0.1.jar
[INFO] Downloading from eclipse-snapshots: https://repo.eclipse.org/content/repositories/eclipse-maven2-snapshots/org/apache/ant/ant/1.10.15/ant-1.10.15.jar
[INFO] Downloading from eclipse-snapshots: https://repo.eclipse.org/content/repositories/eclipse-maven2-snapshots/org/apache/ant/ant-launcher/1.10.15/ant-launcher-1.10.15.jar
[INFO] Downloading from eclipse-cbi: https://repo.eclipse.org/content/repositories/cbi-maven2/org/codehaus/plexus/plexus-xml/3.0.1/plexus-xml-3.0.1.jar
[INFO] Downloaded from eclipse-cbi: https://repo.eclipse.org/content/repositories/cbi-maven2/org/codehaus/plexus/plexus-xml/3.0.1/plexus-xml-3.0.1.jar (94 kB at 1.1 MB/s)
[INFO] Downloading from eclipse-cbi: https://repo.eclipse.org/content/repositories/cbi-maven2/org/apache/ant/ant/1.10.15/ant-1.10.15.jar
[INFO] Downloading from eclipse-cbi: https://repo.eclipse.org/content/repositories/cbi-maven2/org/apache/ant/ant-launcher/1.10.15/ant-launcher-1.10.15.jar
[INFO] Downloaded from eclipse-cbi: https://repo.eclipse.org/content/repositories/cbi-maven2/org/apache/ant/ant-launcher/1.10.15/ant-launcher-1.10.15.jar (19 kB at 278 kB/s)
[INFO] Downloaded from eclipse-cbi: https://repo.eclipse.org/content/repositories/cbi-maven2/org/apache/ant/ant/1.10.15/ant-1.10.15.jar (2.3 MB at 20 MB/s)
[INFO] Executing tasks
[INFO] Executed tasks
[INFO] 
[INFO] --- tycho-bnd:5.0.3:process (default-process) @ org.eclipse.jdt.launching ---
[INFO] 
[INFO] --- tycho-ds:5.0.3:declarative-services (default-declarative-services) @ org.eclipse.jdt.launching ---
[INFO] 
[INFO] --- tycho-apitools:5.0.3:generate (generate) @ org.eclipse.jdt.launching ---
[INFO] 
[INFO] --- resources:3.5.0:testResources (default-testResources) @ org.eclipse.jdt.launching ---
[INFO] skip non existing resourceDirectory /home/runner/work/eclipse.jdt.debug/eclipse.jdt.debug/org.eclipse.jdt.launching/src/test/resources
[INFO] 
[INFO] --- tycho-compiler:5.0.3:testCompile (default-testCompile) @ org.eclipse.jdt.launching ---
[INFO] 
[INFO] --- tycho-packaging:5.0.3:update-consumer-pom (default-update-consumer-pom) @ org.eclipse.jdt.launching ---
[INFO] 
[INFO] --- tycho-source:5.0.3:plugin-source (plugin-source) @ org.eclipse.jdt.launching ---
[INFO] Building jar: /home/runner/work/eclipse.jdt.debug/eclipse.jdt.debug/org.eclipse.jdt.launching/target/org.eclipse.jdt.launching-3.24.300-SNAPSHOT-sources.jar
[INFO] 
[INFO] --- tycho-packaging:5.0.3:package-plugin (default-package-plugin) @ org.eclipse.jdt.launching ---
[INFO] Building jar: /home/runner/work/eclipse.jdt.debug/eclipse.jdt.debug/org.eclipse.jdt.launching/target/org.eclipse.jdt.launching-3.24.300-SNAPSHOT.jar
[INFO] 
[INFO] --- tycho-p2-plugin:5.0.3:p2-metadata-default (default-p2-metadata-default) @ org.eclipse.jdt.launching ---
[INFO] No baseline version org.eclipse.jdt:org.eclipse.jdt.launching:eclipse-plugin:3.24.300-SNAPSHOT
[INFO] 
[INFO] --- tycho-p2-extras:5.0.3:compare-version-with-baselines (compare-attached-artifacts-with-release) @ org.eclipse.jdt.launching ---
[INFO] Execution was skipped
[INFO] 
[INFO] --------------< org.eclipse.jdt:org.eclipse.jdt.debug.ui >--------------
[INFO] Building org.eclipse.jdt.debug.ui 3.15.500-SNAPSHOT                [4/5]
[INFO]   from org.eclipse.jdt.debug.ui/pom.xml
[INFO] ---------------------------[ eclipse-plugin ]---------------------------
[INFO] Downloading from eclipse-hosted: https://repo.eclipse.org/content/repositories/eclipse/org/bouncycastle/bcprov-jdk18on/1.85/bcprov-jdk18on-1.85.pom
[INFO] Downloading from central: https://repo.maven.apache.org/maven2/org/bouncycastle/bcprov-jdk18on/1.85/bcprov-jdk18on-1.85.pom
[INFO] Downloaded from central: https://repo.maven.apache.org/maven2/org/bouncycastle/bcprov-jdk18on/1.85/bcprov-jdk18on-1.85.pom (1.2 kB at 34 kB/s)
[INFO] Downloading from eclipse-hosted: https://repo.eclipse.org/content/repositories/eclipse/org/ow2/asm/asm/9.6/asm-9.6.pom
[INFO] Downloading from central: https://repo.maven.apache.org/maven2/org/ow2/asm/asm/9.6/asm-9.6.pom
[INFO] Downloaded from central: https://repo.maven.apache.org/maven2/org/ow2/asm/asm/9.6/asm-9.6.pom (2.4 kB at 85 kB/s)
[INFO] Downloading from eclipse-hosted: https://repo.eclipse.org/content/repositories/eclipse/org/ow2/asm/asm-commons/9.6/asm-commons-9.6.pom
[INFO] Downloading from central: https://repo.maven.apache.org/maven2/org/ow2/asm/asm-commons/9.6/asm-commons-9.6.pom
[INFO] Downloaded from central: https://repo.maven.apache.org/maven2/org/ow2/asm/asm-commons/9.6/asm-commons-9.6.pom (2.8 kB at 75 kB/s)
[INFO] Downloading from eclipse-hosted: https://repo.eclipse.org/content/repositories/eclipse/org/ow2/asm/asm-tree/9.6/asm-tree-9.6.pom
[INFO] Downloading from central: https://repo.maven.apache.org/maven2/org/ow2/asm/asm-tree/9.6/asm-tree-9.6.pom
[INFO] Downloaded from central: https://repo.maven.apache.org/maven2/org/ow2/asm/asm-tree/9.6/asm-tree-9.6.pom (2.6 kB at 79 kB/s)
[INFO] Downloading from eclipse-hosted: https://repo.eclipse.org/content/repositories/eclipse/org/ow2/asm/asm-util/9.6/asm-util-9.6.pom
[INFO] Downloading from central: https://repo.maven.apache.org/maven2/org/ow2/asm/asm-util/9.6/asm-util-9.6.pom
[INFO] Downloaded from central: https://repo.maven.apache.org/maven2/org/ow2/asm/asm-util/9.6/asm-util-9.6.pom (2.9 kB at 77 kB/s)
[INFO] Downloading from eclipse-hosted: https://repo.eclipse.org/content/repositories/eclipse/org/ow2/asm/asm-analysis/9.6/asm-analysis-9.6.pom
[INFO] Downloading from central: https://repo.maven.apache.org/maven2/org/ow2/asm/asm-analysis/9.6/asm-analysis-9.6.pom
[INFO] Downloaded from central: https://repo.maven.apache.org/maven2/org/ow2/asm/asm-analysis/9.6/asm-analysis-9.6.pom (2.6 kB at 38 kB/s)
[INFO] 
[INFO] --- clean:3.5.0:clean (default-clean) @ org.eclipse.jdt.debug.ui ---
[INFO] 
[INFO] --- tycho-packaging:5.0.3:build-qualifier (default-build-qualifier) @ org.eclipse.jdt.debug.ui ---
[INFO] The project's OSGi version is 3.15.500.v20261007-1312
[INFO] 
[INFO] --- tycho-packaging:5.0.3:validate-id (default-validate-id) @ org.eclipse.jdt.debug.ui ---
[INFO] 
[INFO] --- tycho-packaging:5.0.3:validate-version (default-validate-version) @ org.eclipse.jdt.debug.ui ---
[INFO] 
[INFO] --- target-platform-configuration:5.0.3:target-platform (default-target-platform) @ org.eclipse.jdt.debug.ui ---
[INFO] 
[INFO] --- tycho-compiler:5.0.3:validate-classpath (default-validate-classpath) @ org.eclipse.jdt.debug.ui ---
[INFO] Resolving class path of org.eclipse.jdt.debug.ui
[INFO] 
[INFO] --- resources:3.5.0:resources (default-resources) @ org.eclipse.jdt.debug.ui ---
[INFO] skip non existing resourceDirectory /home/runner/work/eclipse.jdt.debug/eclipse.jdt.debug/org.eclipse.jdt.debug.ui/src/main/resources
[INFO] 
[INFO] --- tycho-compiler:5.0.3:compile (default-compile) @ org.eclipse.jdt.debug.ui ---
[INFO] Compiling 449 source files to /home/runner/work/eclipse.jdt.debug/eclipse.jdt.debug/org.eclipse.jdt.debug.ui/target/classes using Eclipse Compiler for Java(TM) 3.46.100.v20260826-1225
[WARNING] /home/runner/work/eclipse.jdt.debug/eclipse.jdt.debug/org.eclipse.jdt.debug.ui/ui/org/eclipse/jdt/internal/debug/core/refactoring/ClassPrepareBreakpointTypeChange.java:[61] 
	// TODO - start/end should be adjusted, but can access new CU from model yet
	   ^^^^^^^^^^^^^^^^^^^^^^^^^^^^^^^^^^^^^^^^^^^^^^^^^^^^^^^^^^^^^^^^^^^^^^^^^
TODO - start/end should be adjusted, but can access new CU from model yet
[WARNING] /home/runner/work/eclipse.jdt.debug/eclipse.jdt.debug/org.eclipse.jdt.debug.ui/ui/org/eclipse/jdt/internal/debug/ui/DebugWorkingCopyManager.java:[41] 
	//TODO Using JDT UI internal code here, see bug 151260 for more information
	  ^^^^^^^^^^^^^^^^^^^^^^^^^^^^^^^^^^^^^^^^^^^^^^^^^^^^^^^^^^^^^^^^^^^^^^^^^
TODO Using JDT UI internal code here, see bug 151260 for more information
[WARNING] /home/runner/work/eclipse.jdt.debug/eclipse.jdt.debug/org.eclipse.jdt.debug.ui/ui/org/eclipse/jdt/internal/debug/ui/HeapWalkingPreferencePage.java:[63] 
	// TODO: Help must be updated
	   ^^^^^^^^^^^^^^^^^^^^^^^^^^
TODO: Help must be updated
[WARNING] /home/runner/work/eclipse.jdt.debug/eclipse.jdt.debug/org.eclipse.jdt.debug.ui/ui/org/eclipse/jdt/internal/debug/ui/JDIContentAssistPreference.java:[231] 
	// XXX not yet supported
	   ^^^^^^^^^^^^^^^^^^^^^
XXX not yet supported
[WARNING] /home/runner/work/eclipse.jdt.debug/eclipse.jdt.debug/org.eclipse.jdt.debug.ui/ui/org/eclipse/jdt/internal/debug/ui/JDIDebugUIPlugin.java:[645] 
	dialog.setElements(packageList.toArray()); // XXX inefficient
	                                              ^^^^^^^^^^^^^^^
XXX inefficient
[WARNING] /home/runner/work/eclipse.jdt.debug/eclipse.jdt.debug/org.eclipse.jdt.debug.ui/ui/org/eclipse/jdt/internal/debug/ui/JDIModelPresentation.java:[1679] 
	//TODO remove the cast once the API freeze has thawed
	  ^^^^^^^^^^^^^^^^^^^^^^^^^^^^^^^^^^^^^^^^^^^^^^^^^^^
TODO remove the cast once the API freeze has thawed
[WARNING] /home/runner/work/eclipse.jdt.debug/eclipse.jdt.debug/org.eclipse.jdt.debug.ui/ui/org/eclipse/jdt/internal/debug/ui/JDISourceViewer.java:[341] 
	// XXX: Alternatively, we could apply TextLayout. Pros would be full
	   ^^^^^^^^^^^^^^^^^^^^^^^^^^^^^^^^^^^^^^^^^^^^^^^^^^^^^^^^^^^^^^^^^
XXX: Alternatively, we could apply TextLayout. Pros would be full
[WARNING] /home/runner/work/eclipse.jdt.debug/eclipse.jdt.debug/org.eclipse.jdt.debug.ui/ui/org/eclipse/jdt/internal/debug/ui/JavaWordFinder.java:[60] 
	* XXX: Here we should create the code point and test whether it is a Java
	  ^^^^^^^^^^^^^^^^^^^^^^^^^^^^^^^^^^^^^^^^^^^^^^^^^^^^^^^^^^^^^^^^^^^^^^^
XXX: Here we should create the code point and test whether it is a Java
[WARNING] /home/runner/work/eclipse.jdt.debug/eclipse.jdt.debug/org.eclipse.jdt.debug.ui/ui/org/eclipse/jdt/internal/debug/ui/actions/DisplayAction.java:[121] 
	* TODO: illegal internal reference to IInternalDebugUIConstants
	  ^^^^^^^^^^^^^^^^^^^^^^^^^^^^^^^^^^^^^^^^^^^^^^^^^^^^^^^^^^^^^
TODO: illegal internal reference to IInternalDebugUIConstants
[WARNING] /home/runner/work/eclipse.jdt.debug/eclipse.jdt.debug/org.eclipse.jdt.debug.ui/ui/org/eclipse/jdt/internal/debug/ui/actions/OpenFromClipboardAction.java:[624] 
	* TODO: Because of faster performance SearchEngine.searchAllTypeNames(...) is used to do the
	  ^^^^^^^^^^^^^^^^^^^^^^^^^^^^^^^^^^^^^^^^^^^^^^^^^^^^^^^^^^^^^^^^^^^^^^^^^^^^^^^^^^^^^^^^^^
TODO: Because of faster performance SearchEngine.searchAllTypeNames(...) is used to do the
[WARNING] /home/runner/work/eclipse.jdt.debug/eclipse.jdt.debug/org.eclipse.jdt.debug.ui/ui/org/eclipse/jdt/internal/debug/ui/actions/OpenFromClipboardAction.java:[664] 
	* TODO: Because of faster performance, if the type name is available
	  ^^^^^^^^^^^^^^^^^^^^^^^^^^^^^^^^^^^^^^^^^^^^^^^^^^^^^^^^^^^^^^^^^^
TODO: Because of faster performance, if the type name is available
[WARNING] /home/runner/work/eclipse.jdt.debug/eclipse.jdt.debug/org.eclipse.jdt.debug.ui/ui/org/eclipse/jdt/internal/debug/ui/actions/ToggleBreakpointAdapter.java:[1896] 
	TemplateContextType contextType = JavaPlugin.getDefault().getTemplateContextRegistry().getContextType(JavaContextType.ID_STATEMENTS);
	                                                                                       ^^^^^^^^^^^^^^
The method getContextType(String) from the type ContextTypeRegistry is deprecated
[WARNING] /home/runner/work/eclipse.jdt.debug/eclipse.jdt.debug/org.eclipse.jdt.debug.ui/ui/org/eclipse/jdt/internal/debug/ui/actions/ToggleBreakpointAdapter.java:[1926] 
	CompilationUnitContextType cuContextType = (CompilationUnitContextType) JavaPlugin.getDefault().getTemplateContextRegistry().getContextType(template.getContextTypeId());
	                                                                                                                             ^^^^^^^^^^^^^^
The method getContextType(String) from the type ContextTypeRegistry is deprecated
[WARNING] /home/runner/work/eclipse.jdt.debug/eclipse.jdt.debug/org.eclipse.jdt.debug.ui/ui/org/eclipse/jdt/internal/debug/ui/contentassist/JavaDebugContentAssistProcessor.java:[61] 
	TemplateContextType contextType= JavaPlugin.getDefault().getTemplateContextRegistry().getContextType(JavaContextType.ID_ALL);
	                                                                                      ^^^^^^^^^^^^^^
The method getContextType(String) from the type ContextTypeRegistry is deprecated
[WARNING] /home/runner/work/eclipse.jdt.debug/eclipse.jdt.debug/org.eclipse.jdt.debug.ui/ui/org/eclipse/jdt/internal/debug/ui/contentassist/JavaDebugContentAssistProcessor.java:[65] 
	contextType = JavaPlugin.getDefault().getTemplateContextRegistry().getContextType(JavaContextType.ID_STATEMENTS);
	                                                                   ^^^^^^^^^^^^^^
The method getContextType(String) from the type ContextTypeRegistry is deprecated
[WARNING] /home/runner/work/eclipse.jdt.debug/eclipse.jdt.debug/org.eclipse.jdt.debug.ui/ui/org/eclipse/jdt/internal/debug/ui/display/DisplayView.java:[315] 
	//TODO: Still using "old" resource access
	  ^^^^^^^^^^^^^^^^^^^^^^^^^^^^^^^^^^^^^^^
TODO: Still using "old" resource access
[WARNING] /home/runner/work/eclipse.jdt.debug/eclipse.jdt.debug/org.eclipse.jdt.debug.ui/ui/org/eclipse/jdt/internal/debug/ui/jres/ExecutionEnvironmentsPreferencePage.java:[156] 
	// TODO: fix help
	   ^^^^^^^^^^^^^^
TODO: fix help
[WARNING] /home/runner/work/eclipse.jdt.debug/eclipse.jdt.debug/org.eclipse.jdt.debug.ui/ui/org/eclipse/jdt/internal/debug/ui/launcher/AbstractJavaMainTab.java:[209] 
	//CONTEXTLAUNCHING
	  ^^^^^^^^^^^^^^^^
CONTEXTLAUNCHING
[WARNING] /home/runner/work/eclipse.jdt.debug/eclipse.jdt.debug/org.eclipse.jdt.debug.ui/ui/org/eclipse/jdt/internal/debug/ui/launcher/RuntimeClasspathEntryLabelProvider.java:[86] 
	//TODO: check for invalid paths and change image
	  ^^^^^^^^^^^^^^^^^^^^^^^^^^^^^^^^^^^^^^^^^^^^^^
TODO: check for invalid paths and change image
[WARNING] /home/runner/work/eclipse.jdt.debug/eclipse.jdt.debug/org.eclipse.jdt.debug.ui/ui/org/eclipse/jdt/internal/debug/ui/monitors/JavaContendedMonitor.java:[122] 
	//CONTEXTLAUNCHING
	  ^^^^^^^^^^^^^^^^
CONTEXTLAUNCHING
[WARNING] /home/runner/work/eclipse.jdt.debug/eclipse.jdt.debug/org.eclipse.jdt.debug.ui/ui/org/eclipse/jdt/internal/debug/ui/monitors/JavaOwnedMonitor.java:[137] 
	//CONTEXTLAUNCHING
	  ^^^^^^^^^^^^^^^^
CONTEXTLAUNCHING
[WARNING] /home/runner/work/eclipse.jdt.debug/eclipse.jdt.debug/org.eclipse.jdt.debug.ui/ui/org/eclipse/jdt/internal/debug/ui/monitors/JavaOwningThread.java:[122] 
	//CONTEXTLAUNCHING
	  ^^^^^^^^^^^^^^^^
CONTEXTLAUNCHING
[WARNING] /home/runner/work/eclipse.jdt.debug/eclipse.jdt.debug/org.eclipse.jdt.debug.ui/ui/org/eclipse/jdt/internal/debug/ui/monitors/JavaWaitingThread.java:[117] 
	//CONTEXTLAUNCHING
	  ^^^^^^^^^^^^^^^^
CONTEXTLAUNCHING
[WARNING] /home/runner/work/eclipse.jdt.debug/eclipse.jdt.debug/org.eclipse.jdt.debug.ui/ui/org/eclipse/jdt/internal/debug/ui/snippeteditor/JavaSnippetCompletionProcessor.java:[56] 
	TemplateContextType contextType= JavaPlugin.getDefault().getTemplateContextRegistry().getContextType("java"); //$NON-NLS-1$
	                                                                                      ^^^^^^^^^^^^^^
The method getContextType(String) from the type ContextTypeRegistry is deprecated
24 problems (null, 24 warnings)
[INFO] 
[INFO] --- tycho-bnd:5.0.3:process (default-process) @ org.eclipse.jdt.debug.ui ---
[INFO] 
[INFO] --- tycho-ds:5.0.3:declarative-services (default-declarative-services) @ org.eclipse.jdt.debug.ui ---
[INFO] 
[INFO] --- tycho-apitools:5.0.3:generate (generate) @ org.eclipse.jdt.debug.ui ---
[INFO] 
[INFO] --- resources:3.5.0:testResources (default-testResources) @ org.eclipse.jdt.debug.ui ---
[INFO] skip non existing resourceDirectory /home/runner/work/eclipse.jdt.debug/eclipse.jdt.debug/org.eclipse.jdt.debug.ui/src/test/resources
[INFO] 
[INFO] --- tycho-compiler:5.0.3:testCompile (default-testCompile) @ org.eclipse.jdt.debug.ui ---
[INFO] 
[INFO] --- tycho-packaging:5.0.3:update-consumer-pom (default-update-consumer-pom) @ org.eclipse.jdt.debug.ui ---
[INFO] 
[INFO] --- tycho-source:5.0.3:plugin-source (plugin-source) @ org.eclipse.jdt.debug.ui ---
[INFO] Building jar: /home/runner/work/eclipse.jdt.debug/eclipse.jdt.debug/org.eclipse.jdt.debug.ui/target/org.eclipse.jdt.debug.ui-3.15.500-SNAPSHOT-sources.jar
[INFO] 
[INFO] --- tycho-packaging:5.0.3:package-plugin (default-package-plugin) @ org.eclipse.jdt.debug.ui ---
[INFO] Building jar: /home/runner/work/eclipse.jdt.debug/eclipse.jdt.debug/org.eclipse.jdt.debug.ui/target/org.eclipse.jdt.debug.ui-3.15.500-SNAPSHOT.jar
[INFO] 
[INFO] --- tycho-p2-plugin:5.0.3:p2-metadata-default (default-p2-metadata-default) @ org.eclipse.jdt.debug.ui ---
[INFO] No baseline version org.eclipse.jdt:org.eclipse.jdt.debug.ui:eclipse-plugin:3.15.500-SNAPSHOT
[INFO] 
[INFO] --- tycho-p2-extras:5.0.3:compare-version-with-baselines (compare-attached-artifacts-with-release) @ org.eclipse.jdt.debug.ui ---
[INFO] Execution was skipped
[INFO] 
[INFO] ------------< org.eclipse.jdt:org.eclipse.jdt.debug.tests >-------------
[INFO] Building org.eclipse.jdt.debug.tests 3.12.1000-SNAPSHOT            [5/5]
[INFO]   from org.eclipse.jdt.debug.tests/pom.xml
[INFO] ------------------------[ eclipse-test-plugin ]-------------------------
[INFO] 
[INFO] --- clean:3.5.0:clean (default-clean) @ org.eclipse.jdt.debug.tests ---
[INFO] 
[INFO] --- tycho-packaging:5.0.3:build-qualifier (default-build-qualifier) @ org.eclipse.jdt.debug.tests ---
[INFO] The project's OSGi version is 3.12.1000.v20261007-1312
[INFO] 
[INFO] --- tycho-packaging:5.0.3:validate-id (default-validate-id) @ org.eclipse.jdt.debug.tests ---
[INFO] 
[INFO] --- tycho-packaging:5.0.3:validate-version (default-validate-version) @ org.eclipse.jdt.debug.tests ---
[INFO] 
[INFO] --- target-platform-configuration:5.0.3:target-platform (default-target-platform) @ org.eclipse.jdt.debug.tests ---
[INFO] 
[INFO] --- tycho-compiler:5.0.3:validate-classpath (default-validate-classpath) @ org.eclipse.jdt.debug.tests ---
[INFO] Resolving class path of org.eclipse.jdt.debug.tests
[INFO] 
[INFO] --- resources:3.5.0:resources (default-resources) @ org.eclipse.jdt.debug.tests ---
[INFO] skip non existing resourceDirectory /home/runner/work/eclipse.jdt.debug/eclipse.jdt.debug/org.eclipse.jdt.debug.tests/src/main/resources
[INFO] 
[INFO] --- tycho-compiler:5.0.3:compile (default-compile) @ org.eclipse.jdt.debug.tests ---
[INFO] Compiling 364 source files to /home/runner/work/eclipse.jdt.debug/eclipse.jdt.debug/org.eclipse.jdt.debug.tests/target/classes using Eclipse Compiler for Java(TM) 3.46.100.v20260826-1225
[WARNING] /home/runner/work/eclipse.jdt.debug/eclipse.jdt.debug/org.eclipse.jdt.debug.tests/tests/org/eclipse/jdt/debug/tests/AutomatedSuite.java:[309] 
	//TODO: project rename
	  ^^^^^^^^^^^^^^^^^^^^
TODO: project rename
[WARNING] /home/runner/work/eclipse.jdt.debug/eclipse.jdt.debug/org.eclipse.jdt.debug.tests/tests/org/eclipse/jdt/debug/tests/AutomatedSuite.java:[310] 
	//TODO: package move
	  ^^^^^^^^^^^^^^^^^^
TODO: package move
[WARNING] /home/runner/work/eclipse.jdt.debug/eclipse.jdt.debug/org.eclipse.jdt.debug.tests/tests/org/eclipse/jdt/debug/tests/breakpoints/ConditionalBreakpointsInJava8Tests.java:[122] 
	* TODO: disabled until a fix is available
	  ^^^^^^^^^^^^^^^^^^^^^^^^^^^^^^^^^^^^^^^
TODO: disabled until a fix is available
[WARNING] /home/runner/work/eclipse.jdt.debug/eclipse.jdt.debug/org.eclipse.jdt.debug.tests/tests/org/eclipse/jdt/debug/tests/core/RuntimeClasspathEntryTests.java:[78] 
	* XXX: test waiting for bug fix in JCORE - unable to bind container if there
	  ^^^^^^^^^^^^^^^^^^^^^^^^^^^^^^^^^^^^^^^^^^^^^^^^^^^^^^^^^^^^^^^^^^^^^^^^^^
XXX: test waiting for bug fix in JCORE - unable to bind container if there
[WARNING] /home/runner/work/eclipse.jdt.debug/eclipse.jdt.debug/org.eclipse.jdt.debug.tests/tests/org/eclipse/jdt/debug/tests/core/StratumTests.java:[52] 
	// TODO ideally need to check "if NN or newer"
	   ^^^^^^^^^^^^^^^^^^^^^^^^^^^^^^^^^^^^^^^^^^^
TODO ideally need to check "if NN or newer"
[WARNING] /home/runner/work/eclipse.jdt.debug/eclipse.jdt.debug/org.eclipse.jdt.debug.tests/tests/org/eclipse/jdt/debug/tests/core/VMInstallTests.java:[284] 
	// Ignore this test. TODO: remove this once this is a JUnit-4 or later test that handles assumptions correctly
	                     ^^^^^^^^^^^^^^^^^^^^^^^^^^^^^^^^^^^^^^^^^^^^^^^^^^^^^^^^^^^^^^^^^^^^^^^^^^^^^^^^^^^^^^^^^
TODO: remove this once this is a JUnit-4 or later test that handles assumptions correctly
[WARNING] /home/runner/work/eclipse.jdt.debug/eclipse.jdt.debug/org.eclipse.jdt.debug.tests/tests/org/eclipse/jdt/debug/tests/refactoring/RenameInnerTypeUnitTests.java:[124] 
	* @param type TODO
	              ^^^^
TODO
[WARNING] /home/runner/work/eclipse.jdt.debug/eclipse.jdt.debug/org.eclipse.jdt.debug.tests/tests/org/eclipse/jdt/debug/tests/refactoring/RenameNonPublicTypeUnitTests.java:[128] 
	* @param type TODO
	              ^^^^
TODO
[WARNING] /home/runner/work/eclipse.jdt.debug/eclipse.jdt.debug/org.eclipse.jdt.debug.tests/tests/org/eclipse/jdt/debug/tests/refactoring/RenamePublicTypeUnitTests.java:[65] 
	*            TODO
	             ^^^^
TODO
[WARNING] /home/runner/work/eclipse.jdt.debug/eclipse.jdt.debug/org.eclipse.jdt.debug.tests/tests/org/eclipse/jdt/debug/tests/refactoring/RenamePublicTypeUnitTests.java:[153] 
	* @param type TODO
	              ^^^^
TODO
[WARNING] /home/runner/work/eclipse.jdt.debug/eclipse.jdt.debug/org.eclipse.jdt.debug.tests/tests/org/eclipse/jdt/debug/tests/ui/InstructionPointerManagerTests.java:[383] 
	// TODO Selection of the other target does not occur automatically.  This functionality may change and will break this test.
	   ^^^^^^^^^^^^^^^^^^^^^^^^^^^^^^^^^^^^^^^^^^^^^^^^^^^^^^^^^^^^^^^^^^^^^^^^^^^^^^^^^^^^^^^^^^^^^^^^^^^^^^^^^^^^^^^^^^^^^^^^^
TODO Selection of the other target does not occur automatically.  This functionality may change and will break this test.
[WARNING] /home/runner/work/eclipse.jdt.debug/eclipse.jdt.debug/org.eclipse.jdt.debug.tests/tests/org/eclipse/jdt/debug/tests/ui/OpenFromClipboardTests.java:[454] 
	// TODO: This currently fails. see https://bugs.eclipse.org/bugs/show_bug.cgi?id=333948
	   ^^^^^^^^^^^^^^^^^^^^^^^^^^^^^^^^^^^^^^^^^^^^^^^^^^^^^^^^^^^^^^^^^^^^^^^^^^^^^^^^^^^^
TODO: This currently fails. see https://bugs.eclipse.org/bugs/show_bug.cgi?id=333948
[WARNING] /home/runner/work/eclipse.jdt.debug/eclipse.jdt.debug/org.eclipse.jdt.debug.tests/tests/org/eclipse/jdt/debug/tests/ui/presentation/TestIJavaVariable.java:[95] 
	// TODO Auto-generated method stub
	   ^^^^^^^^^^^^^^^^^^^^^^^^^^^^^^^
TODO Auto-generated method stub
13 problems (null, 13 warnings)
[INFO] 
[INFO] --- tycho-ds:5.0.3:declarative-services (default-declarative-services) @ org.eclipse.jdt.debug.tests ---
[INFO] 
[INFO] --- tycho-apitools:5.0.3:generate (generate) @ org.eclipse.jdt.debug.tests ---
[INFO] 
[INFO] --- resources:3.5.0:testResources (default-testResources) @ org.eclipse.jdt.debug.tests ---
[INFO] skip non existing resourceDirectory /home/runner/work/eclipse.jdt.debug/eclipse.jdt.debug/org.eclipse.jdt.debug.tests/src/test/resources
[INFO] 
[INFO] --- tycho-packaging:5.0.3:update-consumer-pom (default-update-consumer-pom) @ org.eclipse.jdt.debug.tests ---
[INFO] 
[INFO] --- tycho-source:5.0.3:plugin-source (plugin-source) @ org.eclipse.jdt.debug.tests ---
[INFO] Building jar: /home/runner/work/eclipse.jdt.debug/eclipse.jdt.debug/org.eclipse.jdt.debug.tests/target/org.eclipse.jdt.debug.tests-3.12.1000-SNAPSHOT-sources.jar
[INFO] 
[INFO] --- tycho-packaging:5.0.3:package-plugin (default-package-plugin) @ org.eclipse.jdt.debug.tests ---
[INFO] Building jar: /home/runner/work/eclipse.jdt.debug/eclipse.jdt.debug/org.eclipse.jdt.debug.tests/javadebugtests.jar
[INFO] Building jar: /home/runner/work/eclipse.jdt.debug/eclipse.jdt.debug/org.eclipse.jdt.debug.tests/target/org.eclipse.jdt.debug.tests-3.12.1000-SNAPSHOT.jar
[INFO] 
[INFO] --- tycho-p2-plugin:5.0.3:p2-metadata-default (default-p2-metadata-default) @ org.eclipse.jdt.debug.tests ---
[INFO] No baseline version org.eclipse.jdt:org.eclipse.jdt.debug.tests:eclipse-test-plugin:3.12.1000-SNAPSHOT
[INFO] 
[INFO] --- tycho-surefire:5.0.3:test (default-test) @ org.eclipse.jdt.debug.tests ---
[INFO] Selected test framework junit (5.0.0) with provider junit5vintage [5.12.0,6.0.0)
[INFO] Executing test runtime with timeout (seconds): 1200, logs, if any, will be placed at: /home/runner/work/eclipse.jdt.debug/eclipse.jdt.debug/org.eclipse.jdt.debug.tests/target/work/data/.metadata/.log
[INFO] Command line: /opt/hostedtoolcache/Java_Temurin-Hotspot_jdk/21.0.12-1/x64/bin/java -Dosgi.noShutdown=false -Dosgi.os=linux -Dosgi.ws=gtk -Dosgi.arch=x86_64 --add-modules=ALL-SYSTEM -Dosgi.clean=true -Declipse.test.screenshot_directory=/home/runner/work/eclipse.jdt.debug/eclipse.jdt.debug/org.eclipse.jdt.debug.tests/target/screenshots -ea -jar /home/runner/.m2/repository/p2/osgi/bundle/org.eclipse.equinox.launcher/1.8.0.v20260804-1928/org.eclipse.equinox.launcher-1.8.0.v20260804-1928.jar -data /home/runner/work/eclipse.jdt.debug/eclipse.jdt.debug/org.eclipse.jdt.debug.tests/target/work/data -install /home/runner/work/eclipse.jdt.debug/eclipse.jdt.debug/org.eclipse.jdt.debug.tests/target/work -configuration /home/runner/work/eclipse.jdt.debug/eclipse.jdt.debug/org.eclipse.jdt.debug.tests/target/work/configuration -application org.eclipse.tycho.surefire.osgibooter.uitest -testproperties /home/runner/work/eclipse.jdt.debug/eclipse.jdt.debug/org.eclipse.jdt.debug.tests/target/surefire.properties -consoleLog -timeout 1200000
WARNING: Using incubator modules: jdk.incubator.vector

(java:3895): dbind-WARNING **: 13:16:36.306: AT-SPI: Error retrieving accessibility bus address: org.freedesktop.DBus.Error.ServiceUnknown: The name org.a11y.Bus was not provided by any .service files
!SESSION 2026-10-07 13:16:30.889 -----------------------------------------------
eclipse.buildId=unknown
java.version=21.0.12.1
java.vendor=Eclipse Adoptium
BootLoader constants: OS=linux, ARCH=x86_64, WS=gtk, NL=en
Framework arguments:  -application org.eclipse.tycho.surefire.osgibooter.uitest -testproperties /home/runner/work/eclipse.jdt.debug/eclipse.jdt.debug/org.eclipse.jdt.debug.tests/target/surefire.properties -timeout 1200000
Command-line arguments:  -data /home/runner/work/eclipse.jdt.debug/eclipse.jdt.debug/org.eclipse.jdt.debug.tests/target/work/data -application org.eclipse.tycho.surefire.osgibooter.uitest -testproperties /home/runner/work/eclipse.jdt.debug/eclipse.jdt.debug/org.eclipse.jdt.debug.tests/target/surefire.properties -consoleLog -timeout 1200000

!ENTRY org.eclipse.e4.ui.css.swt.theme 2 0 2026-10-07 13:16:37.708
!MESSAGE Theme 'org.eclipse.e4.ui.css.theme.e4_default' not found; falling back to default theme.

!ENTRY org.eclipse.tycho.surefire.osgibooter 1 0 2026-10-07 13:16:39.656
!MESSAGE starting DumpStackTracesTimer with timeout=1080000 at 2026-10-07 13:16:39 +0000
Running org.eclipse.jdt.debug.tests.PinnedFieldsSuite
13:16:40.062 SETTING UP TESTS
13:16:40.066 SETUP PinnedFieldsTests.testPinIsPersisted

!ENTRY org.eclipse.jdt.debug 1 0 2026-10-07 13:16:40.538
!MESSAGE VM added temurin-21-jdk-amd64, location: /usr/lib/jvm/temurin-21-jdk-amd64
13:16:46.685 TDOWN PinnedFieldsTests.testPinIsPersisted
13:16:46.783 SETUP PinnedFieldsTests.testPinnedFieldsAreFirstInPinOrder
13:16:47.641 TDOWN PinnedFieldsTests.testPinnedFieldsAreFirstInPinOrder
13:16:47.702 SETUP PinnedFieldsTests.testPinOrderIsRestoredFromPreference
13:16:48.567 TDOWN PinnedFieldsTests.testPinOrderIsRestoredFromPreference
13:16:48.621 SETUP PinnedFieldsTests.testUnpin
13:16:49.519 TDOWN PinnedFieldsTests.testUnpin
13:16:49.581 SETUP PinnedFieldsTests.testUnpinAll
13:16:50.480 TDOWN PinnedFieldsTests.testUnpinAll
13:16:50.527 SETUP PinnedFieldsTests.testMovePin
13:16:51.427 TDOWN PinnedFieldsTests.testMovePin
13:16:51.465 SETUP PinnedFieldsTests.testNothingPinned
13:16:52.360 TDOWN PinnedFieldsTests.testNothingPinned
13:16:52.409 SETUP PinnedFieldsTests.testPinDoesNotApplyToHidingField
13:16:53.308 TDOWN PinnedFieldsTests.testPinDoesNotApplyToHidingField
13:16:53.340 SETUP PinnedFieldsTests.testPinAppliesToSubtypes
13:16:54.181 TDOWN PinnedFieldsTests.testPinAppliesToSubtypes
13:16:54.217 SETUP PinnedFieldsTests.testMovePinAtBoundaries
13:16:55.004 TDOWN PinnedFieldsTests.testMovePinAtBoundaries
13:16:55.032 SETUP PinnedFieldsTests.testMovePinSkipsPinsNotDisplayed
13:16:55.924 TDOWN PinnedFieldsTests.testMovePinSkipsPinsNotDisplayed
13:16:55.958 SETUP PinnedFieldsEdgeCaseTests.testConcurrentReadsAndWrites
13:16:56.739 TDOWN PinnedFieldsEdgeCaseTests.testConcurrentReadsAndWrites
13:16:56.774 SETUP PinnedFieldsEdgeCaseTests.testPinIsKeptInNewDebugSession
13:16:58.562 TDOWN PinnedFieldsEdgeCaseTests.testPinIsKeptInNewDebugSession
13:16:58.592 SETUP PinnedFieldsEdgeCaseTests.testTerminatedTarget
13:16:59.439 TDOWN PinnedFieldsEdgeCaseTests.testTerminatedTarget
13:16:59.459 SETUP PinnedFieldsEdgeCaseTests.testFieldOfJdkClass
13:17:00.240 TDOWN PinnedFieldsEdgeCaseTests.testFieldOfJdkClass
13:17:00.268 SETUP PinnedFieldsEdgeCaseTests.testFieldOfGenericClass
13:17:01.000 TDOWN PinnedFieldsEdgeCaseTests.testFieldOfGenericClass
13:17:01.035 SETUP PinnedFieldsEdgeCaseTests.testPinnedStaticFieldIsNotShownWhenStaticsAreHidden
13:17:01.817 TDOWN PinnedFieldsEdgeCaseTests.testPinnedStaticFieldIsNotShownWhenStaticsAreHidden
13:17:01.851 SETUP PinnedFieldsEdgeCaseTests.testPinnedStaticFieldWhenStaticsAreShown
13:17:02.633 TDOWN PinnedFieldsEdgeCaseTests.testPinnedStaticFieldWhenStaticsAreShown
13:17:02.663 SETUP PinnedFieldsEdgeCaseTests.testPrimitiveAndNullFields
13:17:03.547 TDOWN PinnedFieldsEdgeCaseTests.testPrimitiveAndNullFields
13:17:03.575 SETUP PinnedFieldsEdgeCaseTests.testPinIsKeptAfterStep
13:17:04.708 TDOWN PinnedFieldsEdgeCaseTests.testPinIsKeptAfterStep
13:17:04.761 SETUP PinnedFieldsEdgeCaseTests.testFieldOfInnerClass
13:17:05.554 TDOWN PinnedFieldsEdgeCaseTests.testFieldOfInnerClass
13:17:05.586 SETUP PinnedFieldsEdgeCaseTests.testInvalidPreferenceValues
13:17:06.319 TDOWN PinnedFieldsEdgeCaseTests.testInvalidPreferenceValues
13:17:06.347 SETUP PinnedFieldsEdgeCaseTests.testArrayEntriesAreNotReordered
13:17:07.123 TDOWN PinnedFieldsEdgeCaseTests.testArrayEntriesAreNotReordered
13:17:07.165 SETUP PinnedFieldsViewTests.testMultipleSelection
13:17:09.752 TDOWN PinnedFieldsViewTests.testMultipleSelection
13:17:09.763 SETUP PinnedFieldsViewTests.testLocalVariableCannotBePinned
13:17:11.250 TDOWN PinnedFieldsViewTests.testLocalVariableCannotBePinned
13:17:11.258 SETUP PinnedFieldsViewTests.testMovePinOfStaticFieldsInStaticFrame
13:17:12.928 TDOWN PinnedFieldsViewTests.testMovePinOfStaticFieldsInStaticFrame
13:17:12.940 SETUP PinnedFieldsViewTests.testNoErrorForOtherSelections
13:17:14.770 TDOWN PinnedFieldsViewTests.testNoErrorForOtherSelections
13:17:14.783 SETUP PinnedFieldsViewTests.testPinInExpressionsView
13:17:16.245 TDOWN PinnedFieldsViewTests.testPinInExpressionsView
13:17:16.255 SETUP PinnedFieldsViewTests.testPinToTop
13:17:17.883 TDOWN PinnedFieldsViewTests.testPinToTop
13:17:17.890 SETUP PinnedFieldsViewTests.testUnpinAll
13:17:19.516 TDOWN PinnedFieldsViewTests.testUnpinAll
13:17:19.525 SETUP PinnedFieldsViewTests.testMovePin
13:17:21.334 TDOWN PinnedFieldsViewTests.testMovePin
13:17:21.342 SETUP PinnedFieldsRealInputTests.testRealUserInteraction
Context menu mnemonics: {a=[Select All], c=[Change Value...], d=[Show Details As], e=[Inspect], f=[Find..., Open Field Declaration], h=[Open Declared Type Hierarchy], i=[Instance Breakpoints...], l=[Set Object Label...], m=[Move Pin Up], n=[Move Pin Down], o=[Open Declared Type], p=[Pin to Top], r=[All References...], s=[Unpin All Fields], t=[All Instances..., Watch], u=[Instance Count...], v=[Copy Variable], w=[New Detail Formatter..., Toggle Watchpoint]}
13:17:59.653 TDOWN PinnedFieldsRealInputTests.testRealUserInteraction
Tests run: 32, Failures: 0, Errors: 0, Skipped: 0, Time elapsed: 79.62 s -- in org.eclipse.jdt.debug.tests.PinnedFieldsSuite
org.eclipse.jdt.debug.tests.PinnedFieldsSuite.testPinIsPersisted -- Time elapsed: 6.722 s
org.eclipse.jdt.debug.tests.PinnedFieldsSuite.testPinnedFieldsAreFirstInPinOrder -- Time elapsed: 0.918 s
org.eclipse.jdt.debug.tests.PinnedFieldsSuite.testPinOrderIsRestoredFromPreference -- Time elapsed: 0.918 s
org.eclipse.jdt.debug.tests.PinnedFieldsSuite.testUnpin -- Time elapsed: 0.959 s
org.eclipse.jdt.debug.tests.PinnedFieldsSuite.testUnpinAll -- Time elapsed: 0.945 s
org.eclipse.jdt.debug.tests.PinnedFieldsSuite.testMovePin -- Time elapsed: 0.938 s
org.eclipse.jdt.debug.tests.PinnedFieldsSuite.testNothingPinned -- Time elapsed: 0.942 s
org.eclipse.jdt.debug.tests.PinnedFieldsSuite.testPinDoesNotApplyToHidingField -- Time elapsed: 0.930 s
org.eclipse.jdt.debug.tests.PinnedFieldsSuite.testPinAppliesToSubtypes -- Time elapsed: 0.876 s
org.eclipse.jdt.debug.tests.PinnedFieldsSuite.testMovePinAtBoundaries -- Time elapsed: 0.815 s
org.eclipse.jdt.debug.tests.PinnedFieldsSuite.testMovePinSkipsPinsNotDisplayed -- Time elapsed: 0.924 s
org.eclipse.jdt.debug.tests.PinnedFieldsSuite.testConcurrentReadsAndWrites -- Time elapsed: 0.813 s
org.eclipse.jdt.debug.tests.PinnedFieldsSuite.testPinIsKeptInNewDebugSession -- Time elapsed: 1.818 s
org.eclipse.jdt.debug.tests.PinnedFieldsSuite.testTerminatedTarget -- Time elapsed: 0.866 s
org.eclipse.jdt.debug.tests.PinnedFieldsSuite.testFieldOfJdkClass -- Time elapsed: 0.808 s
org.eclipse.jdt.debug.tests.PinnedFieldsSuite.testFieldOfGenericClass -- Time elapsed: 0.766 s
org.eclipse.jdt.debug.tests.PinnedFieldsSuite.testPinnedStaticFieldIsNotShownWhenStaticsAreHidden -- Time elapsed: 0.816 s
org.eclipse.jdt.debug.tests.PinnedFieldsSuite.testPinnedStaticFieldWhenStaticsAreShown -- Time elapsed: 0.811 s
org.eclipse.jdt.debug.tests.PinnedFieldsSuite.testPrimitiveAndNullFields -- Time elapsed: 0.912 s
org.eclipse.jdt.debug.tests.PinnedFieldsSuite.testPinIsKeptAfterStep -- Time elapsed: 1.182 s
org.eclipse.jdt.debug.tests.PinnedFieldsSuite.testFieldOfInnerClass -- Time elapsed: 0.824 s
org.eclipse.jdt.debug.tests.PinnedFieldsSuite.testInvalidPreferenceValues -- Time elapsed: 0.760 s
org.eclipse.jdt.debug.tests.PinnedFieldsSuite.testArrayEntriesAreNotReordered -- Time elapsed: 0.818 s
org.eclipse.jdt.debug.tests.PinnedFieldsSuite.testMultipleSelection -- Time elapsed: 2.597 s
org.eclipse.jdt.debug.tests.PinnedFieldsSuite.testLocalVariableCannotBePinned -- Time elapsed: 1.494 s
org.eclipse.jdt.debug.tests.PinnedFieldsSuite.testMovePinOfStaticFieldsInStaticFrame -- Time elapsed: 1.681 s
org.eclipse.jdt.debug.tests.PinnedFieldsSuite.testNoErrorForOtherSelections -- Time elapsed: 1.842 s
org.eclipse.jdt.debug.tests.PinnedFieldsSuite.testPinInExpressionsView -- Time elapsed: 1.471 s
org.eclipse.jdt.debug.tests.PinnedFieldsSuite.testPinToTop -- Time elapsed: 1.634 s
org.eclipse.jdt.debug.tests.PinnedFieldsSuite.testUnpinAll -- Time elapsed: 1.634 s
org.eclipse.jdt.debug.tests.PinnedFieldsSuite.testMovePin -- Time elapsed: 1.816 s
org.eclipse.jdt.debug.tests.PinnedFieldsSuite.testRealUserInteraction -- Time elapsed: 38.32 s

Results:

Tests run: 32, Failures: 0, Errors: 0, Skipped: 0


!ENTRY org.eclipse.core.resources 2 10035 2026-10-07 13:18:00.456
!MESSAGE The workspace will exit with unsaved changes in this session.
[INFO] 
[INFO] --- tycho-p2-extras:5.0.3:compare-version-with-baselines (compare-attached-artifacts-with-release) @ org.eclipse.jdt.debug.tests ---
[INFO] Execution was skipped
[INFO] ------------------------------------------------------------------------
[INFO] Reactor Summary:
[INFO] 
[INFO] eclipse.jdt.debug 4.41.0-SNAPSHOT .................. SUCCESS [  0.311 s]
[INFO] [bundle] JDI Debug Model 3.26.100-SNAPSHOT ......... SUCCESS [ 59.064 s]
[INFO] org.eclipse.jdt.launching 3.24.300-SNAPSHOT ........ SUCCESS [  2.806 s]
[INFO] org.eclipse.jdt.debug.ui 3.15.500-SNAPSHOT ......... SUCCESS [ 28.991 s]
[INFO] org.eclipse.jdt.debug.tests 3.12.1000-SNAPSHOT ..... SUCCESS [02:00 min]
[INFO] ------------------------------------------------------------------------
[INFO] BUILD SUCCESS
[INFO] ------------------------------------------------------------------------
[INFO] Total time:  04:01 min
[INFO] Finished at: 2026-10-07T13:18:00Z
[INFO] ------------------------------------------------------------------------
